medication_id,location_id,risk_score,risk_level,predicted_stockout_date,days_to_stockout,primary_risk_factors,contributing_factors,mitigating_factors,confidence,recommended_review
MED001,LOC001,75.0,HIGH,2026-08-31,0.0,Acute low inventory buffer (0.0 days of supply on hand); Active replenishment purchase order delayed by carrier/supplier,High-criticality life-saving clinical medication,"Regional surplus available at South Ambulatory & Surgical Center (39 units, 78.0 DOS); Alternate certified supplier available with normal lead time (2d)",0.95,Rebalance regional network: initiate lateral transfer of 10 units from South Ambulatory & Surgical Center immediately.
MED001,LOC002,24.3,LOW,2026-09-26,26.5,None,Moderate inventory buffer (9.6 days of supply); High-criticality life-saving clinical medication,"Confirmed inbound PO (410 units) arriving in 2d from reliable vendor (96%); Regional surplus available at South Ambulatory & Surgical Center (39 units, 78.0 DOS); Alternate certified supplier available with normal lead time (2d)",0.95,No escalation required; inbound shipment (410 units) confirmed on schedule arriving in 2d. Maintain standard monitoring.
MED001,LOC003,78.3,HIGH,2026-09-03,3.2,Depleted inventory buffer (3.3 days of supply on hand); Active replenishment purchase order delayed by carrier/supplier,High-criticality life-saving clinical medication,"Regional surplus available at South Ambulatory & Surgical Center (39 units, 78.0 DOS); Alternate certified supplier available with normal lead time (2d)",0.95,Rebalance regional network: initiate lateral transfer of 10 units from South Ambulatory & Surgical Center immediately.
MED001,LOC004,40.1,MEDIUM,2026-09-23,23.1,Active replenishment purchase order delayed by carrier/supplier,High-criticality life-saving clinical medication,"Regional surplus available at South Ambulatory & Surgical Center (39 units, 78.0 DOS); Alternate certified supplier available with normal lead time (2d)",0.95,Emerging supply vulnerability. Review reorder thresholds and schedule early replenishment order.
MED001,LOC005,15.0,LOW,2026-09-24,24.4,None,Moderate inventory buffer (8.7 days of supply); High-criticality life-saving clinical medication,"Confirmed inbound PO (330 units) arriving in 1d from reliable vendor (96%); Regional surplus available at South Ambulatory & Surgical Center (39 units, 78.0 DOS); Alternate certified supplier available with normal lead time (2d)",0.95,No escalation required; inbound shipment (330 units) confirmed on schedule arriving in 1d. Maintain standard monitoring.
MED001,LOC006,97.9,CRITICAL,2026-08-31,0.0,Acute low inventory buffer (0.0 days of supply on hand); Active replenishment purchase order delayed by carrier/supplier,High-criticality life-saving clinical medication,"Regional surplus available at South Ambulatory & Surgical Center (39 units, 78.0 DOS); Alternate certified supplier available with normal lead time (2d)",0.95,"Declare acute critical shortage, expedite secondary supplier emergency PO, and execute urgent stock transfer of 11 units from South Ambulatory & Surgical Center."
MED001,LOC007,42.4,MEDIUM,,,Active replenishment purchase order delayed by carrier/supplier,High-criticality life-saving clinical medication,Alternate certified supplier available with normal lead time (2d),0.95,Emerging supply vulnerability. Review reorder thresholds and schedule early replenishment order.
MED002,LOC001,11.0,LOW,2026-09-25,25.5,None,High-criticality life-saving clinical medication,"Regional surplus available at Metro Memorial Health - Main (692 units, 19.6 DOS); Alternate certified supplier available with normal lead time (7d)",0.95,Inventory and supply chain parameters within normal operating thresholds. Maintain standard replenishment cycle.
MED002,LOC002,46.2,MEDIUM,2026-09-18,18.0,Active replenishment purchase order delayed by carrier/supplier,High-criticality life-saving clinical medication,"Regional surplus available at Metro Memorial Health - Main (692 units, 19.6 DOS); Alternate certified supplier available with normal lead time (7d)",0.95,Emerging supply vulnerability. Review reorder thresholds and schedule early replenishment order.
MED002,LOC003,39.3,MEDIUM,2026-09-20,20.0,Active replenishment purchase order delayed by carrier/supplier,High-criticality life-saving clinical medication,Alternate certified supplier available with normal lead time (7d),0.95,Emerging supply vulnerability. Review reorder thresholds and schedule early replenishment order.
MED002,LOC004,40.0,MEDIUM,2026-09-20,20.4,Active replenishment purchase order delayed by carrier/supplier,High-criticality life-saving clinical medication,"Regional surplus available at Metro Memorial Health - Main (692 units, 19.6 DOS); Alternate certified supplier available with normal lead time (7d)",0.95,Emerging supply vulnerability. Review reorder thresholds and schedule early replenishment order.
MED002,LOC005,39.7,MEDIUM,2026-09-15,15.0,Active replenishment purchase order delayed by carrier/supplier,High-criticality life-saving clinical medication,"Regional surplus available at Metro Memorial Health - Main (692 units, 19.6 DOS); Alternate certified supplier available with normal lead time (7d)",0.95,Emerging supply vulnerability. Review reorder thresholds and schedule early replenishment order.
MED002,LOC006,11.0,LOW,2026-09-25,25.7,None,High-criticality life-saving clinical medication,"Regional surplus available at Metro Memorial Health - Main (692 units, 19.6 DOS); Alternate certified supplier available with normal lead time (7d)",0.95,Inventory and supply chain parameters within normal operating thresholds. Maintain standard replenishment cycle.
MED002,LOC007,40.9,MEDIUM,2026-09-20,20.3,Active replenishment purchase order delayed by carrier/supplier,High-criticality life-saving clinical medication,"Regional surplus available at Metro Memorial Health - Main (692 units, 19.6 DOS); Alternate certified supplier available with normal lead time (7d)",0.95,Emerging supply vulnerability. Review reorder thresholds and schedule early replenishment order.
MED003,LOC001,39.5,MEDIUM,2026-09-18,18.5,Active replenishment purchase order delayed by carrier/supplier,High-criticality life-saving clinical medication,"Regional surplus available at South Ambulatory & Surgical Center (17 units, 58.6 DOS); Alternate certified supplier available with normal lead time (3d)",0.95,Emerging supply vulnerability. Review reorder thresholds and schedule early replenishment order.
MED003,LOC002,56.8,HIGH,2026-09-11,11.1,Active replenishment purchase order delayed by carrier/supplier,High-criticality life-saving clinical medication,"Regional surplus available at South Ambulatory & Surgical Center (17 units, 58.6 DOS); Alternate certified supplier available with normal lead time (3d)",0.95,Rebalance regional network: initiate lateral transfer of 10 units from South Ambulatory & Surgical Center immediately.
MED003,LOC003,39.6,MEDIUM,2026-09-17,17.5,Active replenishment purchase order delayed by carrier/supplier,High-criticality life-saving clinical medication,"Regional surplus available at South Ambulatory & Surgical Center (17 units, 58.6 DOS); Alternate certified supplier available with normal lead time (3d)",0.95,Emerging supply vulnerability. Review reorder thresholds and schedule early replenishment order.
MED003,LOC004,48.0,MEDIUM,2026-09-09,9.5,Active replenishment purchase order delayed by carrier/supplier,Accelerating utilization (+35.6% 7d vs 30d usage); High-criticality life-saving clinical medication,"Regional surplus available at South Ambulatory & Surgical Center (17 units, 58.6 DOS); Alternate certified supplier available with normal lead time (3d)",0.95,Classify as emerging risk (+35.6% demand surge); dynamically adjust safety stock baseline upwards and trigger automated replenishment PO 5 days ahead of schedule.
MED003,LOC005,40.2,MEDIUM,2026-09-17,17.0,Active replenishment purchase order delayed by carrier/supplier,High-criticality life-saving clinical medication,"Regional surplus available at South Ambulatory & Surgical Center (17 units, 58.6 DOS); Alternate certified supplier available with normal lead time (3d)",0.95,Emerging supply vulnerability. Review reorder thresholds and schedule early replenishment order.
MED003,LOC006,39.3,MEDIUM,2026-09-18,18.8,Active replenishment purchase order delayed by carrier/supplier,High-criticality life-saving clinical medication,"Regional surplus available at South Ambulatory & Surgical Center (17 units, 58.6 DOS); Alternate certified supplier available with normal lead time (3d)",0.95,Emerging supply vulnerability. Review reorder thresholds and schedule early replenishment order.
MED003,LOC007,45.0,MEDIUM,,,Active replenishment purchase order delayed by carrier/supplier,High-criticality life-saving clinical medication,Alternate certified supplier available with normal lead time (3d),0.95,Emerging supply vulnerability. Review reorder thresholds and schedule early replenishment order.
MED004,LOC001,39.4,MEDIUM,2026-09-19,19.0,Active replenishment purchase order delayed by carrier/supplier,High-criticality life-saving clinical medication,"Regional surplus available at St. Jude Children's Pavilion (110 units, 38.5 DOS); Alternate certified supplier available with normal lead time (4d)",0.95,Emerging supply vulnerability. Review reorder thresholds and schedule early replenishment order.
MED004,LOC002,11.5,LOW,2026-09-27,27.1,None,High-criticality life-saving clinical medication,"Regional surplus available at St. Jude Children's Pavilion (110 units, 38.5 DOS); Alternate certified supplier available with normal lead time (4d)",0.95,Inventory and supply chain parameters within normal operating thresholds. Maintain standard replenishment cycle.
MED004,LOC003,15.0,LOW,2026-09-22,22.3,None,Moderate inventory buffer (7.2 days of supply); High-criticality life-saving clinical medication,"Confirmed inbound PO (280 units) arriving in 1d from reliable vendor (96%); Regional surplus available at St. Jude Children's Pavilion (110 units, 38.5 DOS); Alternate certified supplier available with normal lead time (4d)",0.95,No escalation required; inbound shipment (280 units) confirmed on schedule arriving in 1d. Maintain standard monitoring.
MED004,LOC004,40.6,MEDIUM,2026-10-07,37.1,Active replenishment purchase order delayed by carrier/supplier,High-criticality life-saving clinical medication,Alternate certified supplier available with normal lead time (4d),0.95,Emerging supply vulnerability. Review reorder thresholds and schedule early replenishment order.
MED004,LOC005,39.9,MEDIUM,2026-09-17,17.7,Active replenishment purchase order delayed by carrier/supplier,High-criticality life-saving clinical medication,"Regional surplus available at St. Jude Children's Pavilion (110 units, 38.5 DOS); Alternate certified supplier available with normal lead time (4d)",0.95,Emerging supply vulnerability. Review reorder thresholds and schedule early replenishment order.
MED004,LOC006,49.8,MEDIUM,2026-09-12,12.2,Active replenishment purchase order delayed by carrier/supplier,High-criticality life-saving clinical medication,"Regional surplus available at St. Jude Children's Pavilion (110 units, 38.5 DOS); Alternate certified supplier available with normal lead time (4d)",0.95,Emerging supply vulnerability. Review reorder thresholds and schedule early replenishment order.
MED004,LOC007,42.9,MEDIUM,2026-09-16,16.3,Active replenishment purchase order delayed by carrier/supplier,High-criticality life-saving clinical medication,"Regional surplus available at St. Jude Children's Pavilion (110 units, 38.5 DOS); Alternate certified supplier available with normal lead time (4d)",0.95,Emerging supply vulnerability. Review reorder thresholds and schedule early replenishment order.
MED005,LOC001,11.1,LOW,2026-09-27,27.5,None,High-criticality life-saving clinical medication,"Regional surplus available at South Ambulatory & Surgical Center (38 units, 59.4 DOS); Alternate certified supplier available with normal lead time (4d)",0.95,Inventory and supply chain parameters within normal operating thresholds. Maintain standard replenishment cycle.
MED005,LOC002,24.2,LOW,2026-09-23,23.2,None,Moderate inventory buffer (8.9 days of supply); High-criticality life-saving clinical medication,"Regional surplus available at South Ambulatory & Surgical Center (38 units, 59.4 DOS); Alternate certified supplier available with normal lead time (4d)",0.95,Inventory and supply chain parameters within normal operating thresholds. Maintain standard replenishment cycle.
MED005,LOC003,39.4,MEDIUM,2026-09-19,19.9,Active replenishment purchase order delayed by carrier/supplier,High-criticality life-saving clinical medication,"Regional surplus available at South Ambulatory & Surgical Center (38 units, 59.4 DOS); Alternate certified supplier available with normal lead time (4d)",0.95,Emerging supply vulnerability. Review reorder thresholds and schedule early replenishment order.
MED005,LOC004,12.5,LOW,2026-10-04,34.3,None,High-criticality life-saving clinical medication,"Regional surplus available at South Ambulatory & Surgical Center (38 units, 59.4 DOS); Alternate certified supplier available with normal lead time (4d)",0.95,Inventory and supply chain parameters within normal operating thresholds. Maintain standard replenishment cycle.
MED005,LOC005,11.6,LOW,2026-09-28,28.4,None,High-criticality life-saving clinical medication,"Regional surplus available at South Ambulatory & Surgical Center (38 units, 59.4 DOS); Alternate certified supplier available with normal lead time (4d)",0.95,Inventory and supply chain parameters within normal operating thresholds. Maintain standard replenishment cycle.
MED005,LOC006,49.7,MEDIUM,2026-09-13,13.8,Active replenishment purchase order delayed by carrier/supplier,High-criticality life-saving clinical medication,"Regional surplus available at South Ambulatory & Surgical Center (38 units, 59.4 DOS); Alternate certified supplier available with normal lead time (4d)",0.95,Emerging supply vulnerability. Review reorder thresholds and schedule early replenishment order.
MED005,LOC007,48.0,MEDIUM,,,Severe demand acceleration (+114.3% 7d vs 30d usage); Active replenishment purchase order delayed by carrier/supplier,High-criticality life-saving clinical medication,Alternate certified supplier available with normal lead time (4d),0.95,Classify as emerging risk (+114.3% demand surge); dynamically adjust safety stock baseline upwards and trigger automated replenishment PO 5 days ahead of schedule.
MED006,LOC001,39.2,MEDIUM,2026-09-16,16.2,Active replenishment purchase order delayed by carrier/supplier,High-criticality life-saving clinical medication,"Regional surplus available at Metro Memorial Health - Main (1124 units, 20.4 DOS); Alternate certified supplier available with normal lead time (5d)",0.95,Emerging supply vulnerability. Review reorder thresholds and schedule early replenishment order.
MED006,LOC002,49.7,MEDIUM,2026-09-13,13.7,Active replenishment purchase order delayed by carrier/supplier,High-criticality life-saving clinical medication,"Regional surplus available at Metro Memorial Health - Main (1124 units, 20.4 DOS); Alternate certified supplier available with normal lead time (5d)",0.95,Emerging supply vulnerability. Review reorder thresholds and schedule early replenishment order.
MED006,LOC003,39.2,MEDIUM,2026-09-19,19.8,Active replenishment purchase order delayed by carrier/supplier,High-criticality life-saving clinical medication,Alternate certified supplier available with normal lead time (5d),0.95,Emerging supply vulnerability. Review reorder thresholds and schedule early replenishment order.
MED006,LOC004,15.0,LOW,2026-09-23,23.7,None,Moderate inventory buffer (9.0 days of supply); High-criticality life-saving clinical medication,"Confirmed inbound PO (150 units) arriving in 1d from reliable vendor (98%); Regional surplus available at Metro Memorial Health - Main (1124 units, 20.4 DOS); Alternate certified supplier available with normal lead time (5d)",0.95,No escalation required; inbound shipment (150 units) confirmed on schedule arriving in 1d. Maintain standard monitoring.
MED006,LOC005,11.1,LOW,2026-09-26,26.5,None,High-criticality life-saving clinical medication,"Regional surplus available at Metro Memorial Health - Main (1124 units, 20.4 DOS); Alternate certified supplier available with normal lead time (5d)",0.95,Inventory and supply chain parameters within normal operating thresholds. Maintain standard replenishment cycle.
MED006,LOC006,15.0,LOW,2026-09-24,24.2,None,Moderate inventory buffer (8.3 days of supply); High-criticality life-saving clinical medication,"Confirmed inbound PO (1210 units) arriving in 1d from reliable vendor (98%); Regional surplus available at Metro Memorial Health - Main (1124 units, 20.4 DOS); Alternate certified supplier available with normal lead time (5d)",0.95,No escalation required; inbound shipment (1210 units) confirmed on schedule arriving in 1d. Maintain standard monitoring.
MED006,LOC007,48.0,MEDIUM,2026-09-14,14.6,Active replenishment purchase order delayed by carrier/supplier,Accelerating utilization (+28.6% 7d vs 30d usage); High-criticality life-saving clinical medication,"Regional surplus available at Metro Memorial Health - Main (1124 units, 20.4 DOS); Alternate certified supplier available with normal lead time (5d)",0.95,Classify as emerging risk (+28.6% demand surge); dynamically adjust safety stock baseline upwards and trigger automated replenishment PO 5 days ahead of schedule.
MED007,LOC001,49.5,MEDIUM,2026-09-12,12.4,Active replenishment purchase order delayed by carrier/supplier,High-criticality life-saving clinical medication,"Regional surplus available at Westside Community Hospital (532 units, 19.0 DOS); Alternate certified supplier available with normal lead time (3d)",0.95,Emerging supply vulnerability. Review reorder thresholds and schedule early replenishment order.
MED007,LOC002,49.7,MEDIUM,2026-09-13,13.9,Active replenishment purchase order delayed by carrier/supplier,High-criticality life-saving clinical medication,"Regional surplus available at Westside Community Hospital (532 units, 19.0 DOS); Alternate certified supplier available with normal lead time (3d)",0.95,Emerging supply vulnerability. Review reorder thresholds and schedule early replenishment order.
MED007,LOC003,15.0,LOW,2026-09-26,26.2,Active replenishment purchase order delayed by carrier/supplier,Moderate inventory buffer (8.3 days of supply); High-criticality life-saving clinical medication,"Confirmed inbound PO (1220 units) arriving in 1d from reliable vendor (95%); Regional surplus available at Westside Community Hospital (532 units, 19.0 DOS); Alternate certified supplier available with normal lead time (3d)",0.95,No escalation required; inbound shipment (1220 units) confirmed on schedule arriving in 1d. Maintain standard monitoring.
MED007,LOC004,56.7,HIGH,2026-09-09,9.5,Active replenishment purchase order delayed by carrier/supplier,High-criticality life-saving clinical medication,"Regional surplus available at Westside Community Hospital (532 units, 19.0 DOS); Alternate certified supplier available with normal lead time (3d)",0.95,Rebalance regional network: initiate lateral transfer of 106 units from Westside Community Hospital immediately.
MED007,LOC005,39.4,MEDIUM,2026-09-18,18.6,Active replenishment purchase order delayed by carrier/supplier,High-criticality life-saving clinical medication,Alternate certified supplier available with normal lead time (3d),0.95,Emerging supply vulnerability. Review reorder thresholds and schedule early replenishment order.
MED007,LOC006,49.5,MEDIUM,2026-09-12,12.4,Active replenishment purchase order delayed by carrier/supplier,High-criticality life-saving clinical medication,"Regional surplus available at Westside Community Hospital (532 units, 19.0 DOS); Alternate certified supplier available with normal lead time (3d)",0.95,Emerging supply vulnerability. Review reorder thresholds and schedule early replenishment order.
MED007,LOC007,50.5,MEDIUM,2026-09-14,14.2,Active replenishment purchase order delayed by carrier/supplier,High-criticality life-saving clinical medication,"Regional surplus available at Westside Community Hospital (532 units, 19.0 DOS); Alternate certified supplier available with normal lead time (3d)",0.95,Emerging supply vulnerability. Review reorder thresholds and schedule early replenishment order.
MED008,LOC001,39.3,MEDIUM,2026-10-15,45.1,Active replenishment purchase order delayed by carrier/supplier,High-criticality life-saving clinical medication,Alternate certified supplier available with normal lead time (5d),0.95,Emerging supply vulnerability. Review reorder thresholds and schedule early replenishment order.
MED008,LOC002,15.0,LOW,2026-09-25,25.1,None,Moderate inventory buffer (9.6 days of supply); High-criticality life-saving clinical medication,"Confirmed inbound PO (220 units) arriving in 1d from reliable vendor (96%); Regional surplus available at Central Academic Medical Center (1756 units, 45.8 DOS); Alternate certified supplier available with normal lead time (5d)",0.95,No escalation required; inbound shipment (220 units) confirmed on schedule arriving in 1d. Maintain standard monitoring.
MED008,LOC003,39.4,MEDIUM,2026-09-18,18.3,Active replenishment purchase order delayed by carrier/supplier,High-criticality life-saving clinical medication,"Regional surplus available at Central Academic Medical Center (1756 units, 45.8 DOS); Alternate certified supplier available with normal lead time (5d)",0.95,Emerging supply vulnerability. Review reorder thresholds and schedule early replenishment order.
MED008,LOC004,40.1,MEDIUM,2026-09-27,27.1,Active replenishment purchase order delayed by carrier/supplier,High-criticality life-saving clinical medication,"Regional surplus available at Central Academic Medical Center (1756 units, 45.8 DOS); Alternate certified supplier available with normal lead time (5d)",0.95,Emerging supply vulnerability. Review reorder thresholds and schedule early replenishment order.
MED008,LOC005,75.0,HIGH,2026-08-31,0.0,Acute low inventory buffer (0.0 days of supply on hand); Active replenishment purchase order delayed by carrier/supplier,High-criticality life-saving clinical medication,"Regional surplus available at Central Academic Medical Center (1756 units, 45.8 DOS); Alternate certified supplier available with normal lead time (5d)",0.95,Rebalance regional network: initiate lateral transfer of 125 units from Central Academic Medical Center immediately.
MED008,LOC006,39.3,MEDIUM,2026-09-21,21.8,Active replenishment purchase order delayed by carrier/supplier,High-criticality life-saving clinical medication,"Regional surplus available at Central Academic Medical Center (1756 units, 45.8 DOS); Alternate certified supplier available with normal lead time (5d)",0.95,Emerging supply vulnerability. Review reorder thresholds and schedule early replenishment order.
MED008,LOC007,63.8,HIGH,2026-09-07,7.0,Active replenishment purchase order delayed by carrier/supplier,Moderate inventory buffer (6.3 days of supply); High-criticality life-saving clinical medication,"Regional surplus available at Central Academic Medical Center (1756 units, 45.8 DOS); Alternate certified supplier available with normal lead time (5d)",0.95,Rebalance regional network: initiate lateral transfer of 100 units from Central Academic Medical Center immediately.
MED009,LOC001,38.1,MEDIUM,2026-09-13,13.3,Active replenishment purchase order delayed by carrier/supplier,None,"Regional surplus available at Valley Regional Trauma Center (1711 units, 22.7 DOS); Alternate certified supplier available with normal lead time (4d)",0.95,Emerging supply vulnerability. Review reorder thresholds and schedule early replenishment order.
MED009,LOC002,18.4,LOW,2026-09-26,26.2,None,Moderate inventory buffer (9.6 days of supply),"Confirmed inbound PO (700 units) arriving in 2d from reliable vendor (95%); Regional surplus available at Valley Regional Trauma Center (1711 units, 22.7 DOS); Alternate certified supplier available with normal lead time (4d)",0.95,No escalation required; inbound shipment (700 units) confirmed on schedule arriving in 2d. Maintain standard monitoring.
MED009,LOC003,38.1,MEDIUM,2026-09-13,13.3,Active replenishment purchase order delayed by carrier/supplier,None,"Regional surplus available at Valley Regional Trauma Center (1711 units, 22.7 DOS); Alternate certified supplier available with normal lead time (4d)",0.95,Emerging supply vulnerability. Review reorder thresholds and schedule early replenishment order.
MED009,LOC004,30.4,MEDIUM,2026-09-16,16.7,Active replenishment purchase order delayed by carrier/supplier,None,"Regional surplus available at Valley Regional Trauma Center (1711 units, 22.7 DOS); Alternate certified supplier available with normal lead time (4d)",0.95,Emerging supply vulnerability. Review reorder thresholds and schedule early replenishment order.
MED009,LOC005,30.1,MEDIUM,2026-09-19,19.5,Active replenishment purchase order delayed by carrier/supplier,None,"Regional surplus available at Valley Regional Trauma Center (1711 units, 22.7 DOS); Alternate certified supplier available with normal lead time (4d)",0.95,Emerging supply vulnerability. Review reorder thresholds and schedule early replenishment order.
MED009,LOC006,30.1,MEDIUM,2026-09-22,22.2,Active replenishment purchase order delayed by carrier/supplier,None,Alternate certified supplier available with normal lead time (4d),0.95,Emerging supply vulnerability. Review reorder thresholds and schedule early replenishment order.
MED009,LOC007,38.9,MEDIUM,2026-09-28,28.7,Active replenishment purchase order delayed by carrier/supplier,None,"Confirmed inbound PO (100 units) arriving in 2d from reliable vendor (95%); Regional surplus available at Valley Regional Trauma Center (1711 units, 22.7 DOS); Alternate certified supplier available with normal lead time (4d)",0.95,Emerging supply vulnerability. Review reorder thresholds and schedule early replenishment order.
MED010,LOC001,8.4,LOW,2026-09-28,28.1,None,None,"Regional surplus available at Valley Regional Trauma Center (925 units, 20.9 DOS); Alternate certified supplier available with normal lead time (4d)",0.95,Inventory and supply chain parameters within normal operating thresholds. Maintain standard replenishment cycle.
MED010,LOC002,38.2,MEDIUM,2026-09-13,13.4,Active replenishment purchase order delayed by carrier/supplier,None,"Regional surplus available at Valley Regional Trauma Center (925 units, 20.9 DOS); Alternate certified supplier available with normal lead time (4d)",0.95,Emerging supply vulnerability. Review reorder thresholds and schedule early replenishment order.
MED010,LOC003,15.0,LOW,2026-09-27,27.1,None,Moderate inventory buffer (9.9 days of supply),"Confirmed inbound PO (800 units) arriving in 1d from reliable vendor (95%); Regional surplus available at Valley Regional Trauma Center (925 units, 20.9 DOS); Alternate certified supplier available with normal lead time (4d)",0.95,No escalation required; inbound shipment (800 units) confirmed on schedule arriving in 1d. Maintain standard monitoring.
MED010,LOC004,30.6,MEDIUM,2026-09-22,22.9,Active replenishment purchase order delayed by carrier/supplier,None,"Regional surplus available at Valley Regional Trauma Center (925 units, 20.9 DOS); Alternate certified supplier available with normal lead time (4d)",0.95,Emerging supply vulnerability. Review reorder thresholds and schedule early replenishment order.
MED010,LOC005,30.3,MEDIUM,2026-09-15,15.4,Active replenishment purchase order delayed by carrier/supplier,None,"Regional surplus available at Valley Regional Trauma Center (925 units, 20.9 DOS); Alternate certified supplier available with normal lead time (4d)",0.95,Emerging supply vulnerability. Review reorder thresholds and schedule early replenishment order.
MED010,LOC006,30.2,MEDIUM,2026-09-21,21.2,Active replenishment purchase order delayed by carrier/supplier,None,Alternate certified supplier available with normal lead time (4d),0.95,Emerging supply vulnerability. Review reorder thresholds and schedule early replenishment order.
MED010,LOC007,31.0,MEDIUM,2026-09-18,18.4,Active replenishment purchase order delayed by carrier/supplier,None,"Regional surplus available at Valley Regional Trauma Center (925 units, 20.9 DOS); Alternate certified supplier available with normal lead time (4d)",0.95,Emerging supply vulnerability. Review reorder thresholds and schedule early replenishment order.
MED011,LOC001,39.2,MEDIUM,2026-09-17,17.5,Active replenishment purchase order delayed by carrier/supplier,High-criticality life-saving clinical medication,Alternate certified supplier available with normal lead time (5d),0.95,Emerging supply vulnerability. Review reorder thresholds and schedule early replenishment order.
MED011,LOC002,39.9,MEDIUM,2026-09-20,20.8,Active replenishment purchase order delayed by carrier/supplier,High-criticality life-saving clinical medication,"Regional surplus available at Central Academic Medical Center (640 units, 17.2 DOS); Alternate certified supplier available with normal lead time (5d)",0.95,Emerging supply vulnerability. Review reorder thresholds and schedule early replenishment order.
MED011,LOC003,49.9,MEDIUM,2026-09-15,15.5,Active replenishment purchase order delayed by carrier/supplier,High-criticality life-saving clinical medication,"Regional surplus available at Central Academic Medical Center (640 units, 17.2 DOS); Alternate certified supplier available with normal lead time (5d)",0.95,Emerging supply vulnerability. Review reorder thresholds and schedule early replenishment order.
MED011,LOC004,18.5,LOW,2026-09-24,24.6,None,High-criticality life-saving clinical medication,"Confirmed inbound PO (80 units) arriving in 2d from reliable vendor (95%); Regional surplus available at Central Academic Medical Center (640 units, 17.2 DOS); Alternate certified supplier available with normal lead time (5d)",0.95,No escalation required; inbound shipment (80 units) confirmed on schedule arriving in 2d. Maintain standard monitoring.
MED011,LOC005,56.6,HIGH,2026-09-13,13.9,Active replenishment purchase order delayed by carrier/supplier,High-criticality life-saving clinical medication,"Regional surplus available at Central Academic Medical Center (640 units, 17.2 DOS); Alternate certified supplier available with normal lead time (5d)",0.95,Rebalance regional network: initiate lateral transfer of 128 units from Central Academic Medical Center immediately.
MED011,LOC006,39.4,MEDIUM,2026-09-15,15.3,Active replenishment purchase order delayed by carrier/supplier,High-criticality life-saving clinical medication,"Regional surplus available at Central Academic Medical Center (640 units, 17.2 DOS); Alternate certified supplier available with normal lead time (5d)",0.95,Emerging supply vulnerability. Review reorder thresholds and schedule early replenishment order.
MED011,LOC007,40.4,MEDIUM,2026-09-15,15.7,Active replenishment purchase order delayed by carrier/supplier,High-criticality life-saving clinical medication,"Regional surplus available at Central Academic Medical Center (640 units, 17.2 DOS); Alternate certified supplier available with normal lead time (5d)",0.95,Emerging supply vulnerability. Review reorder thresholds and schedule early replenishment order.
MED012,LOC001,39.2,MEDIUM,2026-09-24,24.1,Active replenishment purchase order delayed by carrier/supplier,High-criticality life-saving clinical medication,Alternate certified supplier available with normal lead time (4d),0.95,Emerging supply vulnerability. Review reorder thresholds and schedule early replenishment order.
MED012,LOC002,49.8,MEDIUM,2026-09-12,12.4,Active replenishment purchase order delayed by carrier/supplier,High-criticality life-saving clinical medication,"Regional surplus available at Central Academic Medical Center (1216 units, 23.8 DOS); Alternate certified supplier available with normal lead time (4d)",0.95,Emerging supply vulnerability. Review reorder thresholds and schedule early replenishment order.
MED012,LOC003,11.0,LOW,2026-09-27,27.2,None,High-criticality life-saving clinical medication,"Regional surplus available at Central Academic Medical Center (1216 units, 23.8 DOS); Alternate certified supplier available with normal lead time (4d)",0.95,Inventory and supply chain parameters within normal operating thresholds. Maintain standard replenishment cycle.
MED012,LOC004,39.8,MEDIUM,2026-09-18,18.5,Active replenishment purchase order delayed by carrier/supplier,High-criticality life-saving clinical medication,"Regional surplus available at Central Academic Medical Center (1216 units, 23.8 DOS); Alternate certified supplier available with normal lead time (4d)",0.95,Emerging supply vulnerability. Review reorder thresholds and schedule early replenishment order.
MED012,LOC005,39.7,MEDIUM,2026-09-19,19.7,Active replenishment purchase order delayed by carrier/supplier,High-criticality life-saving clinical medication,"Regional surplus available at Central Academic Medical Center (1216 units, 23.8 DOS); Alternate certified supplier available with normal lead time (4d)",0.95,Emerging supply vulnerability. Review reorder thresholds and schedule early replenishment order.
MED012,LOC006,39.2,MEDIUM,2026-09-20,20.2,Active replenishment purchase order delayed by carrier/supplier,High-criticality life-saving clinical medication,"Regional surplus available at Central Academic Medical Center (1216 units, 23.8 DOS); Alternate certified supplier available with normal lead time (4d)",0.95,Emerging supply vulnerability. Review reorder thresholds and schedule early replenishment order.
MED012,LOC007,40.4,MEDIUM,2026-09-22,22.7,Active replenishment purchase order delayed by carrier/supplier,High-criticality life-saving clinical medication,"Regional surplus available at Central Academic Medical Center (1216 units, 23.8 DOS); Alternate certified supplier available with normal lead time (4d)",0.95,Emerging supply vulnerability. Review reorder thresholds and schedule early replenishment order.
MED013,LOC001,39.6,MEDIUM,2026-09-20,20.7,Active replenishment purchase order delayed by carrier/supplier,High-criticality life-saving clinical medication,Alternate certified supplier available with normal lead time (5d),0.95,Emerging supply vulnerability. Review reorder thresholds and schedule early replenishment order.
MED013,LOC002,15.0,LOW,2026-09-26,26.6,None,Moderate inventory buffer (9.1 days of supply); High-criticality life-saving clinical medication,Confirmed inbound PO (130 units) arriving in 1d from reliable vendor (93%); Alternate certified supplier available with normal lead time (5d),0.95,No escalation required; inbound shipment (130 units) confirmed on schedule arriving in 1d. Maintain standard monitoring.
MED013,LOC003,46.0,MEDIUM,2026-09-18,18.9,Active replenishment purchase order delayed by carrier/supplier,High-criticality life-saving clinical medication,Alternate certified supplier available with normal lead time (5d),0.95,Emerging supply vulnerability. Review reorder thresholds and schedule early replenishment order.
MED013,LOC004,47.0,MEDIUM,2026-09-15,15.1,Active replenishment purchase order delayed by carrier/supplier,High-criticality life-saving clinical medication,Alternate certified supplier available with normal lead time (5d),0.95,Emerging supply vulnerability. Review reorder thresholds and schedule early replenishment order.
MED013,LOC005,46.4,MEDIUM,2026-09-17,17.1,Active replenishment purchase order delayed by carrier/supplier,High-criticality life-saving clinical medication,Alternate certified supplier available with normal lead time (5d),0.95,Emerging supply vulnerability. Review reorder thresholds and schedule early replenishment order.
MED013,LOC006,11.2,LOW,2026-09-26,26.8,None,High-criticality life-saving clinical medication,Alternate certified supplier available with normal lead time (5d),0.95,Inventory and supply chain parameters within normal operating thresholds. Maintain standard replenishment cycle.
MED013,LOC007,48.0,MEDIUM,2026-09-11,11.1,Active replenishment purchase order delayed by carrier/supplier,Accelerating utilization (+35.3% 7d vs 30d usage); High-criticality life-saving clinical medication,Alternate certified supplier available with normal lead time (5d),0.95,Classify as emerging risk (+35.3% demand surge); dynamically adjust safety stock baseline upwards and trigger automated replenishment PO 5 days ahead of schedule.
MED014,LOC001,39.3,MEDIUM,2026-09-15,15.7,Active replenishment purchase order delayed by carrier/supplier,High-criticality life-saving clinical medication,Alternate certified supplier available with normal lead time (3d),0.95,Emerging supply vulnerability. Review reorder thresholds and schedule early replenishment order.
MED014,LOC002,50.1,MEDIUM,2026-09-16,16.5,Active replenishment purchase order delayed by carrier/supplier,High-criticality life-saving clinical medication,Alternate certified supplier available with normal lead time (3d),0.95,Emerging supply vulnerability. Review reorder thresholds and schedule early replenishment order.
MED014,LOC003,39.5,MEDIUM,2026-09-25,25.4,Active replenishment purchase order delayed by carrier/supplier,High-criticality life-saving clinical medication,Alternate certified supplier available with normal lead time (3d),0.95,Emerging supply vulnerability. Review reorder thresholds and schedule early replenishment order.
MED014,LOC004,46.8,MEDIUM,2026-09-14,14.5,Active replenishment purchase order delayed by carrier/supplier,High-criticality life-saving clinical medication,Alternate certified supplier available with normal lead time (3d),0.95,Emerging supply vulnerability. Review reorder thresholds and schedule early replenishment order.
MED014,LOC005,39.9,MEDIUM,2026-09-18,18.9,Active replenishment purchase order delayed by carrier/supplier,High-criticality life-saving clinical medication,Alternate certified supplier available with normal lead time (3d),0.95,Emerging supply vulnerability. Review reorder thresholds and schedule early replenishment order.
MED014,LOC006,50.0,MEDIUM,2026-09-11,11.8,Active replenishment purchase order delayed by carrier/supplier,High-criticality life-saving clinical medication,Alternate certified supplier available with normal lead time (3d),0.95,Emerging supply vulnerability. Review reorder thresholds and schedule early replenishment order.
MED014,LOC007,52.0,MEDIUM,2026-09-11,11.7,Active replenishment purchase order delayed by carrier/supplier,High-criticality life-saving clinical medication,Alternate certified supplier available with normal lead time (3d),0.95,Emerging supply vulnerability. Review reorder thresholds and schedule early replenishment order.
MED015,LOC001,49.7,MEDIUM,2026-09-12,12.9,Active replenishment purchase order delayed by carrier/supplier,High-criticality life-saving clinical medication,"Regional surplus available at Valley Regional Trauma Center (689 units, 24.5 DOS); Alternate certified supplier available with normal lead time (3d)",0.95,Emerging supply vulnerability. Review reorder thresholds and schedule early replenishment order.
MED015,LOC002,39.6,MEDIUM,2026-09-20,20.9,Active replenishment purchase order delayed by carrier/supplier,High-criticality life-saving clinical medication,"Regional surplus available at Valley Regional Trauma Center (689 units, 24.5 DOS); Alternate certified supplier available with normal lead time (3d)",0.95,Emerging supply vulnerability. Review reorder thresholds and schedule early replenishment order.
MED015,LOC003,39.3,MEDIUM,2026-09-15,15.9,Active replenishment purchase order delayed by carrier/supplier,High-criticality life-saving clinical medication,"Regional surplus available at Valley Regional Trauma Center (689 units, 24.5 DOS); Alternate certified supplier available with normal lead time (3d)",0.95,Emerging supply vulnerability. Review reorder thresholds and schedule early replenishment order.
MED015,LOC004,40.4,MEDIUM,2026-09-26,26.6,Active replenishment purchase order delayed by carrier/supplier,High-criticality life-saving clinical medication,"Regional surplus available at Valley Regional Trauma Center (689 units, 24.5 DOS); Alternate certified supplier available with normal lead time (3d)",0.95,Emerging supply vulnerability. Review reorder thresholds and schedule early replenishment order.
MED015,LOC005,39.6,MEDIUM,2026-09-18,18.1,Active replenishment purchase order delayed by carrier/supplier,High-criticality life-saving clinical medication,"Regional surplus available at Valley Regional Trauma Center (689 units, 24.5 DOS); Alternate certified supplier available with normal lead time (3d)",0.95,Emerging supply vulnerability. Review reorder thresholds and schedule early replenishment order.
MED015,LOC006,39.4,MEDIUM,2026-09-26,26.3,Active replenishment purchase order delayed by carrier/supplier,High-criticality life-saving clinical medication,Alternate certified supplier available with normal lead time (3d),0.95,Emerging supply vulnerability. Review reorder thresholds and schedule early replenishment order.
MED015,LOC007,50.5,MEDIUM,2026-09-11,11.9,Active replenishment purchase order delayed by carrier/supplier,High-criticality life-saving clinical medication,"Regional surplus available at Valley Regional Trauma Center (689 units, 24.5 DOS); Alternate certified supplier available with normal lead time (3d)",0.95,Emerging supply vulnerability. Review reorder thresholds and schedule early replenishment order.
MED016,LOC001,39.2,MEDIUM,2026-09-25,25.2,Active replenishment purchase order delayed by carrier/supplier,High-criticality life-saving clinical medication,"Regional surplus available at Metro Memorial Health - Main (2857 units, 25.3 DOS); Alternate certified supplier available with normal lead time (3d)",0.95,Emerging supply vulnerability. Review reorder thresholds and schedule early replenishment order.
MED016,LOC002,39.2,MEDIUM,2026-09-15,15.5,Active replenishment purchase order delayed by carrier/supplier,High-criticality life-saving clinical medication,"Regional surplus available at Metro Memorial Health - Main (2857 units, 25.3 DOS); Alternate certified supplier available with normal lead time (3d)",0.95,Emerging supply vulnerability. Review reorder thresholds and schedule early replenishment order.
MED016,LOC003,39.2,MEDIUM,2026-09-25,25.0,Active replenishment purchase order delayed by carrier/supplier,High-criticality life-saving clinical medication,Alternate certified supplier available with normal lead time (3d),0.95,Emerging supply vulnerability. Review reorder thresholds and schedule early replenishment order.
MED016,LOC004,15.0,LOW,2026-09-30,30.4,None,Moderate inventory buffer (9.7 days of supply); High-criticality life-saving clinical medication,"Confirmed inbound PO (370 units) arriving in 1d from reliable vendor (99%); Regional surplus available at Metro Memorial Health - Main (2857 units, 25.3 DOS); Alternate certified supplier available with normal lead time (3d)",0.95,No escalation required; inbound shipment (370 units) confirmed on schedule arriving in 1d. Maintain standard monitoring.
MED016,LOC005,39.4,MEDIUM,2026-09-15,15.9,Active replenishment purchase order delayed by carrier/supplier,High-criticality life-saving clinical medication,"Regional surplus available at Metro Memorial Health - Main (2857 units, 25.3 DOS); Alternate certified supplier available with normal lead time (3d)",0.95,Emerging supply vulnerability. Review reorder thresholds and schedule early replenishment order.
MED016,LOC006,39.2,MEDIUM,2026-09-17,17.0,Active replenishment purchase order delayed by carrier/supplier,High-criticality life-saving clinical medication,"Regional surplus available at Metro Memorial Health - Main (2857 units, 25.3 DOS); Alternate certified supplier available with normal lead time (3d)",0.95,Emerging supply vulnerability. Review reorder thresholds and schedule early replenishment order.
MED016,LOC007,40.0,MEDIUM,2026-09-17,17.4,Active replenishment purchase order delayed by carrier/supplier,High-criticality life-saving clinical medication,"Regional surplus available at Metro Memorial Health - Main (2857 units, 25.3 DOS); Alternate certified supplier available with normal lead time (3d)",0.95,Emerging supply vulnerability. Review reorder thresholds and schedule early replenishment order.
MED017,LOC001,39.3,MEDIUM,2026-09-19,19.1,Active replenishment purchase order delayed by carrier/supplier,High-criticality life-saving clinical medication,"Regional surplus available at South Ambulatory & Surgical Center (162 units, 31.5 DOS); Alternate certified supplier available with normal lead time (5d)",0.95,Emerging supply vulnerability. Review reorder thresholds and schedule early replenishment order.
MED017,LOC002,39.3,MEDIUM,2026-09-22,22.9,Active replenishment purchase order delayed by carrier/supplier,High-criticality life-saving clinical medication,"Regional surplus available at South Ambulatory & Surgical Center (162 units, 31.5 DOS); Alternate certified supplier available with normal lead time (5d)",0.95,Emerging supply vulnerability. Review reorder thresholds and schedule early replenishment order.
MED017,LOC003,39.2,MEDIUM,2026-09-18,18.5,Active replenishment purchase order delayed by carrier/supplier,High-criticality life-saving clinical medication,"Regional surplus available at South Ambulatory & Surgical Center (162 units, 31.5 DOS); Alternate certified supplier available with normal lead time (5d)",0.95,Emerging supply vulnerability. Review reorder thresholds and schedule early replenishment order.
MED017,LOC004,39.7,MEDIUM,2026-09-16,16.9,Active replenishment purchase order delayed by carrier/supplier,High-criticality life-saving clinical medication,"Regional surplus available at South Ambulatory & Surgical Center (162 units, 31.5 DOS); Alternate certified supplier available with normal lead time (5d)",0.95,Emerging supply vulnerability. Review reorder thresholds and schedule early replenishment order.
MED017,LOC005,39.3,MEDIUM,2026-09-20,20.7,Active replenishment purchase order delayed by carrier/supplier,High-criticality life-saving clinical medication,"Regional surplus available at South Ambulatory & Surgical Center (162 units, 31.5 DOS); Alternate certified supplier available with normal lead time (5d)",0.95,Emerging supply vulnerability. Review reorder thresholds and schedule early replenishment order.
MED017,LOC006,49.5,MEDIUM,2026-09-14,14.9,Active replenishment purchase order delayed by carrier/supplier,High-criticality life-saving clinical medication,"Regional surplus available at South Ambulatory & Surgical Center (162 units, 31.5 DOS); Alternate certified supplier available with normal lead time (5d)",0.95,Emerging supply vulnerability. Review reorder thresholds and schedule early replenishment order.
MED017,LOC007,40.6,MEDIUM,2026-09-29,29.3,Active replenishment purchase order delayed by carrier/supplier,High-criticality life-saving clinical medication,Alternate certified supplier available with normal lead time (5d),0.95,Emerging supply vulnerability. Review reorder thresholds and schedule early replenishment order.
MED018,LOC001,49.6,MEDIUM,2026-09-11,11.7,Active replenishment purchase order delayed by carrier/supplier,High-criticality life-saving clinical medication,"Regional surplus available at Westside Community Hospital (712 units, 23.1 DOS); Alternate certified supplier available with normal lead time (3d)",0.95,Emerging supply vulnerability. Review reorder thresholds and schedule early replenishment order.
MED018,LOC002,39.2,MEDIUM,2026-09-21,21.7,Active replenishment purchase order delayed by carrier/supplier,High-criticality life-saving clinical medication,"Regional surplus available at Westside Community Hospital (712 units, 23.1 DOS); Alternate certified supplier available with normal lead time (3d)",0.95,Emerging supply vulnerability. Review reorder thresholds and schedule early replenishment order.
MED018,LOC003,39.1,MEDIUM,2026-09-19,19.4,Active replenishment purchase order delayed by carrier/supplier,High-criticality life-saving clinical medication,"Regional surplus available at Westside Community Hospital (712 units, 23.1 DOS); Alternate certified supplier available with normal lead time (3d)",0.95,Emerging supply vulnerability. Review reorder thresholds and schedule early replenishment order.
MED018,LOC004,39.6,MEDIUM,2026-09-16,16.9,Active replenishment purchase order delayed by carrier/supplier,High-criticality life-saving clinical medication,"Regional surplus available at Westside Community Hospital (712 units, 23.1 DOS); Alternate certified supplier available with normal lead time (3d)",0.95,Emerging supply vulnerability. Review reorder thresholds and schedule early replenishment order.
MED018,LOC005,39.3,MEDIUM,2026-09-23,23.2,Active replenishment purchase order delayed by carrier/supplier,High-criticality life-saving clinical medication,Alternate certified supplier available with normal lead time (3d),0.95,Emerging supply vulnerability. Review reorder thresholds and schedule early replenishment order.
MED018,LOC006,49.5,MEDIUM,2026-09-11,11.2,Active replenishment purchase order delayed by carrier/supplier,High-criticality life-saving clinical medication,"Regional surplus available at Westside Community Hospital (712 units, 23.1 DOS); Alternate certified supplier available with normal lead time (3d)",0.95,Emerging supply vulnerability. Review reorder thresholds and schedule early replenishment order.
MED018,LOC007,40.7,MEDIUM,2026-09-24,24.6,Active replenishment purchase order delayed by carrier/supplier,High-criticality life-saving clinical medication,"Regional surplus available at Westside Community Hospital (712 units, 23.1 DOS); Alternate certified supplier available with normal lead time (3d)",0.95,Emerging supply vulnerability. Review reorder thresholds and schedule early replenishment order.
MED019,LOC001,30.2,MEDIUM,2026-09-24,24.5,Active replenishment purchase order delayed by carrier/supplier,None,Alternate certified supplier available with normal lead time (3d),0.95,Emerging supply vulnerability. Review reorder thresholds and schedule early replenishment order.
MED019,LOC002,30.3,MEDIUM,2026-09-24,24.8,Active replenishment purchase order delayed by carrier/supplier,None,"Regional surplus available at Central Academic Medical Center (1799 units, 24.2 DOS); Alternate certified supplier available with normal lead time (3d)",0.95,Emerging supply vulnerability. Review reorder thresholds and schedule early replenishment order.
MED019,LOC003,18.5,LOW,2026-09-27,27.7,None,Moderate inventory buffer (9.9 days of supply),"Confirmed inbound PO (990 units) arriving in 2d from reliable vendor (98%); Regional surplus available at Central Academic Medical Center (1799 units, 24.2 DOS); Alternate certified supplier available with normal lead time (3d)",0.95,No escalation required; inbound shipment (990 units) confirmed on schedule arriving in 2d. Maintain standard monitoring.
MED019,LOC004,35.7,MEDIUM,2026-09-18,18.4,Active replenishment purchase order delayed by carrier/supplier,None,"Regional surplus available at Central Academic Medical Center (1799 units, 24.2 DOS); Alternate certified supplier available with normal lead time (3d)",0.95,Emerging supply vulnerability. Review reorder thresholds and schedule early replenishment order.
MED019,LOC005,30.2,MEDIUM,2026-09-16,16.3,Active replenishment purchase order delayed by carrier/supplier,None,"Regional surplus available at Central Academic Medical Center (1799 units, 24.2 DOS); Alternate certified supplier available with normal lead time (3d)",0.95,Emerging supply vulnerability. Review reorder thresholds and schedule early replenishment order.
MED019,LOC006,30.2,MEDIUM,2026-09-24,24.1,Active replenishment purchase order delayed by carrier/supplier,None,"Regional surplus available at Central Academic Medical Center (1799 units, 24.2 DOS); Alternate certified supplier available with normal lead time (3d)",0.95,Emerging supply vulnerability. Review reorder thresholds and schedule early replenishment order.
MED019,LOC007,31.4,MEDIUM,2026-09-14,14.7,Active replenishment purchase order delayed by carrier/supplier,None,"Regional surplus available at Central Academic Medical Center (1799 units, 24.2 DOS); Alternate certified supplier available with normal lead time (3d)",0.95,Emerging supply vulnerability. Review reorder thresholds and schedule early replenishment order.
MED020,LOC001,30.2,MEDIUM,2026-09-20,20.3,Active replenishment purchase order delayed by carrier/supplier,None,"Regional surplus available at Metro Memorial Health - Main (1061 units, 24.4 DOS); Alternate certified supplier available with normal lead time (5d)",0.95,Emerging supply vulnerability. Review reorder thresholds and schedule early replenishment order.
MED020,LOC002,35.3,MEDIUM,2026-09-19,19.5,Active replenishment purchase order delayed by carrier/supplier,None,"Regional surplus available at Metro Memorial Health - Main (1061 units, 24.4 DOS); Alternate certified supplier available with normal lead time (5d)",0.95,Emerging supply vulnerability. Review reorder thresholds and schedule early replenishment order.
MED020,LOC003,30.3,MEDIUM,2026-09-23,23.5,Active replenishment purchase order delayed by carrier/supplier,None,Alternate certified supplier available with normal lead time (5d),0.95,Emerging supply vulnerability. Review reorder thresholds and schedule early replenishment order.
MED020,LOC004,13.9,LOW,2026-09-28,28.4,None,None,"Regional surplus available at Metro Memorial Health - Main (1061 units, 24.4 DOS); Alternate certified supplier available with normal lead time (5d)",0.95,Inventory and supply chain parameters within normal operating thresholds. Maintain standard replenishment cycle.
MED020,LOC005,15.0,LOW,2026-09-23,23.2,None,Moderate inventory buffer (7.4 days of supply),"Confirmed inbound PO (330 units) arriving in 1d from reliable vendor (92%); Regional surplus available at Metro Memorial Health - Main (1061 units, 24.4 DOS); Alternate certified supplier available with normal lead time (5d)",0.95,No escalation required; inbound shipment (330 units) confirmed on schedule arriving in 1d. Maintain standard monitoring.
MED020,LOC006,30.2,MEDIUM,2026-09-15,15.1,Active replenishment purchase order delayed by carrier/supplier,None,"Regional surplus available at Metro Memorial Health - Main (1061 units, 24.4 DOS); Alternate certified supplier available with normal lead time (5d)",0.95,Emerging supply vulnerability. Review reorder thresholds and schedule early replenishment order.
MED020,LOC007,38.8,MEDIUM,2026-09-15,15.8,Active replenishment purchase order delayed by carrier/supplier,None,"Regional surplus available at Metro Memorial Health - Main (1061 units, 24.4 DOS); Alternate certified supplier available with normal lead time (5d)",0.95,Emerging supply vulnerability. Review reorder thresholds and schedule early replenishment order.
MED021,LOC001,15.0,LOW,2026-09-26,26.6,None,Moderate inventory buffer (9.4 days of supply); High-criticality life-saving clinical medication,"Confirmed inbound PO (1700 units) arriving in 1d from reliable vendor (95%); Regional surplus available at Metro Memorial Health - Main (1850 units, 21.6 DOS); Alternate certified supplier available with normal lead time (4d)",0.95,No escalation required; inbound shipment (1700 units) confirmed on schedule arriving in 1d. Maintain standard monitoring.
MED021,LOC002,11.0,LOW,2026-09-27,27.9,None,High-criticality life-saving clinical medication,"Regional surplus available at Metro Memorial Health - Main (1850 units, 21.6 DOS); Alternate certified supplier available with normal lead time (4d)",0.95,Inventory and supply chain parameters within normal operating thresholds. Maintain standard replenishment cycle.
MED021,LOC003,39.2,MEDIUM,2026-09-22,22.1,Active replenishment purchase order delayed by carrier/supplier,High-criticality life-saving clinical medication,Alternate certified supplier available with normal lead time (4d),0.95,Emerging supply vulnerability. Review reorder thresholds and schedule early replenishment order.
MED021,LOC004,15.0,LOW,2026-09-29,29.8,Acute low inventory buffer (0.0 days of supply on hand),Lead time (4d) exceeds on-hand supply (0.0d); High-criticality life-saving clinical medication,"Confirmed inbound PO (500 units) arriving in 1d from reliable vendor (95%); Regional surplus available at Metro Memorial Health - Main (1850 units, 21.6 DOS); Alternate certified supplier available with normal lead time (4d)",0.95,No escalation required; inbound shipment (500 units) confirmed on schedule arriving in 1d. Maintain standard monitoring.
MED021,LOC005,39.4,MEDIUM,2026-09-18,18.9,Active replenishment purchase order delayed by carrier/supplier,High-criticality life-saving clinical medication,"Regional surplus available at Metro Memorial Health - Main (1850 units, 21.6 DOS); Alternate certified supplier available with normal lead time (4d)",0.95,Emerging supply vulnerability. Review reorder thresholds and schedule early replenishment order.
MED021,LOC006,49.6,MEDIUM,2026-09-12,12.8,Active replenishment purchase order delayed by carrier/supplier,High-criticality life-saving clinical medication,"Regional surplus available at Metro Memorial Health - Main (1850 units, 21.6 DOS); Alternate certified supplier available with normal lead time (4d)",0.95,Emerging supply vulnerability. Review reorder thresholds and schedule early replenishment order.
MED021,LOC007,40.2,MEDIUM,2026-09-24,24.2,Active replenishment purchase order delayed by carrier/supplier,High-criticality life-saving clinical medication,"Regional surplus available at Metro Memorial Health - Main (1850 units, 21.6 DOS); Alternate certified supplier available with normal lead time (4d)",0.95,Emerging supply vulnerability. Review reorder thresholds and schedule early replenishment order.
MED022,LOC001,15.0,LOW,2026-09-25,25.0,None,Moderate inventory buffer (8.3 days of supply); High-criticality life-saving clinical medication,"Confirmed inbound PO (1050 units) arriving in 1d from reliable vendor (93%); Regional surplus available at Metro Memorial Health - Main (1033 units, 20.9 DOS); Alternate certified supplier available with normal lead time (3d)",0.95,No escalation required; inbound shipment (1050 units) confirmed on schedule arriving in 1d. Maintain standard monitoring.
MED022,LOC002,48.0,MEDIUM,2026-09-12,12.9,Active replenishment purchase order delayed by carrier/supplier,Accelerating utilization (+38.8% 7d vs 30d usage); High-criticality life-saving clinical medication,"Regional surplus available at Metro Memorial Health - Main (1033 units, 20.9 DOS); Alternate certified supplier available with normal lead time (3d)",0.95,Classify as emerging risk (+38.8% demand surge); dynamically adjust safety stock baseline upwards and trigger automated replenishment PO 5 days ahead of schedule.
MED022,LOC003,39.2,MEDIUM,2026-09-21,21.1,Active replenishment purchase order delayed by carrier/supplier,High-criticality life-saving clinical medication,Alternate certified supplier available with normal lead time (3d),0.95,Emerging supply vulnerability. Review reorder thresholds and schedule early replenishment order.
MED022,LOC004,31.0,MEDIUM,2026-09-25,25.7,None,Moderate inventory buffer (9.1 days of supply); High-criticality life-saving clinical medication,"Confirmed inbound PO (160 units) arriving in 2d from reliable vendor (93%); Regional surplus available at Metro Memorial Health - Main (1033 units, 20.9 DOS); Alternate certified supplier available with normal lead time (3d)",0.95,Emerging supply vulnerability. Review reorder thresholds and schedule early replenishment order.
MED022,LOC005,39.4,MEDIUM,2026-09-16,16.0,Active replenishment purchase order delayed by carrier/supplier,High-criticality life-saving clinical medication,"Regional surplus available at Metro Memorial Health - Main (1033 units, 20.9 DOS); Alternate certified supplier available with normal lead time (3d)",0.95,Emerging supply vulnerability. Review reorder thresholds and schedule early replenishment order.
MED022,LOC006,49.6,MEDIUM,2026-09-11,11.7,Active replenishment purchase order delayed by carrier/supplier,High-criticality life-saving clinical medication,"Regional surplus available at Metro Memorial Health - Main (1033 units, 20.9 DOS); Alternate certified supplier available with normal lead time (3d)",0.95,Emerging supply vulnerability. Review reorder thresholds and schedule early replenishment order.
MED022,LOC007,12.1,LOW,2026-09-29,29.5,None,High-criticality life-saving clinical medication,"Regional surplus available at Metro Memorial Health - Main (1033 units, 20.9 DOS); Alternate certified supplier available with normal lead time (3d)",0.95,Inventory and supply chain parameters within normal operating thresholds. Maintain standard replenishment cycle.
MED023,LOC001,11.0,LOW,2026-09-28,28.1,None,High-criticality life-saving clinical medication,"Regional surplus available at North Suburban General Hospital (584 units, 22.8 DOS); Alternate certified supplier available with normal lead time (3d)",0.95,Inventory and supply chain parameters within normal operating thresholds. Maintain standard replenishment cycle.
MED023,LOC002,39.3,MEDIUM,2026-09-23,23.3,Active replenishment purchase order delayed by carrier/supplier,High-criticality life-saving clinical medication,Alternate certified supplier available with normal lead time (3d),0.95,Emerging supply vulnerability. Review reorder thresholds and schedule early replenishment order.
MED023,LOC003,39.3,MEDIUM,2026-09-16,16.2,Active replenishment purchase order delayed by carrier/supplier,High-criticality life-saving clinical medication,"Regional surplus available at North Suburban General Hospital (584 units, 22.8 DOS); Alternate certified supplier available with normal lead time (3d)",0.95,Emerging supply vulnerability. Review reorder thresholds and schedule early replenishment order.
MED023,LOC004,46.5,MEDIUM,2026-09-14,14.4,Active replenishment purchase order delayed by carrier/supplier,High-criticality life-saving clinical medication,"Regional surplus available at North Suburban General Hospital (584 units, 22.8 DOS); Alternate certified supplier available with normal lead time (3d)",0.95,Emerging supply vulnerability. Review reorder thresholds and schedule early replenishment order.
MED023,LOC005,15.0,LOW,2026-09-25,25.9,None,Moderate inventory buffer (9.0 days of supply); High-criticality life-saving clinical medication,"Confirmed inbound PO (360 units) arriving in 1d from reliable vendor (97%); Regional surplus available at North Suburban General Hospital (584 units, 22.8 DOS); Alternate certified supplier available with normal lead time (3d)",0.95,No escalation required; inbound shipment (360 units) confirmed on schedule arriving in 1d. Maintain standard monitoring.
MED023,LOC006,10.9,LOW,2026-09-28,28.1,None,High-criticality life-saving clinical medication,"Regional surplus available at North Suburban General Hospital (584 units, 22.8 DOS); Alternate certified supplier available with normal lead time (3d)",0.95,Inventory and supply chain parameters within normal operating thresholds. Maintain standard replenishment cycle.
MED023,LOC007,40.9,MEDIUM,2026-09-21,21.9,Active replenishment purchase order delayed by carrier/supplier,High-criticality life-saving clinical medication,"Regional surplus available at North Suburban General Hospital (584 units, 22.8 DOS); Alternate certified supplier available with normal lead time (3d)",0.95,Emerging supply vulnerability. Review reorder thresholds and schedule early replenishment order.
MED024,LOC001,39.1,MEDIUM,2026-09-18,18.3,Active replenishment purchase order delayed by carrier/supplier,High-criticality life-saving clinical medication,"Regional surplus available at North Suburban General Hospital (987 units, 20.1 DOS); Alternate certified supplier available with normal lead time (5d)",0.95,Emerging supply vulnerability. Review reorder thresholds and schedule early replenishment order.
MED024,LOC002,39.4,MEDIUM,2026-09-20,20.8,Active replenishment purchase order delayed by carrier/supplier,High-criticality life-saving clinical medication,Alternate certified supplier available with normal lead time (5d),0.95,Emerging supply vulnerability. Review reorder thresholds and schedule early replenishment order.
MED024,LOC003,39.2,MEDIUM,2026-09-16,16.3,Active replenishment purchase order delayed by carrier/supplier,High-criticality life-saving clinical medication,"Regional surplus available at North Suburban General Hospital (987 units, 20.1 DOS); Alternate certified supplier available with normal lead time (5d)",0.95,Emerging supply vulnerability. Review reorder thresholds and schedule early replenishment order.
MED024,LOC004,39.4,MEDIUM,2026-09-20,20.8,Active replenishment purchase order delayed by carrier/supplier,High-criticality life-saving clinical medication,"Regional surplus available at North Suburban General Hospital (987 units, 20.1 DOS); Alternate certified supplier available with normal lead time (5d)",0.95,Emerging supply vulnerability. Review reorder thresholds and schedule early replenishment order.
MED024,LOC005,11.1,LOW,2026-09-27,27.0,None,High-criticality life-saving clinical medication,"Regional surplus available at North Suburban General Hospital (987 units, 20.1 DOS); Alternate certified supplier available with normal lead time (5d)",0.95,Inventory and supply chain parameters within normal operating thresholds. Maintain standard replenishment cycle.
MED024,LOC006,39.1,MEDIUM,2026-09-15,15.5,Active replenishment purchase order delayed by carrier/supplier,High-criticality life-saving clinical medication,"Regional surplus available at North Suburban General Hospital (987 units, 20.1 DOS); Alternate certified supplier available with normal lead time (5d)",0.95,Emerging supply vulnerability. Review reorder thresholds and schedule early replenishment order.
MED024,LOC007,50.6,MEDIUM,2026-09-16,16.0,Active replenishment purchase order delayed by carrier/supplier,High-criticality life-saving clinical medication,"Regional surplus available at North Suburban General Hospital (987 units, 20.1 DOS); Alternate certified supplier available with normal lead time (5d)",0.95,Emerging supply vulnerability. Review reorder thresholds and schedule early replenishment order.
MED025,LOC001,30.1,MEDIUM,2026-09-23,23.9,Active replenishment purchase order delayed by carrier/supplier,None,"Regional surplus available at Valley Regional Trauma Center (1848 units, 23.8 DOS); Alternate certified supplier available with normal lead time (5d)",0.95,Emerging supply vulnerability. Review reorder thresholds and schedule early replenishment order.
MED025,LOC002,30.1,MEDIUM,2026-09-24,24.1,Active replenishment purchase order delayed by carrier/supplier,None,"Regional surplus available at Valley Regional Trauma Center (1848 units, 23.8 DOS); Alternate certified supplier available with normal lead time (5d)",0.95,Emerging supply vulnerability. Review reorder thresholds and schedule early replenishment order.
MED025,LOC003,30.1,MEDIUM,2026-09-21,21.7,Active replenishment purchase order delayed by carrier/supplier,None,"Regional surplus available at Valley Regional Trauma Center (1848 units, 23.8 DOS); Alternate certified supplier available with normal lead time (5d)",0.95,Emerging supply vulnerability. Review reorder thresholds and schedule early replenishment order.
MED025,LOC004,15.0,LOW,2026-09-24,24.0,None,Moderate inventory buffer (8.6 days of supply),"Confirmed inbound PO (250 units) arriving in 1d from reliable vendor (94%); Regional surplus available at Valley Regional Trauma Center (1848 units, 23.8 DOS); Alternate certified supplier available with normal lead time (5d)",0.95,No escalation required; inbound shipment (250 units) confirmed on schedule arriving in 1d. Maintain standard monitoring.
MED025,LOC005,30.1,MEDIUM,2026-09-15,15.9,Active replenishment purchase order delayed by carrier/supplier,None,"Regional surplus available at Valley Regional Trauma Center (1848 units, 23.8 DOS); Alternate certified supplier available with normal lead time (5d)",0.95,Emerging supply vulnerability. Review reorder thresholds and schedule early replenishment order.
MED025,LOC006,30.1,MEDIUM,2026-09-24,24.0,Active replenishment purchase order delayed by carrier/supplier,None,Alternate certified supplier available with normal lead time (5d),0.95,Emerging supply vulnerability. Review reorder thresholds and schedule early replenishment order.
MED025,LOC007,36.2,MEDIUM,2026-09-18,18.9,Active replenishment purchase order delayed by carrier/supplier,None,"Regional surplus available at Valley Regional Trauma Center (1848 units, 23.8 DOS); Alternate certified supplier available with normal lead time (5d)",0.95,Emerging supply vulnerability. Review reorder thresholds and schedule early replenishment order.
MED026,LOC001,30.1,MEDIUM,2026-09-21,21.1,Active replenishment purchase order delayed by carrier/supplier,None,Alternate certified supplier available with normal lead time (6d),0.95,Emerging supply vulnerability. Review reorder thresholds and schedule early replenishment order.
MED026,LOC002,18.4,LOW,2026-09-22,22.7,None,Moderate inventory buffer (9.1 days of supply),"Confirmed inbound PO (910 units) arriving in 2d from reliable vendor (95%); Regional surplus available at Central Academic Medical Center (3481 units, 21.0 DOS); Alternate certified supplier available with normal lead time (6d)",0.95,No escalation required; inbound shipment (910 units) confirmed on schedule arriving in 2d. Maintain standard monitoring.
MED026,LOC003,30.1,MEDIUM,2026-09-20,20.4,Active replenishment purchase order delayed by carrier/supplier,None,"Regional surplus available at Central Academic Medical Center (3481 units, 21.0 DOS); Alternate certified supplier available with normal lead time (6d)",0.95,Emerging supply vulnerability. Review reorder thresholds and schedule early replenishment order.
MED026,LOC004,30.4,MEDIUM,2026-09-16,16.4,Active replenishment purchase order delayed by carrier/supplier,None,"Regional surplus available at Central Academic Medical Center (3481 units, 21.0 DOS); Alternate certified supplier available with normal lead time (6d)",0.95,Emerging supply vulnerability. Review reorder thresholds and schedule early replenishment order.
MED026,LOC005,30.2,MEDIUM,2026-09-14,14.5,Active replenishment purchase order delayed by carrier/supplier,None,"Regional surplus available at Central Academic Medical Center (3481 units, 21.0 DOS); Alternate certified supplier available with normal lead time (6d)",0.95,Emerging supply vulnerability. Review reorder thresholds and schedule early replenishment order.
MED026,LOC006,8.4,LOW,2026-09-25,25.1,None,None,"Regional surplus available at Central Academic Medical Center (3481 units, 21.0 DOS); Alternate certified supplier available with normal lead time (6d)",0.95,Inventory and supply chain parameters within normal operating thresholds. Maintain standard replenishment cycle.
MED026,LOC007,15.0,LOW,2026-09-29,29.5,None,None,"Confirmed inbound PO (150 units) arriving in 1d from reliable vendor (95%); Regional surplus available at Central Academic Medical Center (3481 units, 21.0 DOS); Alternate certified supplier available with normal lead time (6d)",0.95,No escalation required; inbound shipment (150 units) confirmed on schedule arriving in 1d. Maintain standard monitoring.
MED027,LOC001,30.2,MEDIUM,2026-09-22,22.4,Active replenishment purchase order delayed by carrier/supplier,None,"Regional surplus available at Valley Regional Trauma Center (740 units, 23.3 DOS); Alternate certified supplier available with normal lead time (5d)",0.95,Emerging supply vulnerability. Review reorder thresholds and schedule early replenishment order.
MED027,LOC002,8.7,LOW,2026-09-27,27.6,None,None,"Regional surplus available at Valley Regional Trauma Center (740 units, 23.3 DOS); Alternate certified supplier available with normal lead time (5d)",0.95,Inventory and supply chain parameters within normal operating thresholds. Maintain standard replenishment cycle.
MED027,LOC003,18.4,LOW,2026-09-25,25.5,None,Moderate inventory buffer (9.9 days of supply),"Regional surplus available at Valley Regional Trauma Center (740 units, 23.3 DOS); Alternate certified supplier available with normal lead time (5d)",0.95,Inventory and supply chain parameters within normal operating thresholds. Maintain standard replenishment cycle.
MED027,LOC004,30.8,MEDIUM,2026-09-29,29.3,Active replenishment purchase order delayed by carrier/supplier,None,"Regional surplus available at Valley Regional Trauma Center (740 units, 23.3 DOS); Alternate certified supplier available with normal lead time (5d)",0.95,Emerging supply vulnerability. Review reorder thresholds and schedule early replenishment order.
MED027,LOC005,18.7,LOW,2026-09-27,27.1,None,Moderate inventory buffer (9.9 days of supply),"Confirmed inbound PO (230 units) arriving in 2d from reliable vendor (95%); Regional surplus available at Valley Regional Trauma Center (740 units, 23.3 DOS); Alternate certified supplier available with normal lead time (5d)",0.95,No escalation required; inbound shipment (230 units) confirmed on schedule arriving in 2d. Maintain standard monitoring.
MED027,LOC006,30.2,MEDIUM,2026-09-23,23.2,Active replenishment purchase order delayed by carrier/supplier,None,Alternate certified supplier available with normal lead time (5d),0.95,Emerging supply vulnerability. Review reorder thresholds and schedule early replenishment order.
MED027,LOC007,31.2,MEDIUM,2026-09-16,16.9,Active replenishment purchase order delayed by carrier/supplier,None,"Regional surplus available at Valley Regional Trauma Center (740 units, 23.3 DOS); Alternate certified supplier available with normal lead time (5d)",0.95,Emerging supply vulnerability. Review reorder thresholds and schedule early replenishment order.
MED028,LOC001,30.2,MEDIUM,2026-09-22,22.6,Active replenishment purchase order delayed by carrier/supplier,None,Alternate certified supplier available with normal lead time (3d),0.95,Emerging supply vulnerability. Review reorder thresholds and schedule early replenishment order.
MED028,LOC002,18.7,LOW,2026-09-24,24.7,None,Moderate inventory buffer (8.9 days of supply),"Confirmed inbound PO (320 units) arriving in 2d from reliable vendor (94%); Regional surplus available at Central Academic Medical Center (1071 units, 23.3 DOS); Alternate certified supplier available with normal lead time (3d)",0.95,No escalation required; inbound shipment (320 units) confirmed on schedule arriving in 2d. Maintain standard monitoring.
MED028,LOC003,8.5,LOW,2026-09-25,25.5,None,None,"Regional surplus available at Central Academic Medical Center (1071 units, 23.3 DOS); Alternate certified supplier available with normal lead time (3d)",0.95,Inventory and supply chain parameters within normal operating thresholds. Maintain standard replenishment cycle.
MED028,LOC004,38.8,MEDIUM,2026-09-13,13.0,Active replenishment purchase order delayed by carrier/supplier,None,"Regional surplus available at Central Academic Medical Center (1071 units, 23.3 DOS); Alternate certified supplier available with normal lead time (3d)",0.95,Emerging supply vulnerability. Review reorder thresholds and schedule early replenishment order.
MED028,LOC005,38.4,MEDIUM,2026-09-30,30.1,Active replenishment purchase order delayed by carrier/supplier,None,"Regional surplus available at Central Academic Medical Center (1071 units, 23.3 DOS); Alternate certified supplier available with normal lead time (3d)",0.95,Emerging supply vulnerability. Review reorder thresholds and schedule early replenishment order.
MED028,LOC006,30.2,MEDIUM,2026-09-20,20.3,Active replenishment purchase order delayed by carrier/supplier,None,"Regional surplus available at Central Academic Medical Center (1071 units, 23.3 DOS); Alternate certified supplier available with normal lead time (3d)",0.95,Emerging supply vulnerability. Review reorder thresholds and schedule early replenishment order.
MED028,LOC007,39.4,MEDIUM,2026-09-15,15.8,Active replenishment purchase order delayed by carrier/supplier,None,"Regional surplus available at Central Academic Medical Center (1071 units, 23.3 DOS); Alternate certified supplier available with normal lead time (3d)",0.95,Emerging supply vulnerability. Review reorder thresholds and schedule early replenishment order.
MED029,LOC001,39.5,MEDIUM,2026-09-16,16.6,Active replenishment purchase order delayed by carrier/supplier,High-criticality life-saving clinical medication,"Regional surplus available at South Ambulatory & Surgical Center (55 units, 36.7 DOS); Alternate certified supplier available with normal lead time (3d)",0.95,Emerging supply vulnerability. Review reorder thresholds and schedule early replenishment order.
MED029,LOC002,40.2,MEDIUM,2026-09-25,25.6,Active replenishment purchase order delayed by carrier/supplier,High-criticality life-saving clinical medication,"Regional surplus available at South Ambulatory & Surgical Center (55 units, 36.7 DOS); Alternate certified supplier available with normal lead time (3d)",0.95,Emerging supply vulnerability. Review reorder thresholds and schedule early replenishment order.
MED029,LOC003,24.3,LOW,2026-09-27,27.4,None,Moderate inventory buffer (9.9 days of supply); High-criticality life-saving clinical medication,"Confirmed inbound PO (210 units) arriving in 2d from reliable vendor (99%); Regional surplus available at South Ambulatory & Surgical Center (55 units, 36.7 DOS); Alternate certified supplier available with normal lead time (3d)",0.95,No escalation required; inbound shipment (210 units) confirmed on schedule arriving in 2d. Maintain standard monitoring.
MED029,LOC004,25.3,LOW,2026-09-28,28.8,None,Moderate inventory buffer (9.2 days of supply); High-criticality life-saving clinical medication,"Regional surplus available at South Ambulatory & Surgical Center (55 units, 36.7 DOS); Alternate certified supplier available with normal lead time (3d)",0.95,Inventory and supply chain parameters within normal operating thresholds. Maintain standard replenishment cycle.
MED029,LOC005,11.6,LOW,2026-09-29,29.8,None,High-criticality life-saving clinical medication,"Regional surplus available at South Ambulatory & Surgical Center (55 units, 36.7 DOS); Alternate certified supplier available with normal lead time (3d)",0.95,Inventory and supply chain parameters within normal operating thresholds. Maintain standard replenishment cycle.
MED029,LOC006,46.0,MEDIUM,2026-09-19,19.4,Active replenishment purchase order delayed by carrier/supplier,High-criticality life-saving clinical medication,"Regional surplus available at South Ambulatory & Surgical Center (55 units, 36.7 DOS); Alternate certified supplier available with normal lead time (3d)",0.95,Emerging supply vulnerability. Review reorder thresholds and schedule early replenishment order.
MED029,LOC007,41.7,MEDIUM,2026-10-19,49.1,Active replenishment purchase order delayed by carrier/supplier,High-criticality life-saving clinical medication,Alternate certified supplier available with normal lead time (3d),0.95,Emerging supply vulnerability. Review reorder thresholds and schedule early replenishment order.
MED030,LOC001,39.8,MEDIUM,2026-09-18,18.9,Active replenishment purchase order delayed by carrier/supplier,High-criticality life-saving clinical medication,"Regional surplus available at South Ambulatory & Surgical Center (40 units, 37.4 DOS); Alternate certified supplier available with normal lead time (3d)",0.95,Emerging supply vulnerability. Review reorder thresholds and schedule early replenishment order.
MED030,LOC002,39.8,MEDIUM,2026-09-20,20.9,Active replenishment purchase order delayed by carrier/supplier,High-criticality life-saving clinical medication,"Regional surplus available at South Ambulatory & Surgical Center (40 units, 37.4 DOS); Alternate certified supplier available with normal lead time (3d)",0.95,Emerging supply vulnerability. Review reorder thresholds and schedule early replenishment order.
MED030,LOC003,39.8,MEDIUM,2026-09-15,15.9,Active replenishment purchase order delayed by carrier/supplier,High-criticality life-saving clinical medication,"Regional surplus available at South Ambulatory & Surgical Center (40 units, 37.4 DOS); Alternate certified supplier available with normal lead time (3d)",0.95,Emerging supply vulnerability. Review reorder thresholds and schedule early replenishment order.
MED030,LOC004,41.0,MEDIUM,2026-09-22,22.0,Active replenishment purchase order delayed by carrier/supplier,High-criticality life-saving clinical medication,"Regional surplus available at South Ambulatory & Surgical Center (40 units, 37.4 DOS); Alternate certified supplier available with normal lead time (3d)",0.95,Emerging supply vulnerability. Review reorder thresholds and schedule early replenishment order.
MED030,LOC005,15.0,LOW,2026-09-27,27.6,None,Moderate inventory buffer (9.9 days of supply); High-criticality life-saving clinical medication,"Confirmed inbound PO (80 units) arriving in 1d from reliable vendor (95%); Regional surplus available at South Ambulatory & Surgical Center (40 units, 37.4 DOS); Alternate certified supplier available with normal lead time (3d)",0.95,No escalation required; inbound shipment (80 units) confirmed on schedule arriving in 1d. Maintain standard monitoring.
MED030,LOC006,11.4,LOW,2026-09-28,28.5,None,High-criticality life-saving clinical medication,"Regional surplus available at South Ambulatory & Surgical Center (40 units, 37.4 DOS); Alternate certified supplier available with normal lead time (3d)",0.95,Inventory and supply chain parameters within normal operating thresholds. Maintain standard replenishment cycle.
MED030,LOC007,48.0,MEDIUM,2026-10-06,36.8,Active replenishment purchase order delayed by carrier/supplier,Accelerating utilization (+33.0% 7d vs 30d usage); High-criticality life-saving clinical medication,Alternate certified supplier available with normal lead time (3d),0.95,Classify as emerging risk (+33.0% demand surge); dynamically adjust safety stock baseline upwards and trigger automated replenishment PO 5 days ahead of schedule.
MED031,LOC001,15.0,LOW,2026-09-26,26.2,Active replenishment purchase order delayed by carrier/supplier,Moderate inventory buffer (9.0 days of supply),"Confirmed inbound PO (1420 units) arriving in 1d from reliable vendor (98%); Regional surplus available at Westside Community Hospital (668 units, 25.7 DOS); Alternate certified supplier available with normal lead time (3d)",0.95,No escalation required; inbound shipment (1420 units) confirmed on schedule arriving in 1d. Maintain standard monitoring.
MED031,LOC002,30.2,MEDIUM,2026-09-20,20.9,Active replenishment purchase order delayed by carrier/supplier,None,"Regional surplus available at Westside Community Hospital (668 units, 25.7 DOS); Alternate certified supplier available with normal lead time (3d)",0.95,Emerging supply vulnerability. Review reorder thresholds and schedule early replenishment order.
MED031,LOC003,38.1,MEDIUM,2026-09-14,14.5,Active replenishment purchase order delayed by carrier/supplier,None,"Regional surplus available at Westside Community Hospital (668 units, 25.7 DOS); Alternate certified supplier available with normal lead time (3d)",0.95,Emerging supply vulnerability. Review reorder thresholds and schedule early replenishment order.
MED031,LOC004,35.5,MEDIUM,2026-09-19,19.7,Active replenishment purchase order delayed by carrier/supplier,None,"Regional surplus available at Westside Community Hospital (668 units, 25.7 DOS); Alternate certified supplier available with normal lead time (3d)",0.95,Emerging supply vulnerability. Review reorder thresholds and schedule early replenishment order.
MED031,LOC005,30.3,MEDIUM,2026-09-25,25.9,Active replenishment purchase order delayed by carrier/supplier,None,Alternate certified supplier available with normal lead time (3d),0.95,Emerging supply vulnerability. Review reorder thresholds and schedule early replenishment order.
MED031,LOC006,8.4,LOW,2026-09-28,28.1,None,None,"Regional surplus available at Westside Community Hospital (668 units, 25.7 DOS); Alternate certified supplier available with normal lead time (3d)",0.95,Inventory and supply chain parameters within normal operating thresholds. Maintain standard replenishment cycle.
MED031,LOC007,31.4,MEDIUM,2026-09-28,28.4,Active replenishment purchase order delayed by carrier/supplier,None,"Regional surplus available at Westside Community Hospital (668 units, 25.7 DOS); Alternate certified supplier available with normal lead time (3d)",0.95,Emerging supply vulnerability. Review reorder thresholds and schedule early replenishment order.
MED032,LOC001,15.0,LOW,2026-09-26,26.9,None,Moderate inventory buffer (8.9 days of supply),Confirmed inbound PO (680 units) arriving in 1d from reliable vendor (98%); Alternate certified supplier available with normal lead time (3d),0.95,No escalation required; inbound shipment (680 units) confirmed on schedule arriving in 1d. Maintain standard monitoring.
MED032,LOC002,30.5,MEDIUM,2026-09-20,20.6,Active replenishment purchase order delayed by carrier/supplier,None,Alternate certified supplier available with normal lead time (3d),0.95,Emerging supply vulnerability. Review reorder thresholds and schedule early replenishment order.
MED032,LOC003,30.3,MEDIUM,2026-09-14,14.4,Active replenishment purchase order delayed by carrier/supplier,None,Alternate certified supplier available with normal lead time (3d),0.95,Emerging supply vulnerability. Review reorder thresholds and schedule early replenishment order.
MED032,LOC004,38.8,MEDIUM,2026-09-14,14.4,Active replenishment purchase order delayed by carrier/supplier,None,Alternate certified supplier available with normal lead time (3d),0.95,Emerging supply vulnerability. Review reorder thresholds and schedule early replenishment order.
MED032,LOC005,30.4,MEDIUM,2026-09-24,24.3,Active replenishment purchase order delayed by carrier/supplier,None,Alternate certified supplier available with normal lead time (3d),0.95,Emerging supply vulnerability. Review reorder thresholds and schedule early replenishment order.
MED032,LOC006,30.4,MEDIUM,2026-09-16,16.3,Active replenishment purchase order delayed by carrier/supplier,None,Alternate certified supplier available with normal lead time (3d),0.95,Emerging supply vulnerability. Review reorder thresholds and schedule early replenishment order.
MED032,LOC007,31.2,MEDIUM,2026-09-23,23.2,Active replenishment purchase order delayed by carrier/supplier,None,Alternate certified supplier available with normal lead time (3d),0.95,Emerging supply vulnerability. Review reorder thresholds and schedule early replenishment order.
MED033,LOC001,11.5,LOW,2026-09-27,27.9,None,High-criticality life-saving clinical medication,"Regional surplus available at South Ambulatory & Surgical Center (50 units, 41.3 DOS); Alternate certified supplier available with normal lead time (6d)",0.95,Inventory and supply chain parameters within normal operating thresholds. Maintain standard replenishment cycle.
MED033,LOC002,40.0,MEDIUM,2026-09-16,16.3,Active replenishment purchase order delayed by carrier/supplier,High-criticality life-saving clinical medication,"Regional surplus available at South Ambulatory & Surgical Center (50 units, 41.3 DOS); Alternate certified supplier available with normal lead time (6d)",0.95,Emerging supply vulnerability. Review reorder thresholds and schedule early replenishment order.
MED033,LOC003,11.6,LOW,2026-09-27,27.0,None,High-criticality life-saving clinical medication,"Confirmed inbound PO (170 units) arriving in 2d from reliable vendor (91%); Regional surplus available at South Ambulatory & Surgical Center (50 units, 41.3 DOS); Alternate certified supplier available with normal lead time (6d)",0.95,No escalation required; inbound shipment (170 units) confirmed on schedule arriving in 2d. Maintain standard monitoring.
MED033,LOC004,40.9,MEDIUM,2026-09-22,22.2,Active replenishment purchase order delayed by carrier/supplier,High-criticality life-saving clinical medication,"Regional surplus available at South Ambulatory & Surgical Center (50 units, 41.3 DOS); Alternate certified supplier available with normal lead time (6d)",0.95,Emerging supply vulnerability. Review reorder thresholds and schedule early replenishment order.
MED033,LOC005,15.0,LOW,2026-09-25,25.1,None,Moderate inventory buffer (8.4 days of supply); High-criticality life-saving clinical medication,"Confirmed inbound PO (80 units) arriving in 1d from reliable vendor (91%); Regional surplus available at South Ambulatory & Surgical Center (50 units, 41.3 DOS); Alternate certified supplier available with normal lead time (6d)",0.95,No escalation required; inbound shipment (80 units) confirmed on schedule arriving in 1d. Maintain standard monitoring.
MED033,LOC006,39.9,MEDIUM,2026-09-22,22.6,Active replenishment purchase order delayed by carrier/supplier,High-criticality life-saving clinical medication,"Regional surplus available at South Ambulatory & Surgical Center (50 units, 41.3 DOS); Alternate certified supplier available with normal lead time (6d)",0.95,Emerging supply vulnerability. Review reorder thresholds and schedule early replenishment order.
MED033,LOC007,48.5,MEDIUM,2026-10-18,48.0,Active replenishment purchase order delayed by carrier/supplier,High-criticality life-saving clinical medication,Alternate certified supplier available with normal lead time (6d),0.95,Emerging supply vulnerability. Review reorder thresholds and schedule early replenishment order.
MED034,LOC001,30.4,MEDIUM,2026-09-15,15.7,Active replenishment purchase order delayed by carrier/supplier,None,"Regional surplus available at South Ambulatory & Surgical Center (43 units, 33.3 DOS); Alternate certified supplier available with normal lead time (5d)",0.95,Emerging supply vulnerability. Review reorder thresholds and schedule early replenishment order.
MED034,LOC002,38.7,MEDIUM,2026-09-29,29.9,Active replenishment purchase order delayed by carrier/supplier,None,"Regional surplus available at South Ambulatory & Surgical Center (43 units, 33.3 DOS); Alternate certified supplier available with normal lead time (5d)",0.95,Emerging supply vulnerability. Review reorder thresholds and schedule early replenishment order.
MED034,LOC003,35.6,MEDIUM,2026-09-18,18.3,Active replenishment purchase order delayed by carrier/supplier,None,"Regional surplus available at South Ambulatory & Surgical Center (43 units, 33.3 DOS); Alternate certified supplier available with normal lead time (5d)",0.95,Emerging supply vulnerability. Review reorder thresholds and schedule early replenishment order.
MED034,LOC004,31.2,MEDIUM,2026-09-30,30.9,Active replenishment purchase order delayed by carrier/supplier,None,"Regional surplus available at South Ambulatory & Surgical Center (43 units, 33.3 DOS); Alternate certified supplier available with normal lead time (5d)",0.95,Emerging supply vulnerability. Review reorder thresholds and schedule early replenishment order.
MED034,LOC005,30.7,MEDIUM,2026-09-16,16.1,Active replenishment purchase order delayed by carrier/supplier,None,"Regional surplus available at South Ambulatory & Surgical Center (43 units, 33.3 DOS); Alternate certified supplier available with normal lead time (5d)",0.95,Emerging supply vulnerability. Review reorder thresholds and schedule early replenishment order.
MED034,LOC006,30.3,MEDIUM,2026-09-20,20.2,Active replenishment purchase order delayed by carrier/supplier,None,"Regional surplus available at South Ambulatory & Surgical Center (43 units, 33.3 DOS); Alternate certified supplier available with normal lead time (5d)",0.95,Emerging supply vulnerability. Review reorder thresholds and schedule early replenishment order.
MED034,LOC007,32.2,MEDIUM,2026-10-11,41.5,Active replenishment purchase order delayed by carrier/supplier,None,Alternate certified supplier available with normal lead time (5d),0.95,Emerging supply vulnerability. Review reorder thresholds and schedule early replenishment order.
MED035,LOC001,38.4,MEDIUM,2026-09-16,16.2,Active replenishment purchase order delayed by carrier/supplier,None,"Regional surplus available at South Ambulatory & Surgical Center (41 units, 64.1 DOS); Alternate certified supplier available with normal lead time (2d)",0.95,Emerging supply vulnerability. Review reorder thresholds and schedule early replenishment order.
MED035,LOC002,38.6,MEDIUM,2026-09-13,13.3,Active replenishment purchase order delayed by carrier/supplier,None,"Regional surplus available at South Ambulatory & Surgical Center (41 units, 64.1 DOS); Alternate certified supplier available with normal lead time (2d)",0.95,Emerging supply vulnerability. Review reorder thresholds and schedule early replenishment order.
MED035,LOC003,30.6,MEDIUM,2026-09-19,19.6,Active replenishment purchase order delayed by carrier/supplier,None,"Regional surplus available at South Ambulatory & Surgical Center (41 units, 64.1 DOS); Alternate certified supplier available with normal lead time (2d)",0.95,Emerging supply vulnerability. Review reorder thresholds and schedule early replenishment order.
MED035,LOC004,44.4,MEDIUM,2026-09-17,17.4,Active replenishment purchase order delayed by carrier/supplier,None,"Regional surplus available at South Ambulatory & Surgical Center (41 units, 64.1 DOS); Alternate certified supplier available with normal lead time (2d)",0.95,Emerging supply vulnerability. Review reorder thresholds and schedule early replenishment order.
MED035,LOC005,30.5,MEDIUM,2026-09-22,22.0,Active replenishment purchase order delayed by carrier/supplier,None,"Regional surplus available at South Ambulatory & Surgical Center (41 units, 64.1 DOS); Alternate certified supplier available with normal lead time (2d)",0.95,Emerging supply vulnerability. Review reorder thresholds and schedule early replenishment order.
MED035,LOC006,30.6,MEDIUM,2026-09-25,25.4,Active replenishment purchase order delayed by carrier/supplier,None,"Regional surplus available at South Ambulatory & Surgical Center (41 units, 64.1 DOS); Alternate certified supplier available with normal lead time (2d)",0.95,Emerging supply vulnerability. Review reorder thresholds and schedule early replenishment order.
MED035,LOC007,33.3,MEDIUM,,,Active replenishment purchase order delayed by carrier/supplier,None,Alternate certified supplier available with normal lead time (2d),0.95,Emerging supply vulnerability. Review reorder thresholds and schedule early replenishment order.
MED036,LOC001,15.0,LOW,2026-09-28,28.2,None,Moderate inventory buffer (9.0 days of supply); High-criticality life-saving clinical medication,"Confirmed inbound PO (2310 units) arriving in 1d from reliable vendor (96%); Regional surplus available at Metro Memorial Health - Main (2554 units, 25.6 DOS); Alternate certified supplier available with normal lead time (2d)",0.95,No escalation required; inbound shipment (2310 units) confirmed on schedule arriving in 1d. Maintain standard monitoring.
MED036,LOC002,39.2,MEDIUM,2026-09-23,23.8,Active replenishment purchase order delayed by carrier/supplier,High-criticality life-saving clinical medication,"Regional surplus available at Metro Memorial Health - Main (2554 units, 25.6 DOS); Alternate certified supplier available with normal lead time (2d)",0.95,Emerging supply vulnerability. Review reorder thresholds and schedule early replenishment order.
MED036,LOC003,39.2,MEDIUM,2026-09-26,26.2,Active replenishment purchase order delayed by carrier/supplier,High-criticality life-saving clinical medication,Alternate certified supplier available with normal lead time (2d),0.95,Emerging supply vulnerability. Review reorder thresholds and schedule early replenishment order.
MED036,LOC004,46.1,MEDIUM,2026-09-21,21.4,Active replenishment purchase order delayed by carrier/supplier,High-criticality life-saving clinical medication,"Regional surplus available at Metro Memorial Health - Main (2554 units, 25.6 DOS); Alternate certified supplier available with normal lead time (2d)",0.95,Emerging supply vulnerability. Review reorder thresholds and schedule early replenishment order.
MED036,LOC005,39.2,MEDIUM,2026-09-15,15.1,Active replenishment purchase order delayed by carrier/supplier,High-criticality life-saving clinical medication,"Regional surplus available at Metro Memorial Health - Main (2554 units, 25.6 DOS); Alternate certified supplier available with normal lead time (2d)",0.95,Emerging supply vulnerability. Review reorder thresholds and schedule early replenishment order.
MED036,LOC006,15.0,LOW,2026-09-27,27.1,None,Moderate inventory buffer (8.2 days of supply); High-criticality life-saving clinical medication,"Confirmed inbound PO (1770 units) arriving in 1d from reliable vendor (96%); Regional surplus available at Metro Memorial Health - Main (2554 units, 25.6 DOS); Alternate certified supplier available with normal lead time (2d)",0.95,No escalation required; inbound shipment (1770 units) confirmed on schedule arriving in 1d. Maintain standard monitoring.
MED036,LOC007,40.0,MEDIUM,2026-09-25,25.3,Active replenishment purchase order delayed by carrier/supplier,High-criticality life-saving clinical medication,"Regional surplus available at Metro Memorial Health - Main (2554 units, 25.6 DOS); Alternate certified supplier available with normal lead time (2d)",0.95,Emerging supply vulnerability. Review reorder thresholds and schedule early replenishment order.
MED037,LOC001,39.2,MEDIUM,2026-09-24,24.1,Active replenishment purchase order delayed by carrier/supplier,High-criticality life-saving clinical medication,Alternate certified supplier available with normal lead time (4d),0.95,Emerging supply vulnerability. Review reorder thresholds and schedule early replenishment order.
MED037,LOC002,11.1,LOW,2026-09-28,28.1,None,High-criticality life-saving clinical medication,"Regional surplus available at Central Academic Medical Center (3665 units, 24.1 DOS); Alternate certified supplier available with normal lead time (4d)",0.95,Inventory and supply chain parameters within normal operating thresholds. Maintain standard replenishment cycle.
MED037,LOC003,49.7,MEDIUM,2026-09-12,12.8,Active replenishment purchase order delayed by carrier/supplier,High-criticality life-saving clinical medication,"Regional surplus available at Central Academic Medical Center (3665 units, 24.1 DOS); Alternate certified supplier available with normal lead time (4d)",0.95,Emerging supply vulnerability. Review reorder thresholds and schedule early replenishment order.
MED037,LOC004,46.0,MEDIUM,2026-09-18,18.3,Active replenishment purchase order delayed by carrier/supplier,High-criticality life-saving clinical medication,"Regional surplus available at Central Academic Medical Center (3665 units, 24.1 DOS); Alternate certified supplier available with normal lead time (4d)",0.95,Emerging supply vulnerability. Review reorder thresholds and schedule early replenishment order.
MED037,LOC005,39.1,MEDIUM,2026-09-15,15.1,Active replenishment purchase order delayed by carrier/supplier,High-criticality life-saving clinical medication,"Regional surplus available at Central Academic Medical Center (3665 units, 24.1 DOS); Alternate certified supplier available with normal lead time (4d)",0.95,Emerging supply vulnerability. Review reorder thresholds and schedule early replenishment order.
MED037,LOC006,39.2,MEDIUM,2026-09-21,21.8,Active replenishment purchase order delayed by carrier/supplier,High-criticality life-saving clinical medication,"Regional surplus available at Central Academic Medical Center (3665 units, 24.1 DOS); Alternate certified supplier available with normal lead time (4d)",0.95,Emerging supply vulnerability. Review reorder thresholds and schedule early replenishment order.
MED037,LOC007,50.4,MEDIUM,2026-09-12,12.9,Active replenishment purchase order delayed by carrier/supplier,High-criticality life-saving clinical medication,"Regional surplus available at Central Academic Medical Center (3665 units, 24.1 DOS); Alternate certified supplier available with normal lead time (4d)",0.95,Emerging supply vulnerability. Review reorder thresholds and schedule early replenishment order.
MED038,LOC001,15.0,LOW,2026-09-26,26.8,None,Moderate inventory buffer (8.6 days of supply); High-criticality life-saving clinical medication,Confirmed inbound PO (150 units) arriving in 1d from reliable vendor (97%); Alternate certified supplier available with normal lead time (2d),0.95,No escalation required; inbound shipment (150 units) confirmed on schedule arriving in 1d. Maintain standard monitoring.
MED038,LOC002,40.6,MEDIUM,2026-09-24,24.9,Active replenishment purchase order delayed by carrier/supplier,High-criticality life-saving clinical medication,Alternate certified supplier available with normal lead time (2d),0.95,Emerging supply vulnerability. Review reorder thresholds and schedule early replenishment order.
MED038,LOC003,24.8,LOW,2026-09-29,29.7,None,Moderate inventory buffer (9.8 days of supply); High-criticality life-saving clinical medication,Confirmed inbound PO (110 units) arriving in 2d from reliable vendor (97%); Alternate certified supplier available with normal lead time (2d),0.95,No escalation required; inbound shipment (110 units) confirmed on schedule arriving in 2d. Maintain standard monitoring.
MED038,LOC004,41.8,MEDIUM,2026-10-05,35.7,Active replenishment purchase order delayed by carrier/supplier,High-criticality life-saving clinical medication,Alternate certified supplier available with normal lead time (2d),0.95,Emerging supply vulnerability. Review reorder thresholds and schedule early replenishment order.
MED038,LOC005,48.0,MEDIUM,2026-09-11,11.3,Active replenishment purchase order delayed by carrier/supplier,Accelerating utilization (+25.2% 7d vs 30d usage); High-criticality life-saving clinical medication,Alternate certified supplier available with normal lead time (2d),0.95,Classify as emerging risk (+25.2% demand surge); dynamically adjust safety stock baseline upwards and trigger automated replenishment PO 5 days ahead of schedule.
MED038,LOC006,40.4,MEDIUM,2026-09-24,24.3,Active replenishment purchase order delayed by carrier/supplier,High-criticality life-saving clinical medication,Alternate certified supplier available with normal lead time (2d),0.95,Emerging supply vulnerability. Review reorder thresholds and schedule early replenishment order.
MED038,LOC007,44.1,MEDIUM,,,Active replenishment purchase order delayed by carrier/supplier,High-criticality life-saving clinical medication,Alternate certified supplier available with normal lead time (2d),0.95,Emerging supply vulnerability. Review reorder thresholds and schedule early replenishment order.
MED039,LOC001,15.0,LOW,2026-09-16,16.4,None,Moderate inventory buffer (6.6 days of supply); Lead time (8d) exceeds on-hand supply (6.6d); High-criticality life-saving clinical medication,"Confirmed inbound PO (60 units) arriving in 1d from reliable vendor (92%); Regional surplus available at South Ambulatory & Surgical Center (221 units, 1052.4 DOS); Alternate certified supplier available with normal lead time (8d)",0.95,No escalation required; inbound shipment (60 units) confirmed on schedule arriving in 1d. Maintain standard monitoring.
MED039,LOC002,41.0,MEDIUM,2026-09-27,27.7,Active replenishment purchase order delayed by carrier/supplier,High-criticality life-saving clinical medication,"Regional surplus available at South Ambulatory & Surgical Center (221 units, 1052.4 DOS); Alternate certified supplier available with normal lead time (8d)",0.95,Emerging supply vulnerability. Review reorder thresholds and schedule early replenishment order.
MED039,LOC003,40.2,MEDIUM,2026-09-17,17.4,Active replenishment purchase order delayed by carrier/supplier,High-criticality life-saving clinical medication,Alternate certified supplier available with normal lead time (8d),0.95,Emerging supply vulnerability. Review reorder thresholds and schedule early replenishment order.
MED039,LOC004,43.8,MEDIUM,,,Active replenishment purchase order delayed by carrier/supplier,High-criticality life-saving clinical medication,"Regional surplus available at South Ambulatory & Surgical Center (221 units, 1052.4 DOS); Alternate certified supplier available with normal lead time (8d)",0.95,Emerging supply vulnerability. Review reorder thresholds and schedule early replenishment order.
MED039,LOC005,12.8,LOW,2026-10-13,43.4,None,High-criticality life-saving clinical medication,"Regional surplus available at South Ambulatory & Surgical Center (221 units, 1052.4 DOS); Alternate certified supplier available with normal lead time (8d)",0.95,Inventory and supply chain parameters within normal operating thresholds. Maintain standard replenishment cycle.
MED039,LOC006,46.8,MEDIUM,2026-09-16,16.6,Active replenishment purchase order delayed by carrier/supplier,High-criticality life-saving clinical medication,Alternate certified supplier available with normal lead time (8d),0.95,Emerging supply vulnerability. Review reorder thresholds and schedule early replenishment order.
MED039,LOC007,75.0,HIGH,,,"Near-expiry batch (221 units, 35d shelf-life left) exceeds local burn rate; projected write-off $638,600; Severe demand acceleration (+114.3% 7d vs 30d usage); Active replenishment purchase order delayed by carrier/supplier",High-criticality life-saving clinical medication,Alternate certified supplier available with normal lead time (8d),0.95,"Prevent high-cost drug write-off ($638,600): transfer 206 expiring units to high-volume comprehensive facility for prioritized FIFO utilization."
MED040,LOC001,39.6,MEDIUM,2026-09-24,24.6,Active replenishment purchase order delayed by carrier/supplier,High-criticality life-saving clinical medication,"Regional surplus available at South Ambulatory & Surgical Center (27 units, 128.6 DOS); Alternate certified supplier available with normal lead time (5d)",0.95,Emerging supply vulnerability. Review reorder thresholds and schedule early replenishment order.
MED040,LOC002,40.3,MEDIUM,2026-09-23,23.3,Active replenishment purchase order delayed by carrier/supplier,High-criticality life-saving clinical medication,"Regional surplus available at South Ambulatory & Surgical Center (27 units, 128.6 DOS); Alternate certified supplier available with normal lead time (5d)",0.95,Emerging supply vulnerability. Review reorder thresholds and schedule early replenishment order.
MED040,LOC003,39.8,MEDIUM,2026-09-24,24.9,Active replenishment purchase order delayed by carrier/supplier,High-criticality life-saving clinical medication,"Regional surplus available at South Ambulatory & Surgical Center (27 units, 128.6 DOS); Alternate certified supplier available with normal lead time (5d)",0.95,Emerging supply vulnerability. Review reorder thresholds and schedule early replenishment order.
MED040,LOC004,41.8,MEDIUM,2026-10-08,38.4,Active replenishment purchase order delayed by carrier/supplier,High-criticality life-saving clinical medication,"Regional surplus available at South Ambulatory & Surgical Center (27 units, 128.6 DOS); Alternate certified supplier available with normal lead time (5d)",0.95,Emerging supply vulnerability. Review reorder thresholds and schedule early replenishment order.
MED040,LOC005,40.6,MEDIUM,2026-09-26,26.4,Active replenishment purchase order delayed by carrier/supplier,High-criticality life-saving clinical medication,"Regional surplus available at South Ambulatory & Surgical Center (27 units, 128.6 DOS); Alternate certified supplier available with normal lead time (5d)",0.95,Emerging supply vulnerability. Review reorder thresholds and schedule early replenishment order.
MED040,LOC006,40.0,MEDIUM,2026-09-19,19.7,Active replenishment purchase order delayed by carrier/supplier,High-criticality life-saving clinical medication,"Regional surplus available at South Ambulatory & Surgical Center (27 units, 128.6 DOS); Alternate certified supplier available with normal lead time (5d)",0.95,Emerging supply vulnerability. Review reorder thresholds and schedule early replenishment order.
MED040,LOC007,43.1,MEDIUM,,,Active replenishment purchase order delayed by carrier/supplier,High-criticality life-saving clinical medication,Alternate certified supplier available with normal lead time (5d),0.95,Emerging supply vulnerability. Review reorder thresholds and schedule early replenishment order.
MED041,LOC001,30.4,MEDIUM,2026-09-25,25.6,Active replenishment purchase order delayed by carrier/supplier,None,Alternate certified supplier available with normal lead time (2d),0.95,Emerging supply vulnerability. Review reorder thresholds and schedule early replenishment order.
MED041,LOC002,19.2,LOW,2026-10-01,31.1,None,Moderate inventory buffer (9.6 days of supply),Confirmed inbound PO (110 units) arriving in 2d from reliable vendor (97%); Alternate certified supplier available with normal lead time (2d),0.95,No escalation required; inbound shipment (110 units) confirmed on schedule arriving in 2d. Maintain standard monitoring.
MED041,LOC003,35.6,MEDIUM,2026-09-20,20.5,Active replenishment purchase order delayed by carrier/supplier,None,Alternate certified supplier available with normal lead time (2d),0.95,Emerging supply vulnerability. Review reorder thresholds and schedule early replenishment order.
MED041,LOC004,31.9,MEDIUM,2026-09-23,23.1,Active replenishment purchase order delayed by carrier/supplier,None,Alternate certified supplier available with normal lead time (2d),0.95,Emerging supply vulnerability. Review reorder thresholds and schedule early replenishment order.
MED041,LOC005,31.0,MEDIUM,2026-09-25,25.9,Active replenishment purchase order delayed by carrier/supplier,None,Alternate certified supplier available with normal lead time (2d),0.95,Emerging supply vulnerability. Review reorder thresholds and schedule early replenishment order.
MED041,LOC006,38.8,MEDIUM,2026-09-11,11.1,Active replenishment purchase order delayed by carrier/supplier,None,Alternate certified supplier available with normal lead time (2d),0.95,Emerging supply vulnerability. Review reorder thresholds and schedule early replenishment order.
MED041,LOC007,48.0,MEDIUM,2026-09-18,18.0,Active replenishment purchase order delayed by carrier/supplier,Accelerating utilization (+42.9% 7d vs 30d usage),Alternate certified supplier available with normal lead time (2d),0.95,Classify as emerging risk (+42.9% demand surge); dynamically adjust safety stock baseline upwards and trigger automated replenishment PO 5 days ahead of schedule.
MED042,LOC001,49.7,MEDIUM,2026-09-13,13.5,Active replenishment purchase order delayed by carrier/supplier,High-criticality life-saving clinical medication,"Regional surplus available at South Ambulatory & Surgical Center (65 units, 31.4 DOS); Alternate certified supplier available with normal lead time (2d)",0.95,Emerging supply vulnerability. Review reorder thresholds and schedule early replenishment order.
MED042,LOC002,39.5,MEDIUM,2026-09-22,22.5,Active replenishment purchase order delayed by carrier/supplier,High-criticality life-saving clinical medication,"Regional surplus available at South Ambulatory & Surgical Center (65 units, 31.4 DOS); Alternate certified supplier available with normal lead time (2d)",0.95,Emerging supply vulnerability. Review reorder thresholds and schedule early replenishment order.
MED042,LOC003,39.5,MEDIUM,2026-09-16,16.5,Active replenishment purchase order delayed by carrier/supplier,High-criticality life-saving clinical medication,"Regional surplus available at South Ambulatory & Surgical Center (65 units, 31.4 DOS); Alternate certified supplier available with normal lead time (2d)",0.95,Emerging supply vulnerability. Review reorder thresholds and schedule early replenishment order.
MED042,LOC004,40.1,MEDIUM,2026-09-16,16.8,Active replenishment purchase order delayed by carrier/supplier,High-criticality life-saving clinical medication,"Regional surplus available at South Ambulatory & Surgical Center (65 units, 31.4 DOS); Alternate certified supplier available with normal lead time (2d)",0.95,Emerging supply vulnerability. Review reorder thresholds and schedule early replenishment order.
MED042,LOC005,39.8,MEDIUM,2026-09-28,28.4,Active replenishment purchase order delayed by carrier/supplier,High-criticality life-saving clinical medication,"Regional surplus available at South Ambulatory & Surgical Center (65 units, 31.4 DOS); Alternate certified supplier available with normal lead time (2d)",0.95,Emerging supply vulnerability. Review reorder thresholds and schedule early replenishment order.
MED042,LOC006,39.3,MEDIUM,2026-09-22,22.1,Active replenishment purchase order delayed by carrier/supplier,High-criticality life-saving clinical medication,"Regional surplus available at South Ambulatory & Surgical Center (65 units, 31.4 DOS); Alternate certified supplier available with normal lead time (2d)",0.95,Emerging supply vulnerability. Review reorder thresholds and schedule early replenishment order.
MED042,LOC007,40.9,MEDIUM,2026-09-29,29.0,Active replenishment purchase order delayed by carrier/supplier,High-criticality life-saving clinical medication,Alternate certified supplier available with normal lead time (2d),0.95,Emerging supply vulnerability. Review reorder thresholds and schedule early replenishment order.
MED043,LOC001,39.6,MEDIUM,2026-09-22,22.6,Active replenishment purchase order delayed by carrier/supplier,High-criticality life-saving clinical medication,Alternate certified supplier available with normal lead time (2d),0.95,Emerging supply vulnerability. Review reorder thresholds and schedule early replenishment order.
MED043,LOC002,39.8,MEDIUM,2026-09-25,25.3,Active replenishment purchase order delayed by carrier/supplier,High-criticality life-saving clinical medication,Alternate certified supplier available with normal lead time (2d),0.95,Emerging supply vulnerability. Review reorder thresholds and schedule early replenishment order.
MED043,LOC003,39.7,MEDIUM,2026-09-20,20.3,Active replenishment purchase order delayed by carrier/supplier,High-criticality life-saving clinical medication,Alternate certified supplier available with normal lead time (2d),0.95,Emerging supply vulnerability. Review reorder thresholds and schedule early replenishment order.
MED043,LOC004,48.0,MEDIUM,2026-09-25,25.7,Severe demand acceleration (+59.8% 7d vs 30d usage); Active replenishment purchase order delayed by carrier/supplier,High-criticality life-saving clinical medication,Alternate certified supplier available with normal lead time (2d),0.95,Classify as emerging risk (+59.8% demand surge); dynamically adjust safety stock baseline upwards and trigger automated replenishment PO 5 days ahead of schedule.
MED043,LOC005,40.1,MEDIUM,2026-09-17,17.5,Active replenishment purchase order delayed by carrier/supplier,High-criticality life-saving clinical medication,Alternate certified supplier available with normal lead time (2d),0.95,Emerging supply vulnerability. Review reorder thresholds and schedule early replenishment order.
MED043,LOC006,39.5,MEDIUM,2026-09-15,15.2,Active replenishment purchase order delayed by carrier/supplier,High-criticality life-saving clinical medication,Alternate certified supplier available with normal lead time (2d),0.95,Emerging supply vulnerability. Review reorder thresholds and schedule early replenishment order.
MED043,LOC007,43.0,MEDIUM,2026-09-29,29.0,Active replenishment purchase order delayed by carrier/supplier,High-criticality life-saving clinical medication,Alternate certified supplier available with normal lead time (2d),0.95,Emerging supply vulnerability. Review reorder thresholds and schedule early replenishment order.
MED044,LOC001,39.3,MEDIUM,2026-09-24,24.1,Active replenishment purchase order delayed by carrier/supplier,High-criticality life-saving clinical medication,Alternate certified supplier available with normal lead time (5d),0.95,Emerging supply vulnerability. Review reorder thresholds and schedule early replenishment order.
MED044,LOC002,11.3,LOW,2026-09-30,30.2,None,High-criticality life-saving clinical medication,"Regional surplus available at Central Academic Medical Center (850 units, 23.3 DOS); Alternate certified supplier available with normal lead time (5d)",0.95,Inventory and supply chain parameters within normal operating thresholds. Maintain standard replenishment cycle.
MED044,LOC003,62.7,HIGH,2026-09-07,7.4,Active replenishment purchase order delayed by carrier/supplier,Moderate inventory buffer (7.1 days of supply); High-criticality life-saving clinical medication,"Regional surplus available at Central Academic Medical Center (850 units, 23.3 DOS); Alternate certified supplier available with normal lead time (5d)",0.95,Rebalance regional network: initiate lateral transfer of 170 units from Central Academic Medical Center immediately.
MED044,LOC004,40.2,MEDIUM,2026-09-30,30.5,Active replenishment purchase order delayed by carrier/supplier,High-criticality life-saving clinical medication,"Regional surplus available at Central Academic Medical Center (850 units, 23.3 DOS); Alternate certified supplier available with normal lead time (5d)",0.95,Emerging supply vulnerability. Review reorder thresholds and schedule early replenishment order.
MED044,LOC005,39.9,MEDIUM,2026-09-15,15.7,Active replenishment purchase order delayed by carrier/supplier,High-criticality life-saving clinical medication,"Regional surplus available at Central Academic Medical Center (850 units, 23.3 DOS); Alternate certified supplier available with normal lead time (5d)",0.95,Emerging supply vulnerability. Review reorder thresholds and schedule early replenishment order.
MED044,LOC006,39.4,MEDIUM,2026-09-19,19.3,Active replenishment purchase order delayed by carrier/supplier,High-criticality life-saving clinical medication,"Regional surplus available at Central Academic Medical Center (850 units, 23.3 DOS); Alternate certified supplier available with normal lead time (5d)",0.95,Emerging supply vulnerability. Review reorder thresholds and schedule early replenishment order.
MED044,LOC007,41.4,MEDIUM,2026-10-02,32.1,Active replenishment purchase order delayed by carrier/supplier,High-criticality life-saving clinical medication,"Regional surplus available at Central Academic Medical Center (850 units, 23.3 DOS); Alternate certified supplier available with normal lead time (5d)",0.95,Emerging supply vulnerability. Review reorder thresholds and schedule early replenishment order.
MED045,LOC001,39.3,MEDIUM,2026-09-17,17.3,Active replenishment purchase order delayed by carrier/supplier,High-criticality life-saving clinical medication,Alternate certified supplier available with normal lead time (2d),0.95,Emerging supply vulnerability. Review reorder thresholds and schedule early replenishment order.
MED045,LOC002,15.0,LOW,2026-09-22,22.5,None,Moderate inventory buffer (7.6 days of supply); High-criticality life-saving clinical medication,"Confirmed inbound PO (310 units) arriving in 1d from reliable vendor (98%); Regional surplus available at Central Academic Medical Center (861 units, 17.0 DOS); Alternate certified supplier available with normal lead time (2d)",0.95,No escalation required; inbound shipment (310 units) confirmed on schedule arriving in 1d. Maintain standard monitoring.
MED045,LOC003,11.1,LOW,2026-09-28,28.1,None,High-criticality life-saving clinical medication,"Regional surplus available at Central Academic Medical Center (861 units, 17.0 DOS); Alternate certified supplier available with normal lead time (2d)",0.95,Inventory and supply chain parameters within normal operating thresholds. Maintain standard replenishment cycle.
MED045,LOC004,11.3,LOW,2026-09-28,28.4,None,High-criticality life-saving clinical medication,"Regional surplus available at Central Academic Medical Center (861 units, 17.0 DOS); Alternate certified supplier available with normal lead time (2d)",0.95,Inventory and supply chain parameters within normal operating thresholds. Maintain standard replenishment cycle.
MED045,LOC005,39.5,MEDIUM,2026-09-25,25.4,Active replenishment purchase order delayed by carrier/supplier,High-criticality life-saving clinical medication,"Regional surplus available at Central Academic Medical Center (861 units, 17.0 DOS); Alternate certified supplier available with normal lead time (2d)",0.95,Emerging supply vulnerability. Review reorder thresholds and schedule early replenishment order.
MED045,LOC006,11.1,LOW,2026-09-28,28.9,None,High-criticality life-saving clinical medication,"Regional surplus available at Central Academic Medical Center (861 units, 17.0 DOS); Alternate certified supplier available with normal lead time (2d)",0.95,Inventory and supply chain parameters within normal operating thresholds. Maintain standard replenishment cycle.
MED045,LOC007,18.9,LOW,2026-09-28,28.6,None,High-criticality life-saving clinical medication,"Regional surplus available at Central Academic Medical Center (861 units, 17.0 DOS); Alternate certified supplier available with normal lead time (2d)",0.95,Inventory and supply chain parameters within normal operating thresholds. Maintain standard replenishment cycle.
MED046,LOC001,30.1,MEDIUM,2026-09-23,23.2,Active replenishment purchase order delayed by carrier/supplier,None,Alternate certified supplier available with normal lead time (4d),0.95,Emerging supply vulnerability. Review reorder thresholds and schedule early replenishment order.
MED046,LOC002,38.3,MEDIUM,2026-09-13,13.4,Active replenishment purchase order delayed by carrier/supplier,None,"Regional surplus available at Central Academic Medical Center (1684 units, 24.1 DOS); Alternate certified supplier available with normal lead time (4d)",0.95,Emerging supply vulnerability. Review reorder thresholds and schedule early replenishment order.
MED046,LOC003,38.1,MEDIUM,2026-09-13,13.4,Active replenishment purchase order delayed by carrier/supplier,None,"Regional surplus available at Central Academic Medical Center (1684 units, 24.1 DOS); Alternate certified supplier available with normal lead time (4d)",0.95,Emerging supply vulnerability. Review reorder thresholds and schedule early replenishment order.
MED046,LOC004,35.6,MEDIUM,2026-09-14,14.7,Active replenishment purchase order delayed by carrier/supplier,None,"Regional surplus available at Central Academic Medical Center (1684 units, 24.1 DOS); Alternate certified supplier available with normal lead time (4d)",0.95,Emerging supply vulnerability. Review reorder thresholds and schedule early replenishment order.
MED046,LOC005,30.3,MEDIUM,2026-09-16,16.7,Active replenishment purchase order delayed by carrier/supplier,None,"Regional surplus available at Central Academic Medical Center (1684 units, 24.1 DOS); Alternate certified supplier available with normal lead time (4d)",0.95,Emerging supply vulnerability. Review reorder thresholds and schedule early replenishment order.
MED046,LOC006,30.2,MEDIUM,2026-09-23,23.4,Active replenishment purchase order delayed by carrier/supplier,None,"Regional surplus available at Central Academic Medical Center (1684 units, 24.1 DOS); Alternate certified supplier available with normal lead time (4d)",0.95,Emerging supply vulnerability. Review reorder thresholds and schedule early replenishment order.
MED046,LOC007,39.2,MEDIUM,2026-09-14,14.0,Active replenishment purchase order delayed by carrier/supplier,None,"Regional surplus available at Central Academic Medical Center (1684 units, 24.1 DOS); Alternate certified supplier available with normal lead time (4d)",0.95,Emerging supply vulnerability. Review reorder thresholds and schedule early replenishment order.
MED047,LOC001,38.4,MEDIUM,2026-09-12,12.0,Active replenishment purchase order delayed by carrier/supplier,None,"Regional surplus available at Valley Regional Trauma Center (765 units, 25.4 DOS); Alternate certified supplier available with normal lead time (3d)",0.95,Emerging supply vulnerability. Review reorder thresholds and schedule early replenishment order.
MED047,LOC002,38.3,MEDIUM,2026-09-12,12.4,Active replenishment purchase order delayed by carrier/supplier,None,"Regional surplus available at Valley Regional Trauma Center (765 units, 25.4 DOS); Alternate certified supplier available with normal lead time (3d)",0.95,Emerging supply vulnerability. Review reorder thresholds and schedule early replenishment order.
MED047,LOC003,30.3,MEDIUM,2026-09-22,22.1,Active replenishment purchase order delayed by carrier/supplier,None,"Regional surplus available at Valley Regional Trauma Center (765 units, 25.4 DOS); Alternate certified supplier available with normal lead time (3d)",0.95,Emerging supply vulnerability. Review reorder thresholds and schedule early replenishment order.
MED047,LOC004,30.6,MEDIUM,2026-09-19,19.0,Active replenishment purchase order delayed by carrier/supplier,None,"Regional surplus available at Valley Regional Trauma Center (765 units, 25.4 DOS); Alternate certified supplier available with normal lead time (3d)",0.95,Emerging supply vulnerability. Review reorder thresholds and schedule early replenishment order.
MED047,LOC005,30.4,MEDIUM,2026-09-14,14.7,Active replenishment purchase order delayed by carrier/supplier,None,"Regional surplus available at Valley Regional Trauma Center (765 units, 25.4 DOS); Alternate certified supplier available with normal lead time (3d)",0.95,Emerging supply vulnerability. Review reorder thresholds and schedule early replenishment order.
MED047,LOC006,30.2,MEDIUM,2026-09-26,26.2,Active replenishment purchase order delayed by carrier/supplier,None,Alternate certified supplier available with normal lead time (3d),0.95,Emerging supply vulnerability. Review reorder thresholds and schedule early replenishment order.
MED047,LOC007,31.4,MEDIUM,2026-09-23,23.6,Active replenishment purchase order delayed by carrier/supplier,None,"Regional surplus available at Valley Regional Trauma Center (765 units, 25.4 DOS); Alternate certified supplier available with normal lead time (3d)",0.95,Emerging supply vulnerability. Review reorder thresholds and schedule early replenishment order.
MED048,LOC001,39.3,MEDIUM,2026-09-16,16.2,Active replenishment purchase order delayed by carrier/supplier,High-criticality life-saving clinical medication,Alternate certified supplier available with normal lead time (2d),0.95,Emerging supply vulnerability. Review reorder thresholds and schedule early replenishment order.
MED048,LOC002,39.8,MEDIUM,2026-09-29,29.4,Active replenishment purchase order delayed by carrier/supplier,High-criticality life-saving clinical medication,Alternate certified supplier available with normal lead time (2d),0.95,Emerging supply vulnerability. Review reorder thresholds and schedule early replenishment order.
MED048,LOC003,39.6,MEDIUM,2026-09-15,15.6,Active replenishment purchase order delayed by carrier/supplier,High-criticality life-saving clinical medication,Alternate certified supplier available with normal lead time (2d),0.95,Emerging supply vulnerability. Review reorder thresholds and schedule early replenishment order.
MED048,LOC004,57.5,HIGH,2026-09-11,11.8,Active replenishment purchase order delayed by carrier/supplier,High-criticality life-saving clinical medication,Alternate certified supplier available with normal lead time (2d),0.95,Place expedited replenishment purchase order and monitor daily burn rate closely.
MED048,LOC005,50.3,MEDIUM,2026-09-14,14.7,Active replenishment purchase order delayed by carrier/supplier,High-criticality life-saving clinical medication,Alternate certified supplier available with normal lead time (2d),0.95,Emerging supply vulnerability. Review reorder thresholds and schedule early replenishment order.
MED048,LOC006,46.0,MEDIUM,2026-09-20,20.2,Active replenishment purchase order delayed by carrier/supplier,High-criticality life-saving clinical medication,Alternate certified supplier available with normal lead time (2d),0.95,Emerging supply vulnerability. Review reorder thresholds and schedule early replenishment order.
MED048,LOC007,41.3,MEDIUM,2026-09-17,17.0,Active replenishment purchase order delayed by carrier/supplier,High-criticality life-saving clinical medication,Alternate certified supplier available with normal lead time (2d),0.95,Emerging supply vulnerability. Review reorder thresholds and schedule early replenishment order.
MED049,LOC001,38.0,MEDIUM,2026-09-13,13.9,Active replenishment purchase order delayed by carrier/supplier,None,"Regional surplus available at Valley Regional Trauma Center (2536 units, 24.2 DOS); Alternate certified supplier available with normal lead time (3d)",0.95,Emerging supply vulnerability. Review reorder thresholds and schedule early replenishment order.
MED049,LOC002,38.2,MEDIUM,2026-09-13,13.6,Active replenishment purchase order delayed by carrier/supplier,None,"Regional surplus available at Valley Regional Trauma Center (2536 units, 24.2 DOS); Alternate certified supplier available with normal lead time (3d)",0.95,Emerging supply vulnerability. Review reorder thresholds and schedule early replenishment order.
MED049,LOC003,15.0,LOW,2026-09-24,24.5,None,Moderate inventory buffer (7.1 days of supply),"Confirmed inbound PO (2000 units) arriving in 0d from reliable vendor (97%); Regional surplus available at Valley Regional Trauma Center (2536 units, 24.2 DOS); Alternate certified supplier available with normal lead time (3d)",0.95,No escalation required; inbound shipment (2000 units) confirmed on schedule arriving in 0d. Maintain standard monitoring.
MED049,LOC004,30.4,MEDIUM,2026-09-25,25.0,Active replenishment purchase order delayed by carrier/supplier,None,"Regional surplus available at Valley Regional Trauma Center (2536 units, 24.2 DOS); Alternate certified supplier available with normal lead time (3d)",0.95,Emerging supply vulnerability. Review reorder thresholds and schedule early replenishment order.
MED049,LOC005,30.2,MEDIUM,2026-09-19,19.2,Active replenishment purchase order delayed by carrier/supplier,None,"Regional surplus available at Valley Regional Trauma Center (2536 units, 24.2 DOS); Alternate certified supplier available with normal lead time (3d)",0.95,Emerging supply vulnerability. Review reorder thresholds and schedule early replenishment order.
MED049,LOC006,30.0,MEDIUM,2026-09-24,24.1,Active replenishment purchase order delayed by carrier/supplier,None,Alternate certified supplier available with normal lead time (3d),0.95,Emerging supply vulnerability. Review reorder thresholds and schedule early replenishment order.
MED049,LOC007,31.2,MEDIUM,2026-09-23,23.5,Active replenishment purchase order delayed by carrier/supplier,None,"Regional surplus available at Valley Regional Trauma Center (2536 units, 24.2 DOS); Alternate certified supplier available with normal lead time (3d)",0.95,Emerging supply vulnerability. Review reorder thresholds and schedule early replenishment order.
MED050,LOC001,38.2,MEDIUM,2026-09-13,13.4,Active replenishment purchase order delayed by carrier/supplier,None,"Regional surplus available at North Suburban General Hospital (1204 units, 20.7 DOS); Alternate certified supplier available with normal lead time (4d)",0.95,Emerging supply vulnerability. Review reorder thresholds and schedule early replenishment order.
MED050,LOC002,30.1,MEDIUM,2026-09-21,21.6,Active replenishment purchase order delayed by carrier/supplier,None,Alternate certified supplier available with normal lead time (4d),0.95,Emerging supply vulnerability. Review reorder thresholds and schedule early replenishment order.
MED050,LOC003,38.1,MEDIUM,2026-09-13,13.2,Active replenishment purchase order delayed by carrier/supplier,None,"Regional surplus available at North Suburban General Hospital (1204 units, 20.7 DOS); Alternate certified supplier available with normal lead time (4d)",0.95,Emerging supply vulnerability. Review reorder thresholds and schedule early replenishment order.
MED050,LOC004,15.0,LOW,2026-09-25,25.8,None,Moderate inventory buffer (9.4 days of supply),"Confirmed inbound PO (960 units) arriving in 1d from reliable vendor (96%); Regional surplus available at North Suburban General Hospital (1204 units, 20.7 DOS); Alternate certified supplier available with normal lead time (4d)",0.95,No escalation required; inbound shipment (960 units) confirmed on schedule arriving in 1d. Maintain standard monitoring.
MED050,LOC005,15.0,LOW,2026-09-24,24.4,None,Moderate inventory buffer (8.2 days of supply),"Confirmed inbound PO (850 units) arriving in 1d from reliable vendor (96%); Regional surplus available at North Suburban General Hospital (1204 units, 20.7 DOS); Alternate certified supplier available with normal lead time (4d)",0.95,No escalation required; inbound shipment (850 units) confirmed on schedule arriving in 1d. Maintain standard monitoring.
MED050,LOC006,18.3,LOW,2026-09-26,26.9,None,Moderate inventory buffer (9.9 days of supply),"Regional surplus available at North Suburban General Hospital (1204 units, 20.7 DOS); Alternate certified supplier available with normal lead time (4d)",0.95,Inventory and supply chain parameters within normal operating thresholds. Maintain standard replenishment cycle.
MED050,LOC007,31.0,MEDIUM,2026-09-20,20.2,Active replenishment purchase order delayed by carrier/supplier,None,"Regional surplus available at North Suburban General Hospital (1204 units, 20.7 DOS); Alternate certified supplier available with normal lead time (4d)",0.95,Emerging supply vulnerability. Review reorder thresholds and schedule early replenishment order.
MED051,LOC001,30.1,MEDIUM,2026-09-20,20.8,Active replenishment purchase order delayed by carrier/supplier,None,"Regional surplus available at Metro Memorial Health - Main (1729 units, 21.7 DOS); Alternate certified supplier available with normal lead time (2d)",0.95,Emerging supply vulnerability. Review reorder thresholds and schedule early replenishment order.
MED051,LOC002,30.3,MEDIUM,2026-09-23,23.2,Active replenishment purchase order delayed by carrier/supplier,None,"Regional surplus available at Metro Memorial Health - Main (1729 units, 21.7 DOS); Alternate certified supplier available with normal lead time (2d)",0.95,Emerging supply vulnerability. Review reorder thresholds and schedule early replenishment order.
MED051,LOC003,30.1,MEDIUM,2026-09-21,21.9,Active replenishment purchase order delayed by carrier/supplier,None,Alternate certified supplier available with normal lead time (2d),0.95,Emerging supply vulnerability. Review reorder thresholds and schedule early replenishment order.
MED051,LOC004,30.4,MEDIUM,2026-09-23,23.3,Active replenishment purchase order delayed by carrier/supplier,None,"Regional surplus available at Metro Memorial Health - Main (1729 units, 21.7 DOS); Alternate certified supplier available with normal lead time (2d)",0.95,Emerging supply vulnerability. Review reorder thresholds and schedule early replenishment order.
MED051,LOC005,38.2,MEDIUM,2026-09-10,10.2,Active replenishment purchase order delayed by carrier/supplier,None,"Regional surplus available at Metro Memorial Health - Main (1729 units, 21.7 DOS); Alternate certified supplier available with normal lead time (2d)",0.95,Emerging supply vulnerability. Review reorder thresholds and schedule early replenishment order.
MED051,LOC006,30.1,MEDIUM,2026-09-20,20.0,Active replenishment purchase order delayed by carrier/supplier,None,"Regional surplus available at Metro Memorial Health - Main (1729 units, 21.7 DOS); Alternate certified supplier available with normal lead time (2d)",0.95,Emerging supply vulnerability. Review reorder thresholds and schedule early replenishment order.
MED051,LOC007,31.3,MEDIUM,2026-09-17,17.5,Active replenishment purchase order delayed by carrier/supplier,None,"Regional surplus available at Metro Memorial Health - Main (1729 units, 21.7 DOS); Alternate certified supplier available with normal lead time (2d)",0.95,Emerging supply vulnerability. Review reorder thresholds and schedule early replenishment order.
MED052,LOC001,39.6,MEDIUM,2026-09-20,20.6,Active replenishment purchase order delayed by carrier/supplier,High-criticality life-saving clinical medication,"Regional surplus available at South Ambulatory & Surgical Center (47 units, 32.9 DOS); Alternate certified supplier available with normal lead time (3d)",0.95,Emerging supply vulnerability. Review reorder thresholds and schedule early replenishment order.
MED052,LOC002,39.7,MEDIUM,2026-09-21,21.4,Active replenishment purchase order delayed by carrier/supplier,High-criticality life-saving clinical medication,"Regional surplus available at South Ambulatory & Surgical Center (47 units, 32.9 DOS); Alternate certified supplier available with normal lead time (3d)",0.95,Emerging supply vulnerability. Review reorder thresholds and schedule early replenishment order.
MED052,LOC003,39.5,MEDIUM,2026-09-19,19.5,Active replenishment purchase order delayed by carrier/supplier,High-criticality life-saving clinical medication,"Regional surplus available at South Ambulatory & Surgical Center (47 units, 32.9 DOS); Alternate certified supplier available with normal lead time (3d)",0.95,Emerging supply vulnerability. Review reorder thresholds and schedule early replenishment order.
MED052,LOC004,40.4,MEDIUM,2026-09-26,26.0,Active replenishment purchase order delayed by carrier/supplier,High-criticality life-saving clinical medication,"Regional surplus available at South Ambulatory & Surgical Center (47 units, 32.9 DOS); Alternate certified supplier available with normal lead time (3d)",0.95,Emerging supply vulnerability. Review reorder thresholds and schedule early replenishment order.
MED052,LOC005,39.9,MEDIUM,2026-09-17,17.9,Active replenishment purchase order delayed by carrier/supplier,High-criticality life-saving clinical medication,"Regional surplus available at South Ambulatory & Surgical Center (47 units, 32.9 DOS); Alternate certified supplier available with normal lead time (3d)",0.95,Emerging supply vulnerability. Review reorder thresholds and schedule early replenishment order.
MED052,LOC006,11.2,LOW,2026-09-29,29.5,None,High-criticality life-saving clinical medication,"Regional surplus available at South Ambulatory & Surgical Center (47 units, 32.9 DOS); Alternate certified supplier available with normal lead time (3d)",0.95,Inventory and supply chain parameters within normal operating thresholds. Maintain standard replenishment cycle.
MED052,LOC007,41.2,MEDIUM,2026-10-05,35.8,Active replenishment purchase order delayed by carrier/supplier,High-criticality life-saving clinical medication,Alternate certified supplier available with normal lead time (3d),0.95,Emerging supply vulnerability. Review reorder thresholds and schedule early replenishment order.
MED053,LOC001,11.3,LOW,2026-09-27,27.9,None,High-criticality life-saving clinical medication,"Regional surplus available at South Ambulatory & Surgical Center (42 units, 32.6 DOS); Alternate certified supplier available with normal lead time (6d)",0.95,Inventory and supply chain parameters within normal operating thresholds. Maintain standard replenishment cycle.
MED053,LOC002,39.7,MEDIUM,2026-09-20,20.6,Active replenishment purchase order delayed by carrier/supplier,High-criticality life-saving clinical medication,"Regional surplus available at South Ambulatory & Surgical Center (42 units, 32.6 DOS); Alternate certified supplier available with normal lead time (6d)",0.95,Emerging supply vulnerability. Review reorder thresholds and schedule early replenishment order.
MED053,LOC003,30.9,MEDIUM,2026-09-22,22.8,None,Moderate inventory buffer (8.2 days of supply); High-criticality life-saving clinical medication,"Confirmed inbound PO (270 units) arriving in 2d from reliable vendor (93%); Regional surplus available at South Ambulatory & Surgical Center (42 units, 32.6 DOS); Alternate certified supplier available with normal lead time (6d)",0.95,Emerging supply vulnerability. Review reorder thresholds and schedule early replenishment order.
MED053,LOC004,40.4,MEDIUM,2026-09-20,20.8,Active replenishment purchase order delayed by carrier/supplier,High-criticality life-saving clinical medication,"Regional surplus available at South Ambulatory & Surgical Center (42 units, 32.6 DOS); Alternate certified supplier available with normal lead time (6d)",0.95,Emerging supply vulnerability. Review reorder thresholds and schedule early replenishment order.
MED053,LOC005,50.3,MEDIUM,2026-10-02,32.0,Active replenishment purchase order delayed by carrier/supplier,High-criticality life-saving clinical medication,"Regional surplus available at South Ambulatory & Surgical Center (42 units, 32.6 DOS); Alternate certified supplier available with normal lead time (6d)",0.95,Emerging supply vulnerability. Review reorder thresholds and schedule early replenishment order.
MED053,LOC006,49.9,MEDIUM,2026-09-26,26.3,Active replenishment purchase order delayed by carrier/supplier,High-criticality life-saving clinical medication,"Regional surplus available at South Ambulatory & Surgical Center (42 units, 32.6 DOS); Alternate certified supplier available with normal lead time (6d)",0.95,Emerging supply vulnerability. Review reorder thresholds and schedule early replenishment order.
MED053,LOC007,48.0,MEDIUM,2026-10-01,31.1,Active replenishment purchase order delayed by carrier/supplier,Accelerating utilization (+34.7% 7d vs 30d usage); High-criticality life-saving clinical medication,Alternate certified supplier available with normal lead time (6d),0.95,Classify as emerging risk (+34.7% demand surge); dynamically adjust safety stock baseline upwards and trigger automated replenishment PO 5 days ahead of schedule.
MED054,LOC001,39.5,MEDIUM,2026-09-22,22.8,Active replenishment purchase order delayed by carrier/supplier,High-criticality life-saving clinical medication,"Regional surplus available at South Ambulatory & Surgical Center (54 units, 31.6 DOS); Alternate certified supplier available with normal lead time (2d)",0.95,Emerging supply vulnerability. Review reorder thresholds and schedule early replenishment order.
MED054,LOC002,39.8,MEDIUM,2026-09-23,23.8,Active replenishment purchase order delayed by carrier/supplier,High-criticality life-saving clinical medication,"Regional surplus available at South Ambulatory & Surgical Center (54 units, 31.6 DOS); Alternate certified supplier available with normal lead time (2d)",0.95,Emerging supply vulnerability. Review reorder thresholds and schedule early replenishment order.
MED054,LOC003,39.5,MEDIUM,2026-09-19,19.4,Active replenishment purchase order delayed by carrier/supplier,High-criticality life-saving clinical medication,"Regional surplus available at South Ambulatory & Surgical Center (54 units, 31.6 DOS); Alternate certified supplier available with normal lead time (2d)",0.95,Emerging supply vulnerability. Review reorder thresholds and schedule early replenishment order.
MED054,LOC004,40.5,MEDIUM,2026-09-28,28.3,Active replenishment purchase order delayed by carrier/supplier,High-criticality life-saving clinical medication,"Regional surplus available at South Ambulatory & Surgical Center (54 units, 31.6 DOS); Alternate certified supplier available with normal lead time (2d)",0.95,Emerging supply vulnerability. Review reorder thresholds and schedule early replenishment order.
MED054,LOC005,46.6,MEDIUM,2026-09-20,20.8,Active replenishment purchase order delayed by carrier/supplier,High-criticality life-saving clinical medication,"Regional surplus available at South Ambulatory & Surgical Center (54 units, 31.6 DOS); Alternate certified supplier available with normal lead time (2d)",0.95,Emerging supply vulnerability. Review reorder thresholds and schedule early replenishment order.
MED054,LOC006,39.5,MEDIUM,2026-09-19,19.2,Active replenishment purchase order delayed by carrier/supplier,High-criticality life-saving clinical medication,"Regional surplus available at South Ambulatory & Surgical Center (54 units, 31.6 DOS); Alternate certified supplier available with normal lead time (2d)",0.95,Emerging supply vulnerability. Review reorder thresholds and schedule early replenishment order.
MED054,LOC007,41.2,MEDIUM,2026-10-04,34.0,Active replenishment purchase order delayed by carrier/supplier,High-criticality life-saving clinical medication,Alternate certified supplier available with normal lead time (2d),0.95,Emerging supply vulnerability. Review reorder thresholds and schedule early replenishment order.
MED055,LOC001,49.7,MEDIUM,2026-09-11,11.5,Active replenishment purchase order delayed by carrier/supplier,High-criticality life-saving clinical medication,"Regional surplus available at Metro Memorial Health - Main (1196 units, 25.7 DOS); Alternate certified supplier available with normal lead time (3d)",0.95,Emerging supply vulnerability. Review reorder thresholds and schedule early replenishment order.
MED055,LOC002,56.4,HIGH,2026-09-12,12.5,Active replenishment purchase order delayed by carrier/supplier,High-criticality life-saving clinical medication,"Regional surplus available at Metro Memorial Health - Main (1196 units, 25.7 DOS); Alternate certified supplier available with normal lead time (3d)",0.95,Rebalance regional network: initiate lateral transfer of 239 units from Metro Memorial Health - Main immediately.
MED055,LOC003,39.3,MEDIUM,2026-09-25,25.1,Active replenishment purchase order delayed by carrier/supplier,High-criticality life-saving clinical medication,Alternate certified supplier available with normal lead time (3d),0.95,Emerging supply vulnerability. Review reorder thresholds and schedule early replenishment order.
MED055,LOC004,50.5,MEDIUM,2026-09-13,13.8,Active replenishment purchase order delayed by carrier/supplier,High-criticality life-saving clinical medication,"Regional surplus available at Metro Memorial Health - Main (1196 units, 25.7 DOS); Alternate certified supplier available with normal lead time (3d)",0.95,Emerging supply vulnerability. Review reorder thresholds and schedule early replenishment order.
MED055,LOC005,15.0,LOW,2026-09-26,26.9,None,Moderate inventory buffer (9.4 days of supply); High-criticality life-saving clinical medication,"Confirmed inbound PO (340 units) arriving in 1d from reliable vendor (98%); Regional surplus available at Metro Memorial Health - Main (1196 units, 25.7 DOS); Alternate certified supplier available with normal lead time (3d)",0.95,No escalation required; inbound shipment (340 units) confirmed on schedule arriving in 1d. Maintain standard monitoring.
MED055,LOC006,56.1,HIGH,2026-09-12,12.6,Active replenishment purchase order delayed by carrier/supplier,High-criticality life-saving clinical medication,"Regional surplus available at Metro Memorial Health - Main (1196 units, 25.7 DOS); Alternate certified supplier available with normal lead time (3d)",0.95,Rebalance regional network: initiate lateral transfer of 239 units from Metro Memorial Health - Main immediately.
MED055,LOC007,40.6,MEDIUM,2026-09-30,30.1,Active replenishment purchase order delayed by carrier/supplier,High-criticality life-saving clinical medication,"Regional surplus available at Metro Memorial Health - Main (1196 units, 25.7 DOS); Alternate certified supplier available with normal lead time (3d)",0.95,Emerging supply vulnerability. Review reorder thresholds and schedule early replenishment order.
MED056,LOC001,39.3,MEDIUM,2026-09-15,15.6,Active replenishment purchase order delayed by carrier/supplier,High-criticality life-saving clinical medication,"Regional surplus available at South Ambulatory & Surgical Center (87 units, 31.2 DOS); Alternate certified supplier available with normal lead time (5d)",0.95,Emerging supply vulnerability. Review reorder thresholds and schedule early replenishment order.
MED056,LOC002,11.3,LOW,2026-09-27,27.4,None,High-criticality life-saving clinical medication,"Regional surplus available at South Ambulatory & Surgical Center (87 units, 31.2 DOS); Alternate certified supplier available with normal lead time (5d)",0.95,Inventory and supply chain parameters within normal operating thresholds. Maintain standard replenishment cycle.
MED056,LOC003,39.2,MEDIUM,2026-09-23,23.0,Active replenishment purchase order delayed by carrier/supplier,High-criticality life-saving clinical medication,"Regional surplus available at South Ambulatory & Surgical Center (87 units, 31.2 DOS); Alternate certified supplier available with normal lead time (5d)",0.95,Emerging supply vulnerability. Review reorder thresholds and schedule early replenishment order.
MED056,LOC004,24.0,LOW,2026-09-24,24.0,None,Moderate inventory buffer (10.0 days of supply); High-criticality life-saving clinical medication,"Regional surplus available at South Ambulatory & Surgical Center (87 units, 31.2 DOS); Alternate certified supplier available with normal lead time (5d)",0.95,Inventory and supply chain parameters within normal operating thresholds. Maintain standard replenishment cycle.
MED056,LOC005,63.0,HIGH,2026-09-24,24.3,Active replenishment purchase order delayed by carrier/supplier,Moderate inventory buffer (9.4 days of supply); High-criticality life-saving clinical medication,"Confirmed inbound PO (290 units) arriving in 2d from reliable vendor (96%); Regional surplus available at South Ambulatory & Surgical Center (87 units, 31.2 DOS); Alternate certified supplier available with normal lead time (5d)",0.95,Rebalance regional network: initiate lateral transfer of 17 units from South Ambulatory & Surgical Center immediately.
MED056,LOC006,39.2,MEDIUM,2026-09-21,21.8,Active replenishment purchase order delayed by carrier/supplier,High-criticality life-saving clinical medication,"Regional surplus available at South Ambulatory & Surgical Center (87 units, 31.2 DOS); Alternate certified supplier available with normal lead time (5d)",0.95,Emerging supply vulnerability. Review reorder thresholds and schedule early replenishment order.
MED056,LOC007,40.7,MEDIUM,2026-09-30,30.6,Active replenishment purchase order delayed by carrier/supplier,High-criticality life-saving clinical medication,Alternate certified supplier available with normal lead time (5d),0.95,Emerging supply vulnerability. Review reorder thresholds and schedule early replenishment order.
MED057,LOC001,72.0,HIGH,2026-08-31,0.0,Acute low inventory buffer (0.0 days of supply on hand); Primary supplier lead-time surge (4d -> 25d); Active supplier disruption causing delivery delay (20d delay),High-criticality life-saving clinical medication,Alternate certified supplier available with normal lead time (6d),0.95,Reroute purchase order allocation to Evergreen Therapeutics Supply with 6-day lead time to avoid stockout.
MED057,LOC002,72.0,HIGH,2026-09-01,1.7,Acute low inventory buffer (1.6 days of supply on hand); Primary supplier lead-time surge (4d -> 25d); Active supplier disruption causing delivery delay (20d delay),High-criticality life-saving clinical medication,Alternate certified supplier available with normal lead time (6d),0.95,Reroute purchase order allocation to Evergreen Therapeutics Supply with 6-day lead time to avoid stockout.
MED057,LOC003,72.0,HIGH,2026-08-31,0.0,Acute low inventory buffer (0.0 days of supply on hand); Primary supplier lead-time surge (4d -> 25d); Active supplier disruption causing delivery delay (20d delay),High-criticality life-saving clinical medication,Alternate certified supplier available with normal lead time (6d),0.95,Reroute purchase order allocation to Evergreen Therapeutics Supply with 6-day lead time to avoid stockout.
MED057,LOC004,72.0,HIGH,2026-09-02,2.3,Depleted inventory buffer (2.2 days of supply on hand); Primary supplier lead-time surge (4d -> 25d); Active supplier disruption causing delivery delay (20d delay),High-criticality life-saving clinical medication,Alternate certified supplier available with normal lead time (6d),0.95,Reroute purchase order allocation to Evergreen Therapeutics Supply with 6-day lead time to avoid stockout.
MED057,LOC005,72.0,HIGH,2026-09-03,3.0,Depleted inventory buffer (3.0 days of supply on hand); Primary supplier lead-time surge (4d -> 25d); Active supplier disruption causing delivery delay (20d delay),High-criticality life-saving clinical medication,Alternate certified supplier available with normal lead time (6d),0.95,Reroute purchase order allocation to Evergreen Therapeutics Supply with 6-day lead time to avoid stockout.
MED057,LOC006,72.0,HIGH,2026-09-04,4.6,Depleted inventory buffer (4.8 days of supply on hand); Primary supplier lead-time surge (4d -> 25d); Active supplier disruption causing delivery delay (20d delay),High-criticality life-saving clinical medication,Alternate certified supplier available with normal lead time (6d),0.95,Reroute purchase order allocation to Evergreen Therapeutics Supply with 6-day lead time to avoid stockout.
MED057,LOC007,72.0,HIGH,2026-08-31,0.0,Acute low inventory buffer (0.0 days of supply on hand); Primary supplier lead-time surge (4d -> 25d); Active supplier disruption causing delivery delay (20d delay),High-criticality life-saving clinical medication,Alternate certified supplier available with normal lead time (6d),0.95,Reroute purchase order allocation to Evergreen Therapeutics Supply with 6-day lead time to avoid stockout.
MED058,LOC001,39.4,MEDIUM,2026-09-15,15.1,Active replenishment purchase order delayed by carrier/supplier,High-criticality life-saving clinical medication,"Regional surplus available at Valley Regional Trauma Center (701 units, 19.2 DOS); Alternate certified supplier available with normal lead time (4d)",0.95,Emerging supply vulnerability. Review reorder thresholds and schedule early replenishment order.
MED058,LOC002,39.6,MEDIUM,2026-09-17,17.8,Active replenishment purchase order delayed by carrier/supplier,High-criticality life-saving clinical medication,"Regional surplus available at Valley Regional Trauma Center (701 units, 19.2 DOS); Alternate certified supplier available with normal lead time (4d)",0.95,Emerging supply vulnerability. Review reorder thresholds and schedule early replenishment order.
MED058,LOC003,15.0,LOW,2026-09-23,23.2,None,Moderate inventory buffer (8.4 days of supply); High-criticality life-saving clinical medication,"Confirmed inbound PO (600 units) arriving in 1d from reliable vendor (94%); Regional surplus available at Valley Regional Trauma Center (701 units, 19.2 DOS); Alternate certified supplier available with normal lead time (4d)",0.95,No escalation required; inbound shipment (600 units) confirmed on schedule arriving in 1d. Maintain standard monitoring.
MED058,LOC004,39.6,MEDIUM,2026-09-16,16.6,Active replenishment purchase order delayed by carrier/supplier,High-criticality life-saving clinical medication,"Regional surplus available at Valley Regional Trauma Center (701 units, 19.2 DOS); Alternate certified supplier available with normal lead time (4d)",0.95,Emerging supply vulnerability. Review reorder thresholds and schedule early replenishment order.
MED058,LOC005,39.4,MEDIUM,2026-09-21,21.2,Active replenishment purchase order delayed by carrier/supplier,High-criticality life-saving clinical medication,"Regional surplus available at Valley Regional Trauma Center (701 units, 19.2 DOS); Alternate certified supplier available with normal lead time (4d)",0.95,Emerging supply vulnerability. Review reorder thresholds and schedule early replenishment order.
MED058,LOC006,39.2,MEDIUM,2026-09-18,18.4,Active replenishment purchase order delayed by carrier/supplier,High-criticality life-saving clinical medication,Alternate certified supplier available with normal lead time (4d),0.95,Emerging supply vulnerability. Review reorder thresholds and schedule early replenishment order.
MED058,LOC007,40.9,MEDIUM,2026-09-21,21.8,Active replenishment purchase order delayed by carrier/supplier,High-criticality life-saving clinical medication,"Regional surplus available at Valley Regional Trauma Center (701 units, 19.2 DOS); Alternate certified supplier available with normal lead time (4d)",0.95,Emerging supply vulnerability. Review reorder thresholds and schedule early replenishment order.
MED059,LOC001,39.3,MEDIUM,2026-09-20,20.3,Active replenishment purchase order delayed by carrier/supplier,High-criticality life-saving clinical medication,"Regional surplus available at Metro Memorial Health - Main (674 units, 24.8 DOS); Alternate certified supplier available with normal lead time (3d)",0.95,Emerging supply vulnerability. Review reorder thresholds and schedule early replenishment order.
MED059,LOC002,39.6,MEDIUM,2026-09-24,24.6,Active replenishment purchase order delayed by carrier/supplier,High-criticality life-saving clinical medication,"Regional surplus available at Metro Memorial Health - Main (674 units, 24.8 DOS); Alternate certified supplier available with normal lead time (3d)",0.95,Emerging supply vulnerability. Review reorder thresholds and schedule early replenishment order.
MED059,LOC003,39.5,MEDIUM,2026-09-24,24.4,Active replenishment purchase order delayed by carrier/supplier,High-criticality life-saving clinical medication,Alternate certified supplier available with normal lead time (3d),0.95,Emerging supply vulnerability. Review reorder thresholds and schedule early replenishment order.
MED059,LOC004,50.4,MEDIUM,2026-09-14,14.7,Active replenishment purchase order delayed by carrier/supplier,High-criticality life-saving clinical medication,"Regional surplus available at Metro Memorial Health - Main (674 units, 24.8 DOS); Alternate certified supplier available with normal lead time (3d)",0.95,Emerging supply vulnerability. Review reorder thresholds and schedule early replenishment order.
MED059,LOC005,50.0,MEDIUM,2026-09-16,16.0,Active replenishment purchase order delayed by carrier/supplier,High-criticality life-saving clinical medication,"Regional surplus available at Metro Memorial Health - Main (674 units, 24.8 DOS); Alternate certified supplier available with normal lead time (3d)",0.95,Emerging supply vulnerability. Review reorder thresholds and schedule early replenishment order.
MED059,LOC006,39.4,MEDIUM,2026-09-16,16.7,Active replenishment purchase order delayed by carrier/supplier,High-criticality life-saving clinical medication,"Regional surplus available at Metro Memorial Health - Main (674 units, 24.8 DOS); Alternate certified supplier available with normal lead time (3d)",0.95,Emerging supply vulnerability. Review reorder thresholds and schedule early replenishment order.
MED059,LOC007,40.4,MEDIUM,2026-09-13,13.0,Active replenishment purchase order delayed by carrier/supplier,High-criticality life-saving clinical medication,"Regional surplus available at Metro Memorial Health - Main (674 units, 24.8 DOS); Alternate certified supplier available with normal lead time (3d)",0.95,Emerging supply vulnerability. Review reorder thresholds and schedule early replenishment order.
MED060,LOC001,40.2,MEDIUM,2026-09-21,21.2,Active replenishment purchase order delayed by carrier/supplier,High-criticality life-saving clinical medication,Alternate certified supplier available with normal lead time (2d),0.95,Emerging supply vulnerability. Review reorder thresholds and schedule early replenishment order.
MED060,LOC002,57.0,HIGH,2026-09-09,9.6,Active replenishment purchase order delayed by carrier/supplier,High-criticality life-saving clinical medication,Alternate certified supplier available with normal lead time (2d),0.95,Place expedited replenishment purchase order and monitor daily burn rate closely.
MED060,LOC003,40.2,MEDIUM,2026-09-19,19.4,Active replenishment purchase order delayed by carrier/supplier,High-criticality life-saving clinical medication,Alternate certified supplier available with normal lead time (2d),0.95,Emerging supply vulnerability. Review reorder thresholds and schedule early replenishment order.
MED060,LOC004,41.8,MEDIUM,2026-09-28,28.4,Active replenishment purchase order delayed by carrier/supplier,High-criticality life-saving clinical medication,Alternate certified supplier available with normal lead time (2d),0.95,Emerging supply vulnerability. Review reorder thresholds and schedule early replenishment order.
MED060,LOC005,41.5,MEDIUM,2026-10-01,31.5,Active replenishment purchase order delayed by carrier/supplier,High-criticality life-saving clinical medication,Alternate certified supplier available with normal lead time (2d),0.95,Emerging supply vulnerability. Review reorder thresholds and schedule early replenishment order.
MED060,LOC006,46.8,MEDIUM,2026-09-24,24.8,Active replenishment purchase order delayed by carrier/supplier,High-criticality life-saving clinical medication,Alternate certified supplier available with normal lead time (2d),0.95,Emerging supply vulnerability. Review reorder thresholds and schedule early replenishment order.
MED060,LOC007,43.8,MEDIUM,2026-10-26,56.9,Active replenishment purchase order delayed by carrier/supplier,High-criticality life-saving clinical medication,Alternate certified supplier available with normal lead time (2d),0.95,Emerging supply vulnerability. Review reorder thresholds and schedule early replenishment order.
MED061,LOC001,38.2,MEDIUM,2026-09-26,26.7,Active replenishment purchase order delayed by carrier/supplier,None,"Regional surplus available at Valley Regional Trauma Center (543 units, 15.3 DOS); Alternate certified supplier available with normal lead time (2d)",0.95,Emerging supply vulnerability. Review reorder thresholds and schedule early replenishment order.
MED061,LOC002,30.4,MEDIUM,2026-09-16,16.1,Active replenishment purchase order delayed by carrier/supplier,None,"Regional surplus available at Valley Regional Trauma Center (543 units, 15.3 DOS); Alternate certified supplier available with normal lead time (2d)",0.95,Emerging supply vulnerability. Review reorder thresholds and schedule early replenishment order.
MED061,LOC003,8.5,LOW,2026-09-28,28.4,None,None,"Regional surplus available at Valley Regional Trauma Center (543 units, 15.3 DOS); Alternate certified supplier available with normal lead time (2d)",0.95,Inventory and supply chain parameters within normal operating thresholds. Maintain standard replenishment cycle.
MED061,LOC004,30.7,MEDIUM,2026-09-22,22.8,Active replenishment purchase order delayed by carrier/supplier,None,"Regional surplus available at Valley Regional Trauma Center (543 units, 15.3 DOS); Alternate certified supplier available with normal lead time (2d)",0.95,Emerging supply vulnerability. Review reorder thresholds and schedule early replenishment order.
MED061,LOC005,30.4,MEDIUM,2026-09-20,20.8,Active replenishment purchase order delayed by carrier/supplier,None,"Regional surplus available at Valley Regional Trauma Center (543 units, 15.3 DOS); Alternate certified supplier available with normal lead time (2d)",0.95,Emerging supply vulnerability. Review reorder thresholds and schedule early replenishment order.
MED061,LOC006,30.2,MEDIUM,2026-09-15,15.4,Active replenishment purchase order delayed by carrier/supplier,None,Alternate certified supplier available with normal lead time (2d),0.95,Emerging supply vulnerability. Review reorder thresholds and schedule early replenishment order.
MED061,LOC007,31.6,MEDIUM,2026-09-24,24.1,Active replenishment purchase order delayed by carrier/supplier,None,"Regional surplus available at Valley Regional Trauma Center (543 units, 15.3 DOS); Alternate certified supplier available with normal lead time (2d)",0.95,Emerging supply vulnerability. Review reorder thresholds and schedule early replenishment order.
MED062,LOC001,30.2,MEDIUM,2026-09-18,18.2,Active replenishment purchase order delayed by carrier/supplier,None,"Regional surplus available at Valley Regional Trauma Center (1258 units, 19.1 DOS); Alternate certified supplier available with normal lead time (3d)",0.95,Emerging supply vulnerability. Review reorder thresholds and schedule early replenishment order.
MED062,LOC002,30.2,MEDIUM,2026-09-17,17.7,Active replenishment purchase order delayed by carrier/supplier,None,"Regional surplus available at Valley Regional Trauma Center (1258 units, 19.1 DOS); Alternate certified supplier available with normal lead time (3d)",0.95,Emerging supply vulnerability. Review reorder thresholds and schedule early replenishment order.
MED062,LOC003,15.0,LOW,2026-09-25,25.2,None,Moderate inventory buffer (9.6 days of supply),"Confirmed inbound PO (1040 units) arriving in 1d from reliable vendor (98%); Regional surplus available at Valley Regional Trauma Center (1258 units, 19.1 DOS); Alternate certified supplier available with normal lead time (3d)",0.95,No escalation required; inbound shipment (1040 units) confirmed on schedule arriving in 1d. Maintain standard monitoring.
MED062,LOC004,35.6,MEDIUM,2026-09-18,18.1,Active replenishment purchase order delayed by carrier/supplier,None,"Regional surplus available at Valley Regional Trauma Center (1258 units, 19.1 DOS); Alternate certified supplier available with normal lead time (3d)",0.95,Emerging supply vulnerability. Review reorder thresholds and schedule early replenishment order.
MED062,LOC005,18.5,LOW,2026-09-25,25.9,None,Moderate inventory buffer (10.0 days of supply),"Confirmed inbound PO (460 units) arriving in 2d from reliable vendor (98%); Regional surplus available at Valley Regional Trauma Center (1258 units, 19.1 DOS); Alternate certified supplier available with normal lead time (3d)",0.95,No escalation required; inbound shipment (460 units) confirmed on schedule arriving in 2d. Maintain standard monitoring.
MED062,LOC006,30.1,MEDIUM,2026-09-19,19.0,Active replenishment purchase order delayed by carrier/supplier,None,Alternate certified supplier available with normal lead time (3d),0.95,Emerging supply vulnerability. Review reorder thresholds and schedule early replenishment order.
MED062,LOC007,39.1,MEDIUM,2026-09-18,18.9,Active replenishment purchase order delayed by carrier/supplier,None,"Regional surplus available at Valley Regional Trauma Center (1258 units, 19.1 DOS); Alternate certified supplier available with normal lead time (3d)",0.95,Emerging supply vulnerability. Review reorder thresholds and schedule early replenishment order.
MED063,LOC001,8.5,LOW,2026-09-27,27.6,None,None,"Regional surplus available at South Ambulatory & Surgical Center (46 units, 33.8 DOS); Alternate certified supplier available with normal lead time (3d)",0.95,Inventory and supply chain parameters within normal operating thresholds. Maintain standard replenishment cycle.
MED063,LOC002,13.8,LOW,2026-09-27,27.4,None,None,"Regional surplus available at South Ambulatory & Surgical Center (46 units, 33.8 DOS); Alternate certified supplier available with normal lead time (3d)",0.95,Inventory and supply chain parameters within normal operating thresholds. Maintain standard replenishment cycle.
MED063,LOC003,15.0,LOW,2026-09-22,22.1,None,Moderate inventory buffer (7.7 days of supply),"Confirmed inbound PO (370 units) arriving in 1d from reliable vendor (98%); Regional surplus available at South Ambulatory & Surgical Center (46 units, 33.8 DOS); Alternate certified supplier available with normal lead time (3d)",0.95,No escalation required; inbound shipment (370 units) confirmed on schedule arriving in 1d. Maintain standard monitoring.
MED063,LOC004,39.0,MEDIUM,2026-10-02,32.7,Active replenishment purchase order delayed by carrier/supplier,None,"Regional surplus available at South Ambulatory & Surgical Center (46 units, 33.8 DOS); Alternate certified supplier available with normal lead time (3d)",0.95,Emerging supply vulnerability. Review reorder thresholds and schedule early replenishment order.
MED063,LOC005,8.8,LOW,2026-09-28,28.1,None,None,"Regional surplus available at South Ambulatory & Surgical Center (46 units, 33.8 DOS); Alternate certified supplier available with normal lead time (3d)",0.95,Inventory and supply chain parameters within normal operating thresholds. Maintain standard replenishment cycle.
MED063,LOC006,30.2,MEDIUM,2026-09-15,15.3,Active replenishment purchase order delayed by carrier/supplier,None,"Regional surplus available at South Ambulatory & Surgical Center (46 units, 33.8 DOS); Alternate certified supplier available with normal lead time (3d)",0.95,Emerging supply vulnerability. Review reorder thresholds and schedule early replenishment order.
MED063,LOC007,32.2,MEDIUM,2026-09-28,28.0,Active replenishment purchase order delayed by carrier/supplier,None,Alternate certified supplier available with normal lead time (3d),0.95,Emerging supply vulnerability. Review reorder thresholds and schedule early replenishment order.
MED064,LOC001,38.1,MEDIUM,2026-09-14,14.3,Active replenishment purchase order delayed by carrier/supplier,None,"Regional surplus available at North Suburban General Hospital (1437 units, 21.0 DOS); Alternate certified supplier available with normal lead time (5d)",0.95,Emerging supply vulnerability. Review reorder thresholds and schedule early replenishment order.
MED064,LOC002,30.3,MEDIUM,2026-09-21,21.3,Active replenishment purchase order delayed by carrier/supplier,None,Alternate certified supplier available with normal lead time (5d),0.95,Emerging supply vulnerability. Review reorder thresholds and schedule early replenishment order.
MED064,LOC003,30.1,MEDIUM,2026-09-16,16.5,Active replenishment purchase order delayed by carrier/supplier,None,"Regional surplus available at North Suburban General Hospital (1437 units, 21.0 DOS); Alternate certified supplier available with normal lead time (5d)",0.95,Emerging supply vulnerability. Review reorder thresholds and schedule early replenishment order.
MED064,LOC004,18.6,LOW,2026-09-25,25.0,None,Moderate inventory buffer (9.0 days of supply),"Confirmed inbound PO (380 units) arriving in 2d from reliable vendor (96%); Regional surplus available at North Suburban General Hospital (1437 units, 21.0 DOS); Alternate certified supplier available with normal lead time (5d)",0.95,No escalation required; inbound shipment (380 units) confirmed on schedule arriving in 2d. Maintain standard monitoring.
MED064,LOC005,18.5,LOW,2026-09-24,24.3,None,Moderate inventory buffer (9.6 days of supply),"Confirmed inbound PO (840 units) arriving in 2d from reliable vendor (96%); Regional surplus available at North Suburban General Hospital (1437 units, 21.0 DOS); Alternate certified supplier available with normal lead time (5d)",0.95,No escalation required; inbound shipment (840 units) confirmed on schedule arriving in 2d. Maintain standard monitoring.
MED064,LOC006,8.3,LOW,2026-09-28,28.7,None,None,"Regional surplus available at North Suburban General Hospital (1437 units, 21.0 DOS); Alternate certified supplier available with normal lead time (5d)",0.95,Inventory and supply chain parameters within normal operating thresholds. Maintain standard replenishment cycle.
MED064,LOC007,30.9,MEDIUM,2026-09-24,24.1,Active replenishment purchase order delayed by carrier/supplier,None,"Regional surplus available at North Suburban General Hospital (1437 units, 21.0 DOS); Alternate certified supplier available with normal lead time (5d)",0.95,Emerging supply vulnerability. Review reorder thresholds and schedule early replenishment order.
MED065,LOC001,22.6,LOW,2026-09-16,16.1,Active replenishment purchase order delayed by carrier/supplier,None,"Regional surplus available at Metro Memorial Health - Main (762 units, 19.0 DOS); Alternate certified supplier available with normal lead time (2d)",0.95,Inventory and supply chain parameters within normal operating thresholds. Maintain standard replenishment cycle.
MED065,LOC002,28.8,LOW,2026-09-11,11.5,Active replenishment purchase order delayed by carrier/supplier,None,"Regional surplus available at Metro Memorial Health - Main (762 units, 19.0 DOS); Alternate certified supplier available with normal lead time (2d)",0.95,Inventory and supply chain parameters within normal operating thresholds. Maintain standard replenishment cycle.
MED065,LOC003,22.7,LOW,2026-09-19,19.0,Active replenishment purchase order delayed by carrier/supplier,None,Alternate certified supplier available with normal lead time (2d),0.95,Inventory and supply chain parameters within normal operating thresholds. Maintain standard replenishment cycle.
MED065,LOC004,29.1,LOW,2026-09-15,15.9,Active replenishment purchase order delayed by carrier/supplier,None,"Regional surplus available at Metro Memorial Health - Main (762 units, 19.0 DOS); Alternate certified supplier available with normal lead time (2d)",0.95,Inventory and supply chain parameters within normal operating thresholds. Maintain standard replenishment cycle.
MED065,LOC005,22.8,LOW,2026-09-24,24.6,Active replenishment purchase order delayed by carrier/supplier,None,"Regional surplus available at Metro Memorial Health - Main (762 units, 19.0 DOS); Alternate certified supplier available with normal lead time (2d)",0.95,Inventory and supply chain parameters within normal operating thresholds. Maintain standard replenishment cycle.
MED065,LOC006,15.0,LOW,2026-09-26,26.4,None,Moderate inventory buffer (8.0 days of supply),"Confirmed inbound PO (700 units) arriving in 1d from reliable vendor (99%); Regional surplus available at Metro Memorial Health - Main (762 units, 19.0 DOS); Alternate certified supplier available with normal lead time (2d)",0.95,No escalation required; inbound shipment (700 units) confirmed on schedule arriving in 1d. Maintain standard monitoring.
MED065,LOC007,23.4,LOW,2026-09-29,29.3,Active replenishment purchase order delayed by carrier/supplier,None,"Regional surplus available at Metro Memorial Health - Main (762 units, 19.0 DOS); Alternate certified supplier available with normal lead time (2d)",0.95,Inventory and supply chain parameters within normal operating thresholds. Maintain standard replenishment cycle.
MED066,LOC001,15.0,LOW,2026-09-25,25.1,None,Moderate inventory buffer (8.9 days of supply); High-criticality life-saving clinical medication,"Confirmed inbound PO (1370 units) arriving in 1d from reliable vendor (98%); Regional surplus available at Metro Memorial Health - Main (828 units, 12.5 DOS); Alternate certified supplier available with normal lead time (2d)",0.95,No escalation required; inbound shipment (1370 units) confirmed on schedule arriving in 1d. Maintain standard monitoring.
MED066,LOC002,11.0,LOW,2026-09-27,27.9,None,High-criticality life-saving clinical medication,"Regional surplus available at Metro Memorial Health - Main (828 units, 12.5 DOS); Alternate certified supplier available with normal lead time (2d)",0.95,Inventory and supply chain parameters within normal operating thresholds. Maintain standard replenishment cycle.
MED066,LOC003,11.0,LOW,2026-09-28,28.6,None,High-criticality life-saving clinical medication,Alternate certified supplier available with normal lead time (2d),0.95,Inventory and supply chain parameters within normal operating thresholds. Maintain standard replenishment cycle.
MED066,LOC004,39.6,MEDIUM,2026-09-19,19.7,Active replenishment purchase order delayed by carrier/supplier,High-criticality life-saving clinical medication,"Regional surplus available at Metro Memorial Health - Main (828 units, 12.5 DOS); Alternate certified supplier available with normal lead time (2d)",0.95,Emerging supply vulnerability. Review reorder thresholds and schedule early replenishment order.
MED066,LOC005,49.7,MEDIUM,2026-09-14,14.2,Active replenishment purchase order delayed by carrier/supplier,High-criticality life-saving clinical medication,"Regional surplus available at Metro Memorial Health - Main (828 units, 12.5 DOS); Alternate certified supplier available with normal lead time (2d)",0.95,Emerging supply vulnerability. Review reorder thresholds and schedule early replenishment order.
MED066,LOC006,23.9,LOW,2026-09-23,23.5,None,Moderate inventory buffer (8.7 days of supply); High-criticality life-saving clinical medication,"Confirmed inbound PO (960 units) arriving in 2d from reliable vendor (98%); Regional surplus available at Metro Memorial Health - Main (828 units, 12.5 DOS); Alternate certified supplier available with normal lead time (2d)",0.95,No escalation required; inbound shipment (960 units) confirmed on schedule arriving in 2d. Maintain standard monitoring.
MED066,LOC007,15.0,LOW,2026-09-23,23.8,None,Moderate inventory buffer (6.7 days of supply); High-criticality life-saving clinical medication,"Confirmed inbound PO (80 units) arriving in 0d from reliable vendor (98%); Regional surplus available at Metro Memorial Health - Main (828 units, 12.5 DOS); Alternate certified supplier available with normal lead time (2d)",0.95,No escalation required; inbound shipment (80 units) confirmed on schedule arriving in 0d. Maintain standard monitoring.
MED067,LOC001,8.4,LOW,2026-09-26,26.8,None,None,"Regional surplus available at North Suburban General Hospital (526 units, 18.7 DOS); Alternate certified supplier available with normal lead time (6d)",0.95,Inventory and supply chain parameters within normal operating thresholds. Maintain standard replenishment cycle.
MED067,LOC002,30.4,MEDIUM,2026-09-18,18.4,Active replenishment purchase order delayed by carrier/supplier,None,Alternate certified supplier available with normal lead time (6d),0.95,Emerging supply vulnerability. Review reorder thresholds and schedule early replenishment order.
MED067,LOC003,18.4,LOW,2026-09-24,24.4,None,Moderate inventory buffer (9.3 days of supply),"Confirmed inbound PO (780 units) arriving in 2d from reliable vendor (95%); Regional surplus available at North Suburban General Hospital (526 units, 18.7 DOS); Alternate certified supplier available with normal lead time (6d)",0.95,No escalation required; inbound shipment (780 units) confirmed on schedule arriving in 2d. Maintain standard monitoring.
MED067,LOC004,23.7,LOW,2026-09-23,23.8,None,Moderate inventory buffer (9.6 days of supply),"Regional surplus available at North Suburban General Hospital (526 units, 18.7 DOS); Alternate certified supplier available with normal lead time (6d)",0.95,Inventory and supply chain parameters within normal operating thresholds. Maintain standard replenishment cycle.
MED067,LOC005,38.3,MEDIUM,2026-09-15,15.8,Active replenishment purchase order delayed by carrier/supplier,None,"Regional surplus available at North Suburban General Hospital (526 units, 18.7 DOS); Alternate certified supplier available with normal lead time (6d)",0.95,Emerging supply vulnerability. Review reorder thresholds and schedule early replenishment order.
MED067,LOC006,30.1,MEDIUM,2026-09-14,14.7,Active replenishment purchase order delayed by carrier/supplier,None,"Regional surplus available at North Suburban General Hospital (526 units, 18.7 DOS); Alternate certified supplier available with normal lead time (6d)",0.95,Emerging supply vulnerability. Review reorder thresholds and schedule early replenishment order.
MED067,LOC007,31.3,MEDIUM,2026-09-23,23.8,Active replenishment purchase order delayed by carrier/supplier,None,"Regional surplus available at North Suburban General Hospital (526 units, 18.7 DOS); Alternate certified supplier available with normal lead time (6d)",0.95,Emerging supply vulnerability. Review reorder thresholds and schedule early replenishment order.
MED068,LOC001,23.9,LOW,2026-09-24,24.6,None,Moderate inventory buffer (9.5 days of supply); High-criticality life-saving clinical medication,"Confirmed inbound PO (4610 units) arriving in 2d from reliable vendor (92%); Regional surplus available at Metro Memorial Health - Main (3127 units, 14.0 DOS); Alternate certified supplier available with normal lead time (6d)",0.95,No escalation required; inbound shipment (4610 units) confirmed on schedule arriving in 2d. Maintain standard monitoring.
MED068,LOC002,10.9,LOW,2026-09-26,26.8,None,High-criticality life-saving clinical medication,"Regional surplus available at Metro Memorial Health - Main (3127 units, 14.0 DOS); Alternate certified supplier available with normal lead time (6d)",0.95,Inventory and supply chain parameters within normal operating thresholds. Maintain standard replenishment cycle.
MED068,LOC003,10.8,LOW,2026-09-27,27.4,None,High-criticality life-saving clinical medication,Alternate certified supplier available with normal lead time (6d),0.95,Inventory and supply chain parameters within normal operating thresholds. Maintain standard replenishment cycle.
MED068,LOC004,11.1,LOW,2026-09-29,29.4,None,High-criticality life-saving clinical medication,"Regional surplus available at Metro Memorial Health - Main (3127 units, 14.0 DOS); Alternate certified supplier available with normal lead time (6d)",0.95,Inventory and supply chain parameters within normal operating thresholds. Maintain standard replenishment cycle.
MED068,LOC005,10.8,LOW,2026-09-28,28.6,None,High-criticality life-saving clinical medication,"Regional surplus available at Metro Memorial Health - Main (3127 units, 14.0 DOS); Alternate certified supplier available with normal lead time (6d)",0.95,Inventory and supply chain parameters within normal operating thresholds. Maintain standard replenishment cycle.
MED068,LOC006,10.7,LOW,2026-09-26,26.1,None,High-criticality life-saving clinical medication,"Regional surplus available at Metro Memorial Health - Main (3127 units, 14.0 DOS); Alternate certified supplier available with normal lead time (6d)",0.95,Inventory and supply chain parameters within normal operating thresholds. Maintain standard replenishment cycle.
MED068,LOC007,15.0,LOW,2026-09-23,23.9,None,Moderate inventory buffer (9.4 days of supply); High-criticality life-saving clinical medication,"Confirmed inbound PO (270 units) arriving in 1d from reliable vendor (92%); Regional surplus available at Metro Memorial Health - Main (3127 units, 14.0 DOS); Alternate certified supplier available with normal lead time (6d)",0.95,No escalation required; inbound shipment (270 units) confirmed on schedule arriving in 1d. Maintain standard monitoring.
MED069,LOC001,10.9,LOW,2026-09-27,27.4,None,High-criticality life-saving clinical medication,"Regional surplus available at Valley Regional Trauma Center (3935 units, 14.7 DOS); Alternate certified supplier available with normal lead time (7d)",0.95,Inventory and supply chain parameters within normal operating thresholds. Maintain standard replenishment cycle.
MED069,LOC002,10.9,LOW,2026-09-25,25.1,None,High-criticality life-saving clinical medication,"Regional surplus available at Valley Regional Trauma Center (3935 units, 14.7 DOS); Alternate certified supplier available with normal lead time (7d)",0.95,Inventory and supply chain parameters within normal operating thresholds. Maintain standard replenishment cycle.
MED069,LOC003,10.8,LOW,2026-09-26,26.1,None,High-criticality life-saving clinical medication,"Regional surplus available at Valley Regional Trauma Center (3935 units, 14.7 DOS); Alternate certified supplier available with normal lead time (7d)",0.95,Inventory and supply chain parameters within normal operating thresholds. Maintain standard replenishment cycle.
MED069,LOC004,15.0,LOW,2026-09-23,23.3,None,Moderate inventory buffer (8.6 days of supply); High-criticality life-saving clinical medication,"Confirmed inbound PO (460 units) arriving in 1d from reliable vendor (92%); Regional surplus available at Valley Regional Trauma Center (3935 units, 14.7 DOS); Alternate certified supplier available with normal lead time (7d)",0.95,No escalation required; inbound shipment (460 units) confirmed on schedule arriving in 1d. Maintain standard monitoring.
MED069,LOC005,10.9,LOW,2026-09-25,25.4,None,High-criticality life-saving clinical medication,"Regional surplus available at Valley Regional Trauma Center (3935 units, 14.7 DOS); Alternate certified supplier available with normal lead time (7d)",0.95,Inventory and supply chain parameters within normal operating thresholds. Maintain standard replenishment cycle.
MED069,LOC006,10.7,LOW,2026-09-28,28.2,None,High-criticality life-saving clinical medication,Alternate certified supplier available with normal lead time (7d),0.95,Inventory and supply chain parameters within normal operating thresholds. Maintain standard replenishment cycle.
MED069,LOC007,46.7,MEDIUM,2026-09-16,16.5,Active replenishment purchase order delayed by carrier/supplier,High-criticality life-saving clinical medication,"Regional surplus available at Valley Regional Trauma Center (3935 units, 14.7 DOS); Alternate certified supplier available with normal lead time (7d)",0.95,Emerging supply vulnerability. Review reorder thresholds and schedule early replenishment order.
MED070,LOC001,10.9,LOW,2026-09-25,25.8,None,High-criticality life-saving clinical medication,"Regional surplus available at South Ambulatory & Surgical Center (47 units, 82.5 DOS); Alternate certified supplier available with normal lead time (6d)",0.95,Inventory and supply chain parameters within normal operating thresholds. Maintain standard replenishment cycle.
MED070,LOC002,17.7,LOW,2026-09-26,26.6,None,High-criticality life-saving clinical medication,"Regional surplus available at South Ambulatory & Surgical Center (47 units, 82.5 DOS); Alternate certified supplier available with normal lead time (6d)",0.95,Inventory and supply chain parameters within normal operating thresholds. Maintain standard replenishment cycle.
MED070,LOC003,11.3,LOW,2026-09-26,26.0,None,High-criticality life-saving clinical medication,"Regional surplus available at South Ambulatory & Surgical Center (47 units, 82.5 DOS); Alternate certified supplier available with normal lead time (6d)",0.95,Inventory and supply chain parameters within normal operating thresholds. Maintain standard replenishment cycle.
MED070,LOC004,40.9,MEDIUM,2026-09-25,25.5,Active replenishment purchase order delayed by carrier/supplier,High-criticality life-saving clinical medication,"Regional surplus available at South Ambulatory & Surgical Center (47 units, 82.5 DOS); Alternate certified supplier available with normal lead time (6d)",0.95,Emerging supply vulnerability. Review reorder thresholds and schedule early replenishment order.
MED070,LOC005,50.0,MEDIUM,2026-09-14,14.9,Active replenishment purchase order delayed by carrier/supplier,High-criticality life-saving clinical medication,"Regional surplus available at South Ambulatory & Surgical Center (47 units, 82.5 DOS); Alternate certified supplier available with normal lead time (6d)",0.95,Emerging supply vulnerability. Review reorder thresholds and schedule early replenishment order.
MED070,LOC006,49.9,MEDIUM,2026-09-14,14.5,Active replenishment purchase order delayed by carrier/supplier,High-criticality life-saving clinical medication,"Regional surplus available at South Ambulatory & Surgical Center (47 units, 82.5 DOS); Alternate certified supplier available with normal lead time (6d)",0.95,Emerging supply vulnerability. Review reorder thresholds and schedule early replenishment order.
MED070,LOC007,42.8,MEDIUM,,,Active replenishment purchase order delayed by carrier/supplier,High-criticality life-saving clinical medication,Alternate certified supplier available with normal lead time (6d),0.95,Emerging supply vulnerability. Review reorder thresholds and schedule early replenishment order.
MED071,LOC001,35.4,MEDIUM,2026-09-15,15.8,Active replenishment purchase order delayed by carrier/supplier,None,"Regional surplus available at South Ambulatory & Surgical Center (59 units, 103.5 DOS); Alternate certified supplier available with normal lead time (6d)",0.95,Emerging supply vulnerability. Review reorder thresholds and schedule early replenishment order.
MED071,LOC002,15.0,LOW,2026-09-29,29.9,None,None,"Confirmed inbound PO (70 units) arriving in 1d from reliable vendor (90%); Regional surplus available at South Ambulatory & Surgical Center (59 units, 103.5 DOS); Alternate certified supplier available with normal lead time (6d)",0.95,No escalation required; inbound shipment (70 units) confirmed on schedule arriving in 1d. Maintain standard monitoring.
MED071,LOC003,30.8,MEDIUM,2026-09-22,22.9,Active replenishment purchase order delayed by carrier/supplier,None,"Regional surplus available at South Ambulatory & Surgical Center (59 units, 103.5 DOS); Alternate certified supplier available with normal lead time (6d)",0.95,Emerging supply vulnerability. Review reorder thresholds and schedule early replenishment order.
MED071,LOC004,32.3,MEDIUM,2026-10-21,51.5,Active replenishment purchase order delayed by carrier/supplier,None,"Regional surplus available at South Ambulatory & Surgical Center (59 units, 103.5 DOS); Alternate certified supplier available with normal lead time (6d)",0.95,Emerging supply vulnerability. Review reorder thresholds and schedule early replenishment order.
MED071,LOC005,30.8,MEDIUM,2026-09-20,20.2,Active replenishment purchase order delayed by carrier/supplier,None,"Regional surplus available at South Ambulatory & Surgical Center (59 units, 103.5 DOS); Alternate certified supplier available with normal lead time (6d)",0.95,Emerging supply vulnerability. Review reorder thresholds and schedule early replenishment order.
MED071,LOC006,30.6,MEDIUM,2026-09-26,26.5,Active replenishment purchase order delayed by carrier/supplier,None,"Regional surplus available at South Ambulatory & Surgical Center (59 units, 103.5 DOS); Alternate certified supplier available with normal lead time (6d)",0.95,Emerging supply vulnerability. Review reorder thresholds and schedule early replenishment order.
MED071,LOC007,33.7,MEDIUM,,,Active replenishment purchase order delayed by carrier/supplier,None,Alternate certified supplier available with normal lead time (6d),0.95,Emerging supply vulnerability. Review reorder thresholds and schedule early replenishment order.
MED072,LOC001,9.0,LOW,2026-09-30,30.6,None,None,Alternate certified supplier available with normal lead time (3d),0.95,Inventory and supply chain parameters within normal operating thresholds. Maintain standard replenishment cycle.
MED072,LOC002,48.0,MEDIUM,2026-10-07,37.2,None,Accelerating utilization (+35.3% 7d vs 30d usage),Alternate certified supplier available with normal lead time (3d),0.95,Classify as emerging risk (+35.3% demand surge); dynamically adjust safety stock baseline upwards and trigger automated replenishment PO 5 days ahead of schedule.
MED072,LOC003,31.2,MEDIUM,2026-09-20,20.4,Active replenishment purchase order delayed by carrier/supplier,None,Alternate certified supplier available with normal lead time (3d),0.95,Emerging supply vulnerability. Review reorder thresholds and schedule early replenishment order.
MED072,LOC004,48.0,MEDIUM,2026-09-25,25.5,Severe demand acceleration (+64.8% 7d vs 30d usage); Active replenishment purchase order delayed by carrier/supplier,None,Alternate certified supplier available with normal lead time (3d),0.95,Classify as emerging risk (+64.8% demand surge); dynamically adjust safety stock baseline upwards and trigger automated replenishment PO 5 days ahead of schedule.
MED072,LOC005,32.0,MEDIUM,2026-10-09,39.8,Active replenishment purchase order delayed by carrier/supplier,None,Alternate certified supplier available with normal lead time (3d),0.95,Emerging supply vulnerability. Review reorder thresholds and schedule early replenishment order.
MED072,LOC006,31.1,MEDIUM,2026-09-22,22.3,Active replenishment purchase order delayed by carrier/supplier,None,Alternate certified supplier available with normal lead time (3d),0.95,Emerging supply vulnerability. Review reorder thresholds and schedule early replenishment order.
MED072,LOC007,33.2,MEDIUM,,,Active replenishment purchase order delayed by carrier/supplier,None,Alternate certified supplier available with normal lead time (3d),0.95,Emerging supply vulnerability. Review reorder thresholds and schedule early replenishment order.
MED073,LOC001,30.4,MEDIUM,2026-09-22,22.8,Active replenishment purchase order delayed by carrier/supplier,None,"Regional surplus available at South Ambulatory & Surgical Center (48 units, 84.2 DOS); Alternate certified supplier available with normal lead time (6d)",0.95,Emerging supply vulnerability. Review reorder thresholds and schedule early replenishment order.
MED073,LOC002,30.7,MEDIUM,2026-09-27,27.6,Active replenishment purchase order delayed by carrier/supplier,None,"Regional surplus available at South Ambulatory & Surgical Center (48 units, 84.2 DOS); Alternate certified supplier available with normal lead time (6d)",0.95,Emerging supply vulnerability. Review reorder thresholds and schedule early replenishment order.
MED073,LOC003,30.5,MEDIUM,2026-09-23,23.9,Active replenishment purchase order delayed by carrier/supplier,None,"Regional surplus available at South Ambulatory & Surgical Center (48 units, 84.2 DOS); Alternate certified supplier available with normal lead time (6d)",0.95,Emerging supply vulnerability. Review reorder thresholds and schedule early replenishment order.
MED073,LOC004,31.9,MEDIUM,2026-09-28,28.5,Active replenishment purchase order delayed by carrier/supplier,None,"Regional surplus available at South Ambulatory & Surgical Center (48 units, 84.2 DOS); Alternate certified supplier available with normal lead time (6d)",0.95,Emerging supply vulnerability. Review reorder thresholds and schedule early replenishment order.
MED073,LOC005,30.6,MEDIUM,2026-09-16,16.3,Active replenishment purchase order delayed by carrier/supplier,None,"Regional surplus available at South Ambulatory & Surgical Center (48 units, 84.2 DOS); Alternate certified supplier available with normal lead time (6d)",0.95,Emerging supply vulnerability. Review reorder thresholds and schedule early replenishment order.
MED073,LOC006,30.6,MEDIUM,2026-09-19,19.7,Active replenishment purchase order delayed by carrier/supplier,None,"Regional surplus available at South Ambulatory & Surgical Center (48 units, 84.2 DOS); Alternate certified supplier available with normal lead time (6d)",0.95,Emerging supply vulnerability. Review reorder thresholds and schedule early replenishment order.
MED073,LOC007,32.9,MEDIUM,,,Active replenishment purchase order delayed by carrier/supplier,None,Alternate certified supplier available with normal lead time (6d),0.95,Emerging supply vulnerability. Review reorder thresholds and schedule early replenishment order.
MED074,LOC001,11.5,LOW,2026-09-25,25.8,None,High-criticality life-saving clinical medication,Confirmed inbound PO (110 units) arriving in 2d from reliable vendor (99%); Alternate certified supplier available with normal lead time (2d),0.95,No escalation required; inbound shipment (110 units) confirmed on schedule arriving in 2d. Maintain standard monitoring.
MED074,LOC002,47.2,MEDIUM,2026-09-18,18.5,Active replenishment purchase order delayed by carrier/supplier,High-criticality life-saving clinical medication,Alternate certified supplier available with normal lead time (2d),0.95,Emerging supply vulnerability. Review reorder thresholds and schedule early replenishment order.
MED074,LOC003,39.8,MEDIUM,2026-09-16,16.1,Active replenishment purchase order delayed by carrier/supplier,High-criticality life-saving clinical medication,Alternate certified supplier available with normal lead time (2d),0.95,Emerging supply vulnerability. Review reorder thresholds and schedule early replenishment order.
MED074,LOC004,55.7,HIGH,2026-10-02,32.1,Depleted inventory buffer (3.8 days of supply on hand),Accelerating utilization (+49.5% 7d vs 30d usage); High-criticality life-saving clinical medication,Confirmed inbound PO (50 units) arriving in 2d from reliable vendor (99%); Alternate certified supplier available with normal lead time (2d),0.95,Place expedited replenishment purchase order and monitor daily burn rate closely.
MED074,LOC005,39.4,MEDIUM,2026-09-26,26.1,None,Moderate inventory buffer (7.0 days of supply); Accelerating utilization (+45.2% 7d vs 30d usage); High-criticality life-saving clinical medication,Alternate certified supplier available with normal lead time (2d),0.95,Classify as emerging risk (+45.2% demand surge); dynamically adjust safety stock baseline upwards and trigger automated replenishment PO 5 days ahead of schedule.
MED074,LOC006,50.5,MEDIUM,2026-09-29,29.8,Active replenishment purchase order delayed by carrier/supplier,High-criticality life-saving clinical medication,Alternate certified supplier available with normal lead time (2d),0.95,Emerging supply vulnerability. Review reorder thresholds and schedule early replenishment order.
MED074,LOC007,43.7,MEDIUM,,,Active replenishment purchase order delayed by carrier/supplier,High-criticality life-saving clinical medication,Alternate certified supplier available with normal lead time (2d),0.95,Emerging supply vulnerability. Review reorder thresholds and schedule early replenishment order.
MED075,LOC001,10.9,LOW,2026-09-26,26.6,None,High-criticality life-saving clinical medication,"Regional surplus available at Metro Memorial Health - Main (602 units, 14.8 DOS); Alternate certified supplier available with normal lead time (6d)",0.95,Inventory and supply chain parameters within normal operating thresholds. Maintain standard replenishment cycle.
MED075,LOC002,39.5,MEDIUM,2026-09-13,13.8,Active replenishment purchase order delayed by carrier/supplier,High-criticality life-saving clinical medication,"Regional surplus available at Metro Memorial Health - Main (602 units, 14.8 DOS); Alternate certified supplier available with normal lead time (6d)",0.95,Emerging supply vulnerability. Review reorder thresholds and schedule early replenishment order.
MED075,LOC003,49.6,MEDIUM,2026-09-14,14.7,Active replenishment purchase order delayed by carrier/supplier,High-criticality life-saving clinical medication,Alternate certified supplier available with normal lead time (6d),0.95,Emerging supply vulnerability. Review reorder thresholds and schedule early replenishment order.
MED075,LOC004,40.5,MEDIUM,2026-09-17,17.0,Active replenishment purchase order delayed by carrier/supplier,High-criticality life-saving clinical medication,"Regional surplus available at Metro Memorial Health - Main (602 units, 14.8 DOS); Alternate certified supplier available with normal lead time (6d)",0.95,Emerging supply vulnerability. Review reorder thresholds and schedule early replenishment order.
MED075,LOC005,39.5,MEDIUM,2026-09-17,17.9,Active replenishment purchase order delayed by carrier/supplier,High-criticality life-saving clinical medication,"Regional surplus available at Metro Memorial Health - Main (602 units, 14.8 DOS); Alternate certified supplier available with normal lead time (6d)",0.95,Emerging supply vulnerability. Review reorder thresholds and schedule early replenishment order.
MED075,LOC006,11.0,LOW,2026-09-27,27.4,None,High-criticality life-saving clinical medication,"Regional surplus available at Metro Memorial Health - Main (602 units, 14.8 DOS); Alternate certified supplier available with normal lead time (6d)",0.95,Inventory and supply chain parameters within normal operating thresholds. Maintain standard replenishment cycle.
MED075,LOC007,40.6,MEDIUM,2026-09-20,20.2,Active replenishment purchase order delayed by carrier/supplier,High-criticality life-saving clinical medication,"Regional surplus available at Metro Memorial Health - Main (602 units, 14.8 DOS); Alternate certified supplier available with normal lead time (6d)",0.95,Emerging supply vulnerability. Review reorder thresholds and schedule early replenishment order.
