po_id,medication_id,location_id,supplier_id,order_date,expected_delivery_date,actual_delivery_date,quantity_ordered,quantity_received,status
PO-10001,MED001,LOC006,SUP001,2025-09-01,2025-09-06,2025-09-06,1400,1400,Delivered
PO-10002,MED002,LOC006,SUP010,2025-09-01,2025-09-08,2025-09-08,700,700,Delivered
PO-10003,MED004,LOC006,SUP001,2025-09-01,2025-09-05,2025-09-05,750,750,Delivered
PO-10004,MED006,LOC006,SUP001,2025-09-01,2025-09-06,2025-09-06,1180,1180,Delivered
PO-10005,MED021,LOC004,SUP002,2025-09-01,2025-09-05,2025-09-05,330,330,Delivered
PO-10006,MED030,LOC006,SUP004,2025-09-01,2025-09-06,2025-09-06,250,250,Delivered
PO-10007,MED033,LOC002,SUP004,2025-09-01,2025-09-07,2025-09-07,140,140,Delivered
PO-10008,MED039,LOC002,SUP006,2025-09-01,2025-09-09,2025-09-09,50,50,Delivered
PO-10009,MED039,LOC003,SUP006,2025-09-01,2025-09-09,2025-09-09,80,80,Delivered
PO-10010,MED039,LOC005,SUP006,2025-09-01,2025-09-09,2025-09-09,50,50,Delivered
PO-10011,MED039,LOC006,SUP006,2025-09-01,2025-09-09,2025-09-09,110,110,Delivered
PO-10012,MED052,LOC002,SUP015,2025-09-01,2025-09-04,2025-09-04,340,340,Delivered
PO-10013,MED053,LOC005,SUP010,2025-09-01,2025-09-07,2025-09-07,170,170,Delivered
PO-10014,MED060,LOC001,SUP015,2025-09-01,2025-09-03,2025-09-03,220,220,Delivered
PO-10015,MED063,LOC006,SUP004,2025-09-01,2025-09-08,2025-09-08,440,440,Delivered
PO-10016,MED068,LOC006,SUP004,2025-09-01,2025-09-07,2025-09-07,4880,4880,Delivered
PO-10017,MED072,LOC005,SUP006,2025-09-01,2025-09-08,2025-09-09,50,50,Delayed
PO-10018,MED073,LOC001,SUP004,2025-09-01,2025-09-07,2025-09-07,360,360,Delivered
PO-10019,MED073,LOC006,SUP004,2025-09-01,2025-09-07,2025-09-07,220,220,Delivered
PO-10020,MED074,LOC001,SUP006,2025-09-01,2025-09-09,2025-09-09,220,220,Delivered
PO-10021,MED074,LOC005,SUP006,2025-09-01,2025-09-09,2025-09-09,120,120,Delivered
PO-10022,MED074,LOC007,SUP006,2025-09-01,2025-09-09,2025-09-09,50,50,Delivered
PO-10023,MED005,LOC006,SUP001,2025-09-02,2025-09-07,2025-09-07,410,410,Delivered
PO-10024,MED017,LOC006,SUP001,2025-09-02,2025-09-07,2025-09-07,1330,1330,Delivered
PO-10025,MED054,LOC005,SUP015,2025-09-02,2025-09-04,2025-09-04,260,260,Delivered
PO-10026,MED072,LOC003,SUP006,2025-09-02,2025-09-09,2025-09-09,120,120,Delivered
PO-10027,MED002,LOC003,SUP010,2025-09-03,2025-09-10,2025-09-10,610,610,Delivered
PO-10028,MED033,LOC006,SUP004,2025-09-03,2025-09-09,2025-09-09,180,180,Delivered
PO-10029,MED040,LOC006,SUP004,2025-09-03,2025-09-08,2025-09-11,180,180,Delayed
PO-10030,MED053,LOC006,SUP010,2025-09-03,2025-09-09,2025-09-09,330,330,Delivered
PO-10031,MED069,LOC006,SUP004,2025-09-03,2025-09-10,2025-09-10,3310,3310,Delivered
PO-10032,MED006,LOC001,SUP001,2025-09-04,2025-09-09,2025-09-09,1250,1250,Delivered
PO-10033,MED008,LOC007,SUP001,2025-09-04,2025-09-09,2025-09-09,170,170,Delivered
PO-10034,MED013,LOC003,SUP007,2025-09-04,2025-09-09,2025-09-09,290,290,Delivered
PO-10035,MED034,LOC002,SUP013,2025-09-04,2025-09-10,2025-09-10,160,160,Delivered
PO-10036,MED053,LOC001,SUP010,2025-09-04,2025-09-10,2025-09-10,340,340,Delivered
PO-10037,MED067,LOC003,SUP012,2025-09-04,2025-09-10,2025-09-10,880,880,Delivered
PO-10038,MED003,LOC006,SUP001,2025-09-05,2025-09-08,2025-09-08,370,370,Delivered
PO-10039,MED004,LOC002,SUP001,2025-09-05,2025-09-09,2025-09-09,240,240,Delivered
PO-10040,MED040,LOC003,SUP004,2025-09-05,2025-09-10,2025-09-10,170,170,Delivered
PO-10041,MED061,LOC006,SUP004,2025-09-05,2025-09-12,2025-09-12,610,610,Delivered
PO-10042,MED010,LOC006,SUP007,2025-09-06,2025-09-10,2025-09-10,810,810,Delivered
PO-10043,MED015,LOC006,SUP011,2025-09-06,2025-09-09,2025-09-09,520,520,Delivered
PO-10044,MED020,LOC006,SUP004,2025-09-06,2025-09-11,2025-09-11,780,780,Delivered
PO-10045,MED037,LOC006,SUP015,2025-09-06,2025-09-10,2025-09-10,1950,1950,Delivered
PO-10046,MED044,LOC006,SUP010,2025-09-06,2025-09-11,2025-09-11,450,450,Delivered
PO-10047,MED057,LOC006,SUP008,2025-09-06,2025-09-10,2025-09-10,660,660,Delivered
PO-10048,MED004,LOC001,SUP001,2025-09-07,2025-09-11,2025-09-11,490,490,Delivered
PO-10049,MED025,LOC003,SUP002,2025-09-07,2025-09-12,2025-09-12,1790,1790,Delivered
PO-10050,MED026,LOC003,SUP002,2025-09-07,2025-09-13,2025-09-13,1850,1850,Delivered
PO-10051,MED027,LOC006,SUP009,2025-09-07,2025-09-12,2025-09-12,630,630,Delivered
PO-10052,MED057,LOC005,SUP008,2025-09-07,2025-09-11,2025-09-11,300,300,Delivered
PO-10053,MED059,LOC006,SUP015,2025-09-07,2025-09-10,2025-09-10,540,540,Delivered
PO-10054,MED064,LOC006,SUP005,2025-09-07,2025-09-12,2025-09-12,2030,2030,Delivered
PO-10055,MED067,LOC006,SUP012,2025-09-07,2025-09-13,2025-09-13,800,800,Delivered
PO-10056,MED071,LOC006,SUP014,2025-09-07,2025-09-13,2025-09-13,130,130,Delivered
PO-10057,MED074,LOC006,SUP006,2025-09-07,2025-09-15,2025-09-18,80,80,Delayed
PO-10058,MED001,LOC001,SUP001,2025-09-08,2025-09-13,2025-09-13,950,950,Delivered
PO-10059,MED002,LOC002,SUP010,2025-09-08,2025-09-15,2025-09-15,270,270,Delivered
PO-10060,MED005,LOC001,SUP001,2025-09-08,2025-09-13,2025-09-13,420,420,Delivered
PO-10061,MED018,LOC001,SUP001,2025-09-08,2025-09-11,2025-09-11,2290,2290,Delivered
PO-10062,MED022,LOC003,SUP002,2025-09-08,2025-09-12,2025-09-12,810,810,Delivered
PO-10063,MED032,LOC001,SUP009,2025-09-08,2025-09-11,2025-09-11,730,730,Delivered
PO-10064,MED044,LOC005,SUP010,2025-09-08,2025-09-13,2025-09-13,200,200,Delivered
PO-10065,MED045,LOC006,SUP004,2025-09-08,2025-09-13,2025-09-13,540,540,Delivered
PO-10066,MED047,LOC006,SUP015,2025-09-08,2025-09-11,2025-09-11,530,530,Delivered
PO-10067,MED050,LOC006,SUP005,2025-09-08,2025-09-12,2025-09-12,2290,2290,Delivered
PO-10068,MED052,LOC006,SUP015,2025-09-08,2025-09-11,2025-09-11,330,330,Delivered
PO-10069,MED056,LOC002,SUP005,2025-09-08,2025-09-13,2025-09-13,370,370,Delivered
PO-10070,MED058,LOC004,SUP008,2025-09-08,2025-09-13,2025-09-13,280,280,Delivered
PO-10071,MED058,LOC006,SUP008,2025-09-08,2025-09-13,2025-09-14,630,630,Delayed
PO-10072,MED069,LOC002,SUP004,2025-09-08,2025-09-15,2025-09-15,1380,1380,Delivered
PO-10073,MED072,LOC001,SUP006,2025-09-08,2025-09-15,2025-09-18,70,70,Delayed
PO-10074,MED072,LOC006,SUP006,2025-09-08,2025-09-15,2025-09-15,60,60,Delivered
PO-10075,MED074,LOC002,SUP006,2025-09-08,2025-09-16,2025-09-16,50,50,Delivered
PO-10076,MED005,LOC003,SUP001,2025-09-09,2025-09-14,2025-09-14,290,290,Delivered
PO-10077,MED005,LOC005,SUP001,2025-09-09,2025-09-14,2025-09-14,120,120,Delivered
PO-10078,MED008,LOC001,SUP001,2025-09-09,2025-09-14,2025-09-14,620,620,Delivered
PO-10079,MED008,LOC006,SUP001,2025-09-09,2025-09-14,2025-09-14,430,430,Delivered
PO-10080,MED010,LOC003,SUP007,2025-09-09,2025-09-13,2025-09-13,910,910,Delivered
PO-10081,MED012,LOC001,SUP007,2025-09-09,2025-09-13,2025-09-13,880,880,Delivered
PO-10082,MED014,LOC006,SUP007,2025-09-09,2025-09-12,2025-09-12,370,370,Delivered
PO-10083,MED016,LOC006,SUP001,2025-09-09,2025-09-13,2025-09-13,1860,1860,Delivered
PO-10084,MED024,LOC006,SUP009,2025-09-09,2025-09-14,2025-09-14,1360,1360,Delivered
PO-10085,MED025,LOC001,SUP002,2025-09-09,2025-09-14,2025-09-14,2330,2330,Delivered
PO-10086,MED027,LOC005,SUP009,2025-09-09,2025-09-14,2025-09-14,300,300,Delivered
PO-10087,MED030,LOC001,SUP004,2025-09-09,2025-09-14,2025-09-14,270,270,Delivered
PO-10088,MED030,LOC003,SUP004,2025-09-09,2025-09-14,2025-09-14,190,190,Delivered
PO-10089,MED031,LOC006,SUP015,2025-09-09,2025-09-12,2025-09-12,1090,1090,Delivered
PO-10090,MED033,LOC005,SUP004,2025-09-09,2025-09-15,2025-09-15,80,80,Delivered
PO-10091,MED034,LOC001,SUP013,2025-09-09,2025-09-15,2025-09-15,370,370,Delivered
PO-10092,MED037,LOC001,SUP015,2025-09-09,2025-09-13,2025-09-13,2740,2740,Delivered
PO-10093,MED039,LOC001,SUP006,2025-09-09,2025-09-17,2025-09-17,60,60,Delivered
PO-10094,MED053,LOC003,SUP010,2025-09-09,2025-09-15,2025-09-15,250,250,Delivered
PO-10095,MED055,LOC003,SUP015,2025-09-09,2025-09-12,2025-09-12,900,900,Delivered
PO-10096,MED055,LOC006,SUP015,2025-09-09,2025-09-12,2025-09-12,800,800,Delivered
PO-10097,MED056,LOC001,SUP005,2025-09-09,2025-09-14,2025-09-14,810,810,Delivered
PO-10098,MED058,LOC001,SUP008,2025-09-09,2025-09-14,2025-09-14,820,820,Delivered
PO-10099,MED060,LOC005,SUP015,2025-09-09,2025-09-11,2025-09-11,50,50,Delivered
PO-10100,MED060,LOC006,SUP015,2025-09-09,2025-09-11,2025-09-11,80,80,Delivered
PO-10101,MED062,LOC002,SUP004,2025-09-09,2025-09-14,2025-09-14,560,560,Delivered
PO-10102,MED063,LOC001,SUP004,2025-09-09,2025-09-16,2025-09-17,440,440,Delayed
PO-10103,MED064,LOC001,SUP005,2025-09-09,2025-09-14,2025-09-14,2750,2750,Delivered
PO-10104,MED065,LOC006,SUP015,2025-09-09,2025-09-11,2025-09-11,700,700,Delivered
PO-10105,MED071,LOC003,SUP014,2025-09-09,2025-09-15,2025-09-15,150,150,Delivered
PO-10106,MED075,LOC003,SUP004,2025-09-09,2025-09-15,2025-09-15,660,660,Delivered
PO-10107,MED002,LOC001,SUP010,2025-09-10,2025-09-17,2025-09-17,650,650,Delivered
PO-10108,MED007,LOC003,SUP011,2025-09-10,2025-09-13,2025-09-13,1200,1200,Delivered
PO-10109,MED011,LOC002,SUP011,2025-09-10,2025-09-15,2025-09-15,190,190,Delivered
PO-10110,MED012,LOC006,SUP007,2025-09-10,2025-09-14,2025-09-14,520,520,Delivered
PO-10111,MED013,LOC006,SUP007,2025-09-10,2025-09-15,2025-09-15,240,240,Delivered
PO-10112,MED015,LOC002,SUP011,2025-09-10,2025-09-13,2025-09-13,270,270,Delivered
PO-10113,MED017,LOC001,SUP001,2025-09-10,2025-09-15,2025-09-15,1520,1520,Delivered
PO-10114,MED018,LOC002,SUP001,2025-09-10,2025-09-13,2025-09-13,980,980,Delivered
PO-10115,MED019,LOC001,SUP015,2025-09-10,2025-09-13,2025-09-13,1210,1210,Delivered
PO-10116,MED020,LOC005,SUP004,2025-09-10,2025-09-15,2025-09-15,320,320,Delivered
PO-10117,MED021,LOC003,SUP002,2025-09-10,2025-09-14,2025-09-14,1430,1430,Delivered
PO-10118,MED022,LOC001,SUP002,2025-09-10,2025-09-14,2025-09-14,990,990,Delivered
PO-10119,MED023,LOC001,SUP002,2025-09-10,2025-09-14,2025-09-14,1400,1400,Delivered
PO-10120,MED023,LOC003,SUP002,2025-09-10,2025-09-14,2025-09-14,1050,1050,Delivered
PO-10121,MED025,LOC002,SUP002,2025-09-10,2025-09-15,2025-09-15,910,910,Delivered
PO-10122,MED026,LOC001,SUP002,2025-09-10,2025-09-16,2025-09-16,2370,2370,Delivered
PO-10123,MED027,LOC001,SUP009,2025-09-10,2025-09-15,2025-09-15,860,860,Delivered
PO-10124,MED028,LOC001,SUP002,2025-09-10,2025-09-15,2025-09-15,730,730,Delivered
PO-10125,MED029,LOC001,SUP015,2025-09-10,2025-09-13,2025-09-13,350,350,Delivered
PO-10126,MED031,LOC001,SUP015,2025-09-10,2025-09-13,2025-09-13,1580,1580,Delivered
PO-10127,MED033,LOC001,SUP004,2025-09-10,2025-09-16,2025-09-16,200,200,Delivered
PO-10128,MED035,LOC005,SUP015,2025-09-10,2025-09-12,2025-09-12,110,110,Delivered
PO-10129,MED036,LOC001,SUP003,2025-09-10,2025-09-12,2025-09-12,2380,2380,Delivered
PO-10130,MED036,LOC006,SUP003,2025-09-10,2025-09-12,2025-09-12,1680,1680,Delivered
PO-10131,MED043,LOC006,SUP003,2025-09-10,2025-09-12,2025-09-12,220,220,Delivered
PO-10132,MED045,LOC001,SUP004,2025-09-10,2025-09-15,2025-09-15,770,770,Delivered
PO-10133,MED046,LOC006,SUP015,2025-09-10,2025-09-14,2025-09-14,830,830,Delivered
PO-10134,MED049,LOC003,SUP015,2025-09-10,2025-09-13,2025-09-13,2060,2060,Delivered
PO-10135,MED049,LOC006,SUP015,2025-09-10,2025-09-13,2025-09-13,1770,1770,Delivered
PO-10136,MED050,LOC003,SUP005,2025-09-10,2025-09-14,2025-09-14,2510,2510,Delivered
PO-10137,MED055,LOC002,SUP015,2025-09-10,2025-09-13,2025-09-13,480,480,Delivered
PO-10138,MED063,LOC002,SUP004,2025-09-10,2025-09-17,2025-09-18,200,200,Delayed
PO-10139,MED064,LOC002,SUP005,2025-09-10,2025-09-15,2025-09-15,1060,1060,Delivered
PO-10140,MED066,LOC001,SUP004,2025-09-10,2025-09-16,2025-09-16,1220,1220,Delivered
PO-10141,MED066,LOC002,SUP004,2025-09-10,2025-09-16,2025-09-16,530,530,Delivered
PO-10142,MED066,LOC005,SUP004,2025-09-10,2025-09-16,2025-09-16,440,440,Delivered
PO-10143,MED067,LOC002,SUP012,2025-09-10,2025-09-16,2025-09-16,430,430,Delivered
PO-10144,MED067,LOC005,SUP012,2025-09-10,2025-09-16,2025-09-16,360,360,Delivered
PO-10145,MED069,LOC003,SUP004,2025-09-10,2025-09-17,2025-09-17,2520,2520,Delivered
PO-10146,MED069,LOC005,SUP004,2025-09-10,2025-09-17,2025-09-17,1040,1040,Delivered
PO-10147,MED070,LOC002,SUP004,2025-09-10,2025-09-16,2025-09-16,260,260,Delivered
PO-10148,MED070,LOC003,SUP004,2025-09-10,2025-09-16,2025-09-16,390,390,Delivered
PO-10149,MED070,LOC006,SUP004,2025-09-10,2025-09-16,2025-09-16,410,410,Delivered
PO-10150,MED072,LOC002,SUP006,2025-09-10,2025-09-17,2025-09-17,50,50,Delivered
PO-10151,MED074,LOC003,SUP006,2025-09-10,2025-09-18,2025-09-18,80,80,Delivered
PO-10152,MED075,LOC001,SUP004,2025-09-10,2025-09-16,2025-09-16,760,760,Delivered
PO-10153,MED008,LOC003,SUP001,2025-09-11,2025-09-16,2025-09-16,470,470,Delivered
PO-10154,MED017,LOC003,SUP001,2025-09-11,2025-09-16,2025-09-16,1190,1190,Delivered
PO-10155,MED018,LOC003,SUP001,2025-09-11,2025-09-14,2025-09-14,1790,1790,Delivered
PO-10156,MED018,LOC006,SUP001,2025-09-11,2025-09-14,2025-09-14,1620,1620,Delivered
PO-10157,MED020,LOC001,SUP004,2025-09-11,2025-09-16,2025-09-16,1010,1010,Delivered
PO-10158,MED020,LOC003,SUP004,2025-09-11,2025-09-16,2025-09-16,790,790,Delivered
PO-10159,MED021,LOC002,SUP002,2025-09-11,2025-09-15,2025-09-15,770,770,Delivered
PO-10160,MED024,LOC001,SUP009,2025-09-11,2025-09-16,2025-09-16,1950,1950,Delivered
PO-10161,MED024,LOC003,SUP009,2025-09-11,2025-09-16,2025-09-16,1470,1470,Delivered
PO-10162,MED025,LOC006,SUP002,2025-09-11,2025-09-16,2025-09-16,1620,1620,Delivered
PO-10163,MED027,LOC003,SUP009,2025-09-11,2025-09-16,2025-09-16,730,730,Delivered
PO-10164,MED029,LOC002,SUP015,2025-09-11,2025-09-14,2025-09-14,130,130,Delivered
PO-10165,MED034,LOC006,SUP013,2025-09-11,2025-09-17,2025-09-17,240,240,Delivered
PO-10166,MED035,LOC003,SUP015,2025-09-11,2025-09-13,2025-09-13,220,220,Delivered
PO-10167,MED038,LOC001,SUP015,2025-09-11,2025-09-13,2025-09-16,160,160,Delayed
PO-10168,MED044,LOC002,SUP010,2025-09-11,2025-09-16,2025-09-16,220,220,Delivered
PO-10169,MED051,LOC002,SUP015,2025-09-11,2025-09-13,2025-09-13,1080,1080,Delivered
PO-10170,MED053,LOC002,SUP010,2025-09-11,2025-09-17,2025-09-17,130,130,Delivered
PO-10171,MED055,LOC001,SUP015,2025-09-11,2025-09-14,2025-09-14,1090,1090,Delivered
PO-10172,MED056,LOC004,SUP005,2025-09-11,2025-09-16,2025-09-16,330,330,Delivered
PO-10173,MED056,LOC005,SUP005,2025-09-11,2025-09-16,2025-09-16,280,280,Delivered
PO-10174,MED057,LOC001,SUP008,2025-09-11,2025-09-15,2025-09-17,720,720,Delayed
PO-10175,MED057,LOC004,SUP008,2025-09-11,2025-09-15,2025-09-15,310,310,Delivered
PO-10176,MED059,LOC002,SUP015,2025-09-11,2025-09-14,2025-09-14,280,280,Delivered
PO-10177,MED061,LOC001,SUP004,2025-09-11,2025-09-18,2025-09-18,1010,1010,Delivered
PO-10178,MED063,LOC003,SUP004,2025-09-11,2025-09-18,2025-09-18,410,410,Delivered
PO-10179,MED063,LOC005,SUP004,2025-09-11,2025-09-18,2025-09-18,160,160,Delivered
PO-10180,MED064,LOC003,SUP005,2025-09-11,2025-09-16,2025-09-16,2100,2100,Delivered
PO-10181,MED066,LOC006,SUP004,2025-09-11,2025-09-17,2025-09-17,890,890,Delivered
PO-10182,MED069,LOC001,SUP004,2025-09-11,2025-09-18,2025-09-18,3570,3570,Delivered
PO-10183,MED075,LOC002,SUP004,2025-09-11,2025-09-17,2025-09-17,370,370,Delivered
PO-10184,MED075,LOC006,SUP004,2025-09-11,2025-09-17,2025-09-17,590,590,Delivered
PO-10185,MED001,LOC003,SUP001,2025-09-12,2025-09-17,2025-09-17,770,770,Delivered
PO-10186,MED003,LOC002,SUP001,2025-09-12,2025-09-15,2025-09-15,180,180,Delivered
PO-10187,MED009,LOC001,SUP007,2025-09-12,2025-09-16,2025-09-16,1720,1720,Delivered
PO-10188,MED009,LOC006,SUP007,2025-09-12,2025-09-16,2025-09-16,1260,1260,Delivered
PO-10189,MED014,LOC003,SUP007,2025-09-12,2025-09-15,2025-09-15,370,370,Delivered
PO-10190,MED017,LOC002,SUP001,2025-09-12,2025-09-17,2025-09-17,600,600,Delivered
PO-10191,MED017,LOC005,SUP001,2025-09-12,2025-09-17,2025-09-17,440,440,Delivered
PO-10192,MED019,LOC006,SUP015,2025-09-12,2025-09-15,2025-09-15,980,980,Delivered
PO-10193,MED022,LOC005,SUP002,2025-09-12,2025-09-16,2025-09-16,350,350,Delivered
PO-10194,MED026,LOC006,SUP002,2025-09-12,2025-09-18,2025-09-18,1750,1750,Delivered
PO-10195,MED028,LOC003,SUP002,2025-09-12,2025-09-17,2025-09-17,630,630,Delivered
PO-10196,MED029,LOC003,SUP015,2025-09-12,2025-09-15,2025-09-15,240,240,Delivered
PO-10197,MED029,LOC005,SUP015,2025-09-12,2025-09-15,2025-09-15,110,110,Delivered
PO-10198,MED034,LOC003,SUP013,2025-09-12,2025-09-18,2025-09-18,260,260,Delivered
PO-10199,MED035,LOC001,SUP015,2025-09-12,2025-09-14,2025-09-14,300,300,Delivered
PO-10200,MED035,LOC006,SUP015,2025-09-12,2025-09-14,2025-09-14,220,220,Delivered
PO-10201,MED036,LOC005,SUP003,2025-09-12,2025-09-14,2025-09-16,820,820,Delayed
PO-10202,MED042,LOC001,SUP003,2025-09-12,2025-09-14,2025-09-14,940,940,Delivered
PO-10203,MED045,LOC002,SUP004,2025-09-12,2025-09-17,2025-09-18,340,340,Delayed
PO-10204,MED045,LOC003,SUP004,2025-09-12,2025-09-17,2025-09-17,710,710,Delivered
PO-10205,MED045,LOC005,SUP004,2025-09-12,2025-09-17,2025-09-17,280,280,Delivered
PO-10206,MED047,LOC005,SUP015,2025-09-12,2025-09-15,2025-09-15,280,280,Delivered
PO-10207,MED050,LOC001,SUP005,2025-09-12,2025-09-16,2025-09-16,3090,3090,Delivered
PO-10208,MED051,LOC003,SUP015,2025-09-12,2025-09-14,2025-09-14,2050,2050,Delivered
PO-10209,MED054,LOC003,SUP015,2025-09-12,2025-09-14,2025-09-14,350,350,Delivered
PO-10210,MED056,LOC006,SUP005,2025-09-12,2025-09-17,2025-09-17,640,640,Delivered
PO-10211,MED059,LOC005,SUP015,2025-09-12,2025-09-15,2025-09-15,260,260,Delivered
PO-10212,MED061,LOC003,SUP004,2025-09-12,2025-09-19,2025-09-19,780,780,Delivered
PO-10213,MED061,LOC005,SUP004,2025-09-12,2025-09-19,2025-09-19,300,300,Delivered
PO-10214,MED062,LOC001,SUP004,2025-09-12,2025-09-17,2025-09-17,1430,1430,Delivered
PO-10215,MED062,LOC003,SUP004,2025-09-12,2025-09-17,2025-09-17,1160,1160,Delivered
PO-10216,MED068,LOC001,SUP004,2025-09-12,2025-09-18,2025-09-18,4490,4490,Delivered
PO-10217,MED068,LOC003,SUP004,2025-09-12,2025-09-18,2025-09-18,3630,3630,Delivered
PO-10218,MED070,LOC001,SUP004,2025-09-12,2025-09-18,2025-09-18,520,520,Delivered
PO-10219,MED070,LOC005,SUP004,2025-09-12,2025-09-18,2025-09-18,190,190,Delivered
PO-10220,MED073,LOC003,SUP004,2025-09-12,2025-09-18,2025-09-18,180,180,Delivered
PO-10221,MED073,LOC005,SUP004,2025-09-12,2025-09-18,2025-09-18,70,70,Delivered
PO-10222,MED004,LOC005,SUP001,2025-09-13,2025-09-17,2025-09-19,170,170,Delayed
PO-10223,MED007,LOC007,SUP011,2025-09-13,2025-09-16,2025-09-16,350,350,Delivered
PO-10224,MED011,LOC007,SUP011,2025-09-13,2025-09-18,2025-09-18,90,90,Delivered
PO-10225,MED013,LOC001,SUP007,2025-09-13,2025-09-18,2025-09-18,320,320,Delivered
PO-10226,MED016,LOC003,SUP001,2025-09-13,2025-09-17,2025-09-17,1980,1980,Delivered
PO-10227,MED018,LOC005,SUP001,2025-09-13,2025-09-16,2025-09-16,770,770,Delivered
PO-10228,MED021,LOC006,SUP002,2025-09-13,2025-09-17,2025-09-20,1240,1240,Delayed
PO-10229,MED022,LOC006,SUP002,2025-09-13,2025-09-17,2025-09-17,780,780,Delivered
PO-10230,MED023,LOC006,SUP002,2025-09-13,2025-09-17,2025-09-17,980,980,Delivered
PO-10231,MED024,LOC002,SUP009,2025-09-13,2025-09-18,2025-09-18,740,740,Delivered
PO-10232,MED026,LOC005,SUP002,2025-09-13,2025-09-19,2025-09-19,790,790,Delivered
PO-10233,MED032,LOC006,SUP009,2025-09-13,2025-09-16,2025-09-16,530,530,Delivered
PO-10234,MED033,LOC003,SUP004,2025-09-13,2025-09-19,2025-09-19,160,160,Delivered
PO-10235,MED037,LOC002,SUP015,2025-09-13,2025-09-17,2025-09-17,1020,1020,Delivered
PO-10236,MED037,LOC003,SUP015,2025-09-13,2025-09-17,2025-09-17,2010,2010,Delivered
PO-10237,MED041,LOC001,SUP015,2025-09-13,2025-09-15,2025-09-15,210,210,Delivered
PO-10238,MED044,LOC003,SUP010,2025-09-13,2025-09-18,2025-09-18,450,450,Delivered
PO-10239,MED046,LOC001,SUP015,2025-09-13,2025-09-17,2025-09-17,1140,1140,Delivered
PO-10240,MED048,LOC001,SUP015,2025-09-13,2025-09-15,2025-09-15,530,530,Delivered
PO-10241,MED048,LOC006,SUP015,2025-09-13,2025-09-15,2025-09-15,400,400,Delivered
PO-10242,MED051,LOC001,SUP015,2025-09-13,2025-09-15,2025-09-15,2450,2450,Delivered
PO-10243,MED054,LOC006,SUP015,2025-09-13,2025-09-15,2025-09-15,320,320,Delivered
PO-10244,MED059,LOC001,SUP015,2025-09-13,2025-09-16,2025-09-16,700,700,Delivered
PO-10245,MED061,LOC002,SUP004,2025-09-13,2025-09-20,2025-09-22,380,380,Delayed
PO-10246,MED062,LOC006,SUP004,2025-09-13,2025-09-18,2025-09-18,1080,1080,Delivered
PO-10247,MED065,LOC001,SUP015,2025-09-13,2025-09-15,2025-09-15,980,980,Delivered
PO-10248,MED066,LOC003,SUP004,2025-09-13,2025-09-19,2025-09-20,950,950,Delayed
PO-10249,MED067,LOC001,SUP012,2025-09-13,2025-09-19,2025-09-19,960,960,Delivered
PO-10250,MED068,LOC005,SUP004,2025-09-13,2025-09-19,2025-09-19,1440,1440,Delivered
PO-10251,MED001,LOC006,SUP001,2025-09-14,2025-09-19,2025-09-19,1020,1020,Delivered
PO-10252,MED003,LOC003,SUP001,2025-09-14,2025-09-17,2025-09-17,270,270,Delivered
PO-10253,MED004,LOC003,SUP001,2025-09-14,2025-09-18,2025-09-18,370,370,Delivered
PO-10254,MED005,LOC002,SUP001,2025-09-14,2025-09-19,2025-09-19,150,150,Delivered
PO-10255,MED007,LOC001,SUP011,2025-09-14,2025-09-17,2025-09-17,1570,1570,Delivered
PO-10256,MED007,LOC002,SUP011,2025-09-14,2025-09-17,2025-09-17,620,620,Delivered
PO-10257,MED011,LOC006,SUP011,2025-09-14,2025-09-19,2025-09-19,290,290,Delivered
PO-10258,MED013,LOC002,SUP007,2025-09-14,2025-09-19,2025-09-20,140,140,Delayed
PO-10259,MED016,LOC001,SUP001,2025-09-14,2025-09-18,2025-09-18,2510,2510,Delivered
PO-10260,MED019,LOC003,SUP015,2025-09-14,2025-09-17,2025-09-17,1020,1020,Delivered
PO-10261,MED028,LOC002,SUP002,2025-09-14,2025-09-19,2025-09-19,310,310,Delivered
PO-10262,MED028,LOC006,SUP002,2025-09-14,2025-09-19,2025-09-19,550,550,Delivered
PO-10263,MED036,LOC003,SUP003,2025-09-14,2025-09-16,2025-09-16,1810,1810,Delivered
PO-10264,MED038,LOC006,SUP015,2025-09-14,2025-09-16,2025-09-16,120,120,Delivered
PO-10265,MED040,LOC001,SUP004,2025-09-14,2025-09-19,2025-09-19,170,170,Delivered
PO-10266,MED041,LOC005,SUP015,2025-09-14,2025-09-16,2025-09-16,90,90,Delivered
PO-10267,MED041,LOC006,SUP015,2025-09-14,2025-09-16,2025-09-16,190,190,Delivered
PO-10268,MED053,LOC006,SUP010,2025-09-14,2025-09-20,2025-09-20,380,380,Delivered
PO-10269,MED071,LOC001,SUP014,2025-09-14,2025-09-20,2025-09-20,140,140,Delivered
PO-10270,MED071,LOC002,SUP014,2025-09-14,2025-09-20,2025-09-22,70,70,Delayed
PO-10271,MED075,LOC005,SUP004,2025-09-14,2025-09-20,2025-09-20,220,220,Delivered
PO-10272,MED001,LOC005,SUP001,2025-09-15,2025-09-20,2025-09-20,290,290,Delivered
PO-10273,MED006,LOC003,SUP001,2025-09-15,2025-09-20,2025-09-20,890,890,Delivered
PO-10274,MED007,LOC006,SUP011,2025-09-15,2025-09-18,2025-09-18,1110,1110,Delivered
PO-10275,MED009,LOC002,SUP007,2025-09-15,2025-09-19,2025-09-19,580,580,Delivered
PO-10276,MED009,LOC003,SUP007,2025-09-15,2025-09-19,2025-09-19,1310,1310,Delivered
PO-10277,MED010,LOC001,SUP007,2025-09-15,2025-09-19,2025-09-19,1040,1040,Delivered
PO-10278,MED011,LOC003,SUP011,2025-09-15,2025-09-20,2025-09-20,360,360,Delivered
PO-10279,MED012,LOC002,SUP007,2025-09-15,2025-09-19,2025-09-19,360,360,Delivered
PO-10280,MED012,LOC003,SUP007,2025-09-15,2025-09-19,2025-09-19,680,680,Delivered
PO-10281,MED015,LOC001,SUP011,2025-09-15,2025-09-18,2025-09-18,600,600,Delivered
PO-10282,MED020,LOC007,SUP004,2025-09-15,2025-09-20,2025-09-20,190,190,Delivered
PO-10283,MED026,LOC002,SUP002,2025-09-15,2025-09-21,2025-09-21,940,940,Delivered
PO-10284,MED027,LOC002,SUP009,2025-09-15,2025-09-20,2025-09-21,380,380,Delayed
PO-10285,MED028,LOC005,SUP002,2025-09-15,2025-09-20,2025-09-20,230,230,Delivered
PO-10286,MED029,LOC006,SUP015,2025-09-15,2025-09-18,2025-09-18,240,240,Delivered
PO-10287,MED030,LOC005,SUP004,2025-09-15,2025-09-20,2025-09-20,100,100,Delivered
PO-10288,MED032,LOC002,SUP009,2025-09-15,2025-09-18,2025-09-18,260,260,Delivered
PO-10289,MED038,LOC003,SUP015,2025-09-15,2025-09-17,2025-09-17,100,100,Delivered
PO-10290,MED040,LOC002,SUP004,2025-09-15,2025-09-20,2025-09-20,60,60,Delivered
PO-10291,MED042,LOC003,SUP003,2025-09-15,2025-09-17,2025-09-17,660,660,Delivered
PO-10292,MED042,LOC005,SUP003,2025-09-15,2025-09-17,2025-09-17,270,270,Delivered
PO-10293,MED043,LOC001,SUP003,2025-09-15,2025-09-17,2025-09-17,300,300,Delivered
PO-10294,MED044,LOC001,SUP010,2025-09-15,2025-09-20,2025-09-20,540,540,Delivered
PO-10295,MED046,LOC003,SUP015,2025-09-15,2025-09-19,2025-09-19,1000,1000,Delivered
PO-10296,MED047,LOC001,SUP015,2025-09-15,2025-09-18,2025-09-18,790,790,Delivered
PO-10297,MED047,LOC003,SUP015,2025-09-15,2025-09-18,2025-09-18,640,640,Delivered
PO-10298,MED048,LOC003,SUP015,2025-09-15,2025-09-17,2025-09-17,410,410,Delivered
PO-10299,MED049,LOC002,SUP015,2025-09-15,2025-09-18,2025-09-18,960,960,Delivered
PO-10300,MED050,LOC004,SUP005,2025-09-15,2025-09-19,2025-09-19,1170,1170,Delivered
PO-10301,MED054,LOC001,SUP015,2025-09-15,2025-09-17,2025-09-17,410,410,Delivered
PO-10302,MED054,LOC002,SUP015,2025-09-15,2025-09-17,2025-09-17,180,180,Delivered
PO-10303,MED058,LOC003,SUP008,2025-09-15,2025-09-20,2025-09-20,570,570,Delivered
PO-10304,MED065,LOC002,SUP015,2025-09-15,2025-09-17,2025-09-17,370,370,Delivered
PO-10305,MED068,LOC002,SUP004,2025-09-15,2025-09-21,2025-09-21,1840,1840,Delivered
PO-10306,MED069,LOC006,SUP004,2025-09-15,2025-09-22,2025-09-24,3670,3670,Delayed
PO-10307,MED073,LOC002,SUP004,2025-09-15,2025-09-21,2025-09-21,90,90,Delivered
PO-10308,MED001,LOC002,SUP001,2025-09-16,2025-09-21,2025-09-21,370,370,Delivered
PO-10309,MED002,LOC006,SUP010,2025-09-16,2025-09-23,2025-09-23,670,670,Delivered
PO-10310,MED003,LOC001,SUP001,2025-09-16,2025-09-19,2025-09-19,360,360,Delivered
PO-10311,MED006,LOC005,SUP001,2025-09-16,2025-09-21,2025-09-21,370,370,Delivered
PO-10312,MED010,LOC002,SUP007,2025-09-16,2025-09-20,2025-09-20,400,400,Delivered
PO-10313,MED010,LOC005,SUP007,2025-09-16,2025-09-20,2025-09-20,320,320,Delivered
PO-10314,MED011,LOC001,SUP011,2025-09-16,2025-09-21,2025-09-21,420,420,Delivered
PO-10315,MED012,LOC005,SUP007,2025-09-16,2025-09-20,2025-09-20,290,290,Delivered
PO-10316,MED014,LOC001,SUP007,2025-09-16,2025-09-19,2025-09-19,470,470,Delivered
PO-10317,MED014,LOC002,SUP007,2025-09-16,2025-09-19,2025-09-20,210,210,Delayed
PO-10318,MED021,LOC001,SUP002,2025-09-16,2025-09-20,2025-09-20,1730,1730,Delivered
PO-10319,MED034,LOC005,SUP013,2025-09-16,2025-09-22,2025-09-22,120,120,Delivered
PO-10320,MED035,LOC002,SUP015,2025-09-16,2025-09-18,2025-09-18,120,120,Delivered
PO-10321,MED042,LOC006,SUP003,2025-09-16,2025-09-18,2025-09-20,680,680,Delayed
PO-10322,MED046,LOC002,SUP015,2025-09-16,2025-09-20,2025-09-20,460,460,Delivered
PO-10323,MED049,LOC001,SUP015,2025-09-16,2025-09-19,2025-09-19,2640,2640,Delivered
PO-10324,MED051,LOC006,SUP015,2025-09-16,2025-09-18,2025-09-18,1820,1820,Delivered
PO-10325,MED052,LOC001,SUP015,2025-09-16,2025-09-19,2025-09-19,440,440,Delivered
PO-10326,MED056,LOC003,SUP005,2025-09-16,2025-09-21,2025-09-21,650,650,Delivered
PO-10327,MED058,LOC002,SUP008,2025-09-16,2025-09-21,2025-09-21,330,330,Delivered
PO-10328,MED060,LOC002,SUP015,2025-09-16,2025-09-18,2025-09-18,50,50,Delivered
PO-10329,MED061,LOC006,SUP004,2025-09-16,2025-09-23,2025-09-23,660,660,Delivered
PO-10330,MED065,LOC005,SUP015,2025-09-16,2025-09-18,2025-09-18,330,330,Delivered
PO-10331,MED068,LOC006,SUP004,2025-09-16,2025-09-22,2025-09-22,4690,4690,Delivered
PO-10332,MED002,LOC005,SUP010,2025-09-17,2025-09-24,2025-09-24,220,220,Delivered
PO-10333,MED006,LOC002,SUP001,2025-09-17,2025-09-22,2025-09-22,460,460,Delivered
PO-10334,MED006,LOC006,SUP001,2025-09-17,2025-09-22,2025-09-22,1230,1230,Delivered
PO-10335,MED007,LOC005,SUP011,2025-09-17,2025-09-20,2025-09-20,490,490,Delivered
PO-10336,MED008,LOC002,SUP001,2025-09-17,2025-09-22,2025-09-22,240,240,Delivered
PO-10337,MED008,LOC005,SUP001,2025-09-17,2025-09-22,2025-09-22,190,190,Delivered
PO-10338,MED014,LOC005,SUP007,2025-09-17,2025-09-20,2025-09-20,150,150,Delivered
PO-10339,MED016,LOC002,SUP001,2025-09-17,2025-09-21,2025-09-21,1060,1060,Delivered
PO-10340,MED020,LOC002,SUP004,2025-09-17,2025-09-22,2025-09-22,390,390,Delivered
PO-10341,MED022,LOC002,SUP002,2025-09-17,2025-09-21,2025-09-21,440,440,Delivered
PO-10342,MED023,LOC002,SUP002,2025-09-17,2025-09-21,2025-09-21,550,550,Delivered
PO-10343,MED031,LOC002,SUP015,2025-09-17,2025-09-20,2025-09-20,590,590,Delivered
PO-10344,MED031,LOC003,SUP015,2025-09-17,2025-09-20,2025-09-20,1130,1130,Delivered
PO-10345,MED039,LOC001,SUP006,2025-09-17,2025-09-25,2025-09-25,70,70,Delivered
PO-10346,MED042,LOC002,SUP003,2025-09-17,2025-09-19,2025-09-19,340,340,Delivered
PO-10347,MED043,LOC005,SUP003,2025-09-17,2025-09-19,2025-09-19,90,90,Delivered
PO-10348,MED052,LOC003,SUP015,2025-09-17,2025-09-20,2025-09-20,330,330,Delivered
PO-10349,MED052,LOC005,SUP015,2025-09-17,2025-09-20,2025-09-20,160,160,Delivered
PO-10350,MED057,LOC003,SUP008,2025-09-17,2025-09-21,2025-09-21,580,580,Delivered
PO-10351,MED060,LOC003,SUP015,2025-09-17,2025-09-19,2025-09-19,70,70,Delivered
PO-10352,MED064,LOC005,SUP005,2025-09-17,2025-09-22,2025-09-22,860,860,Delivered
PO-10353,MED071,LOC005,SUP014,2025-09-17,2025-09-23,2025-09-23,50,50,Delivered
PO-10354,MED019,LOC002,SUP015,2025-09-18,2025-09-21,2025-09-21,580,580,Delivered
PO-10355,MED019,LOC005,SUP015,2025-09-18,2025-09-21,2025-09-21,410,410,Delivered
PO-10356,MED023,LOC005,SUP002,2025-09-18,2025-09-22,2025-09-22,430,430,Delivered
PO-10357,MED024,LOC005,SUP009,2025-09-18,2025-09-23,2025-09-23,670,670,Delivered
PO-10358,MED025,LOC005,SUP002,2025-09-18,2025-09-23,2025-09-23,730,730,Delivered
PO-10359,MED030,LOC002,SUP004,2025-09-18,2025-09-23,2025-09-23,90,90,Delivered
PO-10360,MED032,LOC003,SUP009,2025-09-18,2025-09-21,2025-09-21,500,500,Delivered
PO-10361,MED032,LOC005,SUP009,2025-09-18,2025-09-21,2025-09-21,200,200,Delivered
PO-10362,MED037,LOC005,SUP015,2025-09-18,2025-09-22,2025-09-22,800,800,Delivered
PO-10363,MED039,LOC006,SUP006,2025-09-18,2025-09-26,2025-09-26,70,70,Delivered
PO-10364,MED041,LOC003,SUP015,2025-09-18,2025-09-20,2025-09-20,180,180,Delivered
PO-10365,MED046,LOC005,SUP015,2025-09-18,2025-09-22,2025-09-22,390,390,Delivered
PO-10366,MED048,LOC005,SUP015,2025-09-18,2025-09-20,2025-09-20,190,190,Delivered
PO-10367,MED065,LOC003,SUP015,2025-09-18,2025-09-20,2025-09-20,760,760,Delivered
PO-10368,MED072,LOC006,SUP006,2025-09-18,2025-09-25,2025-09-25,70,70,Delivered
PO-10369,MED015,LOC003,SUP011,2025-09-19,2025-09-22,2025-09-22,430,430,Delivered
PO-10370,MED015,LOC007,SUP011,2025-09-19,2025-09-22,2025-09-22,110,110,Delivered
PO-10371,MED016,LOC005,SUP001,2025-09-19,2025-09-23,2025-09-23,810,810,Delivered
PO-10372,MED036,LOC002,SUP003,2025-09-19,2025-09-21,2025-09-21,940,940,Delivered
PO-10373,MED040,LOC005,SUP004,2025-09-19,2025-09-24,2025-09-24,50,50,Delivered
PO-10374,MED043,LOC002,SUP003,2025-09-19,2025-09-21,2025-09-21,110,110,Delivered
PO-10375,MED049,LOC005,SUP015,2025-09-19,2025-09-22,2025-09-22,830,830,Delivered
PO-10376,MED050,LOC002,SUP005,2025-09-19,2025-09-23,2025-09-23,1220,1220,Delivered
PO-10377,MED053,LOC001,SUP010,2025-09-19,2025-09-25,2025-09-25,330,330,Delivered
PO-10378,MED058,LOC005,SUP008,2025-09-19,2025-09-24,2025-09-24,280,280,Delivered
PO-10379,MED059,LOC003,SUP015,2025-09-19,2025-09-22,2025-09-22,510,510,Delivered
PO-10380,MED071,LOC006,SUP014,2025-09-19,2025-09-25,2025-09-25,130,130,Delivered
PO-10381,MED003,LOC006,SUP001,2025-09-20,2025-09-23,2025-09-23,400,400,Delivered
PO-10382,MED005,LOC006,SUP001,2025-09-20,2025-09-25,2025-09-25,350,350,Delivered
PO-10383,MED009,LOC005,SUP007,2025-09-20,2025-09-24,2025-09-24,560,560,Delivered
PO-10384,MED011,LOC005,SUP011,2025-09-20,2025-09-25,2025-09-25,150,150,Delivered
PO-10385,MED021,LOC005,SUP002,2025-09-20,2025-09-24,2025-09-24,610,610,Delivered
PO-10386,MED031,LOC005,SUP015,2025-09-20,2025-09-23,2025-09-23,490,490,Delivered
PO-10387,MED048,LOC002,SUP015,2025-09-20,2025-09-22,2025-09-22,210,210,Delivered
PO-10388,MED057,LOC002,SUP008,2025-09-20,2025-09-24,2025-09-24,270,270,Delivered
PO-10389,MED013,LOC005,SUP007,2025-09-21,2025-09-26,2025-09-26,100,100,Delivered
PO-10390,MED045,LOC006,SUP004,2025-09-21,2025-09-26,2025-09-26,630,630,Delivered
PO-10391,MED050,LOC005,SUP005,2025-09-21,2025-09-25,2025-09-25,960,960,Delivered
PO-10392,MED055,LOC005,SUP015,2025-09-21,2025-09-24,2025-09-24,360,360,Delivered
PO-10393,MED062,LOC005,SUP004,2025-09-21,2025-09-26,2025-09-26,420,420,Delivered
PO-10394,MED063,LOC001,SUP004,2025-09-21,2025-09-28,2025-09-28,470,470,Delivered
PO-10395,MED063,LOC006,SUP004,2025-09-21,2025-09-28,2025-09-28,360,360,Delivered
PO-10396,MED067,LOC003,SUP012,2025-09-21,2025-09-27,2025-09-27,790,790,Delivered
PO-10397,MED073,LOC006,SUP004,2025-09-21,2025-09-27,2025-09-29,190,190,Delayed
PO-10398,MED001,LOC001,SUP001,2025-09-22,2025-09-27,2025-09-27,990,990,Delivered
PO-10399,MED003,LOC005,SUP001,2025-09-22,2025-09-25,2025-09-25,120,120,Delivered
PO-10400,MED008,LOC001,SUP001,2025-09-22,2025-09-27,2025-09-27,660,660,Delivered
PO-10401,MED015,LOC005,SUP011,2025-09-22,2025-09-25,2025-09-25,210,210,Delivered
PO-10402,MED020,LOC006,SUP004,2025-09-22,2025-09-27,2025-09-27,780,780,Delivered
PO-10403,MED038,LOC002,SUP015,2025-09-22,2025-09-24,2025-09-24,50,50,Delivered
PO-10404,MED038,LOC005,SUP015,2025-09-22,2025-09-24,2025-09-24,50,50,Delivered
PO-10405,MED047,LOC002,SUP015,2025-09-22,2025-09-25,2025-09-25,300,300,Delivered
PO-10406,MED051,LOC005,SUP015,2025-09-22,2025-09-24,2025-09-24,760,760,Delivered
PO-10407,MED063,LOC002,SUP004,2025-09-22,2025-09-29,2025-09-29,230,230,Delivered
PO-10408,MED002,LOC003,SUP010,2025-09-23,2025-09-30,2025-09-30,530,530,Delivered
PO-10409,MED006,LOC001,SUP001,2025-09-23,2025-09-28,2025-09-28,1120,1120,Delivered
PO-10410,MED008,LOC007,SUP001,2025-09-23,2025-09-28,2025-09-28,170,170,Delivered
PO-10411,MED017,LOC005,SUP001,2025-09-23,2025-09-28,2025-09-28,500,500,Delivered
PO-10412,MED026,LOC003,SUP002,2025-09-23,2025-09-29,2025-09-29,1810,1810,Delivered
PO-10413,MED027,LOC006,SUP009,2025-09-23,2025-09-28,2025-09-28,660,660,Delivered
PO-10414,MED028,LOC001,SUP002,2025-09-23,2025-09-28,2025-09-28,820,820,Delivered
PO-10415,MED030,LOC003,SUP004,2025-09-23,2025-09-28,2025-09-28,190,190,Delivered
PO-10416,MED041,LOC002,SUP015,2025-09-23,2025-09-25,2025-09-25,80,80,Delivered
PO-10417,MED043,LOC003,SUP003,2025-09-23,2025-09-25,2025-09-25,200,200,Delivered
PO-10418,MED058,LOC004,SUP008,2025-09-23,2025-09-28,2025-09-30,310,310,Delayed
PO-10419,MED066,LOC001,SUP004,2025-09-23,2025-09-29,2025-09-29,1340,1340,Delivered
PO-10420,MED067,LOC006,SUP012,2025-09-23,2025-09-29,2025-09-29,730,730,Delivered
PO-10421,MED069,LOC002,SUP004,2025-09-23,2025-09-30,2025-10-02,1260,1260,Delayed
PO-10422,MED069,LOC005,SUP004,2025-09-23,2025-09-30,2025-09-30,1150,1150,Delivered
PO-10423,MED075,LOC003,SUP004,2025-09-23,2025-09-29,2025-09-29,650,650,Delivered
PO-10424,MED002,LOC002,SUP010,2025-09-24,2025-10-01,2025-10-01,230,230,Delivered
PO-10425,MED008,LOC006,SUP001,2025-09-24,2025-09-29,2025-09-29,450,450,Delivered
PO-10426,MED010,LOC006,SUP007,2025-09-24,2025-09-28,2025-09-28,740,740,Delivered
PO-10427,MED013,LOC003,SUP007,2025-09-24,2025-09-29,2025-09-29,260,260,Delivered
PO-10428,MED017,LOC006,SUP001,2025-09-24,2025-09-29,2025-09-30,1180,1180,Delayed
PO-10429,MED024,LOC006,SUP009,2025-09-24,2025-09-29,2025-09-29,1360,1360,Delivered
PO-10430,MED025,LOC003,SUP002,2025-09-24,2025-09-29,2025-09-29,1720,1720,Delivered
PO-10431,MED026,LOC001,SUP002,2025-09-24,2025-09-30,2025-09-30,2390,2390,Delivered
PO-10432,MED037,LOC006,SUP015,2025-09-24,2025-09-28,2025-09-28,1860,1860,Delivered
PO-10433,MED052,LOC006,SUP015,2025-09-24,2025-09-27,2025-09-27,380,380,Delivered
PO-10434,MED056,LOC001,SUP005,2025-09-24,2025-09-29,2025-09-29,860,860,Delivered
PO-10435,MED058,LOC001,SUP008,2025-09-24,2025-09-29,2025-09-29,820,820,Delivered
PO-10436,MED063,LOC003,SUP004,2025-09-24,2025-10-01,2025-10-01,380,380,Delivered
PO-10437,MED066,LOC002,SUP004,2025-09-24,2025-09-30,2025-09-30,520,520,Delivered
PO-10438,MED066,LOC005,SUP004,2025-09-24,2025-09-30,2025-09-30,480,480,Delivered
PO-10439,MED067,LOC005,SUP012,2025-09-24,2025-09-30,2025-09-30,350,350,Delivered
PO-10440,MED069,LOC003,SUP004,2025-09-24,2025-10-01,2025-10-01,2540,2540,Delivered
PO-10441,MED070,LOC003,SUP004,2025-09-24,2025-09-30,2025-09-30,410,410,Delivered
PO-10442,MED072,LOC001,SUP006,2025-09-24,2025-10-01,2025-10-01,70,70,Delivered
PO-10443,MED073,LOC003,SUP004,2025-09-24,2025-09-30,2025-09-30,210,210,Delivered
PO-10444,MED073,LOC005,SUP004,2025-09-24,2025-09-30,2025-09-30,100,100,Delivered
PO-10445,MED074,LOC006,SUP006,2025-09-24,2025-10-02,2025-10-02,80,80,Delivered
PO-10446,MED004,LOC001,SUP001,2025-09-25,2025-09-29,2025-09-29,450,450,Delivered
PO-10447,MED012,LOC006,SUP007,2025-09-25,2025-09-29,2025-09-29,600,600,Delivered
PO-10448,MED015,LOC006,SUP011,2025-09-25,2025-09-28,2025-09-28,520,520,Delivered
PO-10449,MED016,LOC006,SUP001,2025-09-25,2025-09-29,2025-09-29,1780,1780,Delivered
PO-10450,MED018,LOC001,SUP001,2025-09-25,2025-09-28,2025-09-28,2240,2240,Delivered
PO-10451,MED020,LOC001,SUP004,2025-09-25,2025-09-30,2025-09-30,1050,1050,Delivered
PO-10452,MED020,LOC003,SUP004,2025-09-25,2025-09-30,2025-09-30,820,820,Delivered
PO-10453,MED020,LOC007,SUP004,2025-09-25,2025-09-30,2025-09-30,220,220,Delivered
PO-10454,MED022,LOC003,SUP002,2025-09-25,2025-09-29,2025-09-29,860,860,Delivered
PO-10455,MED024,LOC003,SUP009,2025-09-25,2025-09-30,2025-09-30,1500,1500,Delivered
PO-10456,MED033,LOC006,SUP004,2025-09-25,2025-10-01,2025-10-01,140,140,Delivered
PO-10457,MED037,LOC001,SUP015,2025-09-25,2025-09-29,2025-10-02,2580,2580,Delayed
PO-10458,MED044,LOC006,SUP010,2025-09-25,2025-09-30,2025-09-30,400,400,Delivered
PO-10459,MED045,LOC001,SUP004,2025-09-25,2025-09-30,2025-09-30,830,830,Delivered
PO-10460,MED046,LOC006,SUP015,2025-09-25,2025-09-29,2025-09-29,850,850,Delivered
PO-10461,MED050,LOC006,SUP005,2025-09-25,2025-09-29,2025-09-29,2270,2270,Delivered
PO-10462,MED057,LOC006,SUP008,2025-09-25,2025-09-29,2025-09-29,580,580,Delivered
PO-10463,MED058,LOC006,SUP008,2025-09-25,2025-09-30,2025-09-30,590,590,Delivered
PO-10464,MED062,LOC002,SUP004,2025-09-25,2025-09-30,2025-09-30,540,540,Delivered
PO-10465,MED063,LOC005,SUP004,2025-09-25,2025-10-02,2025-10-02,160,160,Delivered
PO-10466,MED064,LOC001,SUP005,2025-09-25,2025-09-30,2025-09-30,2740,2740,Delivered
PO-10467,MED064,LOC006,SUP005,2025-09-25,2025-09-30,2025-09-30,1910,1910,Delivered
PO-10468,MED066,LOC006,SUP004,2025-09-25,2025-10-01,2025-10-01,890,890,Delivered
PO-10469,MED075,LOC001,SUP004,2025-09-25,2025-10-01,2025-10-01,760,760,Delivered
PO-10470,MED002,LOC001,SUP010,2025-09-26,2025-10-03,2025-10-03,590,590,Delivered
PO-10471,MED004,LOC006,SUP001,2025-09-26,2025-09-30,2025-09-30,500,500,Delivered
PO-10472,MED005,LOC005,SUP001,2025-09-26,2025-10-01,2025-10-01,110,110,Delivered
PO-10473,MED008,LOC003,SUP001,2025-09-26,2025-10-01,2025-10-01,460,460,Delivered
PO-10474,MED011,LOC006,SUP011,2025-09-26,2025-10-01,2025-10-01,330,330,Delivered
PO-10475,MED011,LOC007,SUP011,2025-09-26,2025-10-01,2025-10-01,110,110,Delivered
PO-10476,MED012,LOC001,SUP007,2025-09-26,2025-09-30,2025-09-30,840,840,Delivered
PO-10477,MED017,LOC001,SUP001,2025-09-26,2025-10-01,2025-10-01,1480,1480,Delivered
PO-10478,MED019,LOC001,SUP015,2025-09-26,2025-09-29,2025-09-29,1280,1280,Delivered
PO-10479,MED020,LOC005,SUP004,2025-09-26,2025-10-01,2025-10-01,310,310,Delivered
PO-10480,MED022,LOC001,SUP002,2025-09-26,2025-09-30,2025-09-30,1100,1100,Delivered
PO-10481,MED023,LOC003,SUP002,2025-09-26,2025-09-30,2025-09-30,1140,1140,Delivered
PO-10482,MED025,LOC001,SUP002,2025-09-26,2025-10-01,2025-10-01,2200,2200,Delivered
PO-10483,MED026,LOC006,SUP002,2025-09-26,2025-10-02,2025-10-02,1750,1750,Delivered
PO-10484,MED033,LOC001,SUP004,2025-09-26,2025-10-02,2025-10-02,200,200,Delivered
PO-10485,MED034,LOC003,SUP013,2025-09-26,2025-10-02,2025-10-02,300,300,Delivered
PO-10486,MED039,LOC003,SUP006,2025-09-26,2025-10-04,2025-10-04,60,60,Delivered
PO-10487,MED047,LOC006,SUP015,2025-09-26,2025-09-29,2025-09-29,520,520,Delivered
PO-10488,MED049,LOC006,SUP015,2025-09-26,2025-09-29,2025-09-29,1860,1860,Delivered
PO-10489,MED050,LOC003,SUP005,2025-09-26,2025-09-30,2025-09-30,2510,2510,Delivered
PO-10490,MED053,LOC003,SUP010,2025-09-26,2025-10-02,2025-10-02,220,220,Delivered
PO-10491,MED055,LOC003,SUP015,2025-09-26,2025-09-29,2025-09-29,850,850,Delivered
PO-10492,MED059,LOC006,SUP015,2025-09-26,2025-09-29,2025-09-29,510,510,Delivered
PO-10493,MED061,LOC005,SUP004,2025-09-26,2025-10-03,2025-10-03,290,290,Delivered
PO-10494,MED066,LOC003,SUP004,2025-09-26,2025-10-02,2025-10-02,1050,1050,Delivered
PO-10495,MED067,LOC001,SUP012,2025-09-26,2025-10-02,2025-10-02,1060,1060,Delivered
PO-10496,MED069,LOC001,SUP004,2025-09-26,2025-10-03,2025-10-03,3130,3130,Delivered
PO-10497,MED070,LOC001,SUP004,2025-09-26,2025-10-02,2025-10-02,580,580,Delivered
PO-10498,MED074,LOC003,SUP006,2025-09-26,2025-10-04,2025-10-05,80,80,Delayed
PO-10499,MED075,LOC005,SUP004,2025-09-26,2025-10-02,2025-10-02,250,250,Delivered
PO-10500,MED075,LOC006,SUP004,2025-09-26,2025-10-02,2025-10-02,560,560,Delivered
PO-10501,MED001,LOC005,SUP001,2025-09-27,2025-10-02,2025-10-02,340,340,Delivered
PO-10502,MED013,LOC006,SUP007,2025-09-27,2025-10-02,2025-10-02,240,240,Delivered
PO-10503,MED017,LOC003,SUP001,2025-09-27,2025-10-02,2025-10-02,1180,1180,Delivered
PO-10504,MED021,LOC004,SUP002,2025-09-27,2025-10-01,2025-10-01,260,260,Delivered
PO-10505,MED025,LOC002,SUP002,2025-09-27,2025-10-02,2025-10-02,840,840,Delivered
PO-10506,MED025,LOC006,SUP002,2025-09-27,2025-10-02,2025-10-02,1600,1600,Delivered
PO-10507,MED026,LOC005,SUP002,2025-09-27,2025-10-03,2025-10-03,810,810,Delivered
PO-10508,MED027,LOC001,SUP009,2025-09-27,2025-10-02,2025-10-02,820,820,Delivered
PO-10509,MED027,LOC003,SUP009,2025-09-27,2025-10-02,2025-10-02,680,680,Delivered
PO-10510,MED027,LOC005,SUP009,2025-09-27,2025-10-02,2025-10-02,280,280,Delivered
PO-10511,MED030,LOC006,SUP004,2025-09-27,2025-10-02,2025-10-02,180,180,Delivered
PO-10512,MED031,LOC006,SUP015,2025-09-27,2025-09-30,2025-09-30,1040,1040,Delivered
PO-10513,MED034,LOC001,SUP013,2025-09-27,2025-10-03,2025-10-03,330,330,Delivered
PO-10514,MED034,LOC006,SUP013,2025-09-27,2025-10-03,2025-10-03,230,230,Delivered
PO-10515,MED044,LOC002,SUP010,2025-09-27,2025-10-02,2025-10-02,210,210,Delivered
PO-10516,MED044,LOC003,SUP010,2025-09-27,2025-10-02,2025-10-02,460,460,Delivered
PO-10517,MED056,LOC006,SUP005,2025-09-27,2025-10-02,2025-10-02,610,610,Delivered
PO-10518,MED061,LOC001,SUP004,2025-09-27,2025-10-04,2025-10-04,900,900,Delivered
PO-10519,MED061,LOC003,SUP004,2025-09-27,2025-10-04,2025-10-04,690,690,Delivered
PO-10520,MED064,LOC003,SUP005,2025-09-27,2025-10-02,2025-10-02,1990,1990,Delivered
PO-10521,MED065,LOC006,SUP015,2025-09-27,2025-09-29,2025-09-29,690,690,Delivered
PO-10522,MED067,LOC002,SUP012,2025-09-27,2025-10-03,2025-10-03,400,400,Delivered
PO-10523,MED068,LOC005,SUP004,2025-09-27,2025-10-03,2025-10-03,1400,1400,Delivered
PO-10524,MED070,LOC006,SUP004,2025-09-27,2025-10-03,2025-10-03,400,400,Delivered
PO-10525,MED071,LOC001,SUP014,2025-09-27,2025-10-03,2025-10-03,170,170,Delivered
PO-10526,MED071,LOC002,SUP014,2025-09-27,2025-10-03,2025-10-03,80,80,Delivered
PO-10527,MED007,LOC003,SUP011,2025-09-28,2025-10-01,2025-10-01,1140,1140,Delivered
PO-10528,MED010,LOC003,SUP007,2025-09-28,2025-10-02,2025-10-02,860,860,Delivered
PO-10529,MED013,LOC001,SUP007,2025-09-28,2025-10-03,2025-10-03,320,320,Delivered
PO-10530,MED014,LOC006,SUP007,2025-09-28,2025-10-01,2025-10-04,330,330,Delayed
PO-10531,MED021,LOC003,SUP002,2025-09-28,2025-10-02,2025-10-02,1350,1350,Delivered
PO-10532,MED021,LOC006,SUP002,2025-09-28,2025-10-02,2025-10-02,1330,1330,Delivered
PO-10533,MED028,LOC003,SUP002,2025-09-28,2025-10-03,2025-10-03,630,630,Delivered
PO-10534,MED032,LOC001,SUP009,2025-09-28,2025-10-01,2025-10-01,670,670,Delivered
PO-10535,MED036,LOC001,SUP003,2025-09-28,2025-09-30,2025-09-30,2360,2360,Delivered
PO-10536,MED036,LOC006,SUP003,2025-09-28,2025-09-30,2025-09-30,1630,1630,Delivered
PO-10537,MED044,LOC005,SUP010,2025-09-28,2025-10-03,2025-10-03,190,190,Delivered
PO-10538,MED045,LOC002,SUP004,2025-09-28,2025-10-03,2025-10-03,340,340,Delivered
PO-10539,MED045,LOC003,SUP004,2025-09-28,2025-10-03,2025-10-03,690,690,Delivered
PO-10540,MED050,LOC001,SUP005,2025-09-28,2025-10-02,2025-10-02,3120,3120,Delivered
PO-10541,MED055,LOC006,SUP015,2025-09-28,2025-10-01,2025-10-01,820,820,Delivered
PO-10542,MED056,LOC004,SUP005,2025-09-28,2025-10-03,2025-10-03,330,330,Delivered
PO-10543,MED056,LOC005,SUP005,2025-09-28,2025-10-03,2025-10-03,290,290,Delivered
PO-10544,MED057,LOC001,SUP008,2025-09-28,2025-10-02,2025-10-02,710,710,Delivered
PO-10545,MED062,LOC006,SUP004,2025-09-28,2025-10-03,2025-10-03,1050,1050,Delivered
PO-10546,MED064,LOC002,SUP005,2025-09-28,2025-10-03,2025-10-03,1030,1030,Delivered
PO-10547,MED068,LOC001,SUP004,2025-09-28,2025-10-04,2025-10-04,4220,4220,Delivered
PO-10548,MED068,LOC003,SUP004,2025-09-28,2025-10-04,2025-10-07,3540,3540,Delayed
PO-10549,MED070,LOC005,SUP004,2025-09-28,2025-10-04,2025-10-04,200,200,Delivered
PO-10550,MED073,LOC002,SUP004,2025-09-28,2025-10-04,2025-10-04,100,100,Delivered
PO-10551,MED005,LOC001,SUP001,2025-09-29,2025-10-04,2025-10-04,370,370,Delivered
PO-10552,MED009,LOC001,SUP007,2025-09-29,2025-10-03,2025-10-03,1780,1780,Delivered
PO-10553,MED014,LOC003,SUP007,2025-09-29,2025-10-02,2025-10-02,400,400,Delivered
PO-10554,MED017,LOC002,SUP001,2025-09-29,2025-10-04,2025-10-06,620,620,Delayed
PO-10555,MED018,LOC003,SUP001,2025-09-29,2025-10-02,2025-10-02,1850,1850,Delivered
PO-10556,MED018,LOC006,SUP001,2025-09-29,2025-10-02,2025-10-02,1580,1580,Delivered
PO-10557,MED022,LOC005,SUP002,2025-09-29,2025-10-03,2025-10-03,370,370,Delivered
PO-10558,MED023,LOC001,SUP002,2025-09-29,2025-10-03,2025-10-03,1310,1310,Delivered
PO-10559,MED023,LOC006,SUP002,2025-09-29,2025-10-03,2025-10-03,930,930,Delivered
PO-10560,MED024,LOC001,SUP009,2025-09-29,2025-10-04,2025-10-04,1830,1830,Delivered
PO-10561,MED024,LOC002,SUP009,2025-09-29,2025-10-04,2025-10-04,730,730,Delivered
PO-10562,MED028,LOC006,SUP002,2025-09-29,2025-10-04,2025-10-04,520,520,Delivered
PO-10563,MED029,LOC006,SUP015,2025-09-29,2025-10-02,2025-10-02,270,270,Delivered
PO-10564,MED030,LOC001,SUP004,2025-09-29,2025-10-04,2025-10-04,260,260,Delivered
PO-10565,MED031,LOC001,SUP015,2025-09-29,2025-10-02,2025-10-02,1440,1440,Delivered
PO-10566,MED033,LOC005,SUP004,2025-09-29,2025-10-05,2025-10-05,70,70,Delivered
PO-10567,MED034,LOC002,SUP013,2025-09-29,2025-10-05,2025-10-05,130,130,Delivered
PO-10568,MED038,LOC001,SUP015,2025-09-29,2025-10-01,2025-10-01,170,170,Delivered
PO-10569,MED040,LOC002,SUP004,2025-09-29,2025-10-04,2025-10-04,70,70,Delivered
PO-10570,MED040,LOC006,SUP004,2025-09-29,2025-10-04,2025-10-04,120,120,Delivered
PO-10571,MED041,LOC001,SUP015,2025-09-29,2025-10-01,2025-10-01,240,240,Delivered
PO-10572,MED042,LOC005,SUP003,2025-09-29,2025-10-01,2025-10-01,340,340,Delivered
PO-10573,MED045,LOC005,SUP004,2025-09-29,2025-10-04,2025-10-04,290,290,Delivered
PO-10574,MED048,LOC006,SUP015,2025-09-29,2025-10-01,2025-10-01,400,400,Delivered
PO-10575,MED049,LOC003,SUP015,2025-09-29,2025-10-02,2025-10-02,2060,2060,Delivered
PO-10576,MED056,LOC002,SUP005,2025-09-29,2025-10-04,2025-10-04,330,330,Delivered
PO-10577,MED056,LOC003,SUP005,2025-09-29,2025-10-04,2025-10-04,700,700,Delivered
PO-10578,MED058,LOC003,SUP008,2025-09-29,2025-10-04,2025-10-04,610,610,Delivered
PO-10579,MED062,LOC001,SUP004,2025-09-29,2025-10-04,2025-10-04,1350,1350,Delivered
PO-10580,MED069,LOC006,SUP004,2025-09-29,2025-10-06,2025-10-06,3480,3480,Delivered
PO-10581,MED071,LOC003,SUP014,2025-09-29,2025-10-05,2025-10-08,130,130,Delayed
PO-10582,MED074,LOC002,SUP006,2025-09-29,2025-10-07,2025-10-07,50,50,Delivered
PO-10583,MED001,LOC003,SUP001,2025-09-30,2025-10-05,2025-10-05,700,700,Delivered
PO-10584,MED002,LOC005,SUP010,2025-09-30,2025-10-07,2025-10-07,210,210,Delivered
PO-10585,MED002,LOC006,SUP010,2025-09-30,2025-10-07,2025-10-07,660,660,Delivered
PO-10586,MED004,LOC003,SUP001,2025-09-30,2025-10-04,2025-10-04,360,360,Delivered
PO-10587,MED005,LOC002,SUP001,2025-09-30,2025-10-05,2025-10-05,160,160,Delivered
PO-10588,MED005,LOC003,SUP001,2025-09-30,2025-10-05,2025-10-05,250,250,Delivered
PO-10589,MED007,LOC007,SUP011,2025-09-30,2025-10-03,2025-10-03,350,350,Delivered
PO-10590,MED009,LOC002,SUP007,2025-09-30,2025-10-04,2025-10-04,640,640,Delivered
PO-10591,MED009,LOC006,SUP007,2025-09-30,2025-10-04,2025-10-04,1230,1230,Delivered
PO-10592,MED010,LOC005,SUP007,2025-09-30,2025-10-04,2025-10-04,350,350,Delivered
PO-10593,MED019,LOC006,SUP015,2025-09-30,2025-10-03,2025-10-03,940,940,Delivered
PO-10594,MED028,LOC002,SUP002,2025-09-30,2025-10-05,2025-10-05,300,300,Delivered
PO-10595,MED028,LOC005,SUP002,2025-09-30,2025-10-05,2025-10-05,250,250,Delivered
PO-10596,MED037,LOC002,SUP015,2025-09-30,2025-10-04,2025-10-04,1000,1000,Delivered
PO-10597,MED038,LOC003,SUP015,2025-09-30,2025-10-02,2025-10-02,120,120,Delivered
PO-10598,MED039,LOC006,SUP006,2025-09-30,2025-10-08,2025-10-08,80,80,Delivered
PO-10599,MED043,LOC006,SUP003,2025-09-30,2025-10-02,2025-10-02,210,210,Delivered
PO-10600,MED044,LOC001,SUP010,2025-09-30,2025-10-05,2025-10-05,580,580,Delivered
PO-10601,MED046,LOC001,SUP015,2025-09-30,2025-10-04,2025-10-04,1200,1200,Delivered
PO-10602,MED055,LOC001,SUP015,2025-09-30,2025-10-03,2025-10-03,1040,1040,Delivered
PO-10603,MED055,LOC002,SUP015,2025-09-30,2025-10-03,2025-10-03,450,450,Delivered
PO-10604,MED057,LOC003,SUP008,2025-09-30,2025-10-04,2025-10-04,660,660,Delivered
PO-10605,MED057,LOC004,SUP008,2025-09-30,2025-10-04,2025-10-05,320,320,Delayed
PO-10606,MED061,LOC006,SUP004,2025-09-30,2025-10-07,2025-10-07,640,640,Delivered
PO-10607,MED070,LOC002,SUP004,2025-09-30,2025-10-06,2025-10-06,210,210,Delivered
PO-10608,MED072,LOC004,SUP006,2025-09-30,2025-10-07,2025-10-07,50,50,Delivered
PO-10609,MED073,LOC001,SUP004,2025-09-30,2025-10-06,2025-10-06,220,220,Delivered
PO-10610,MED001,LOC002,SUP001,2025-10-01,2025-10-06,2025-10-06,390,390,Delivered
PO-10611,MED001,LOC006,SUP001,2025-10-01,2025-10-06,2025-10-06,960,960,Delivered
PO-10612,MED003,LOC003,SUP001,2025-10-01,2025-10-04,2025-10-04,270,270,Delivered
PO-10613,MED007,LOC001,SUP011,2025-10-01,2025-10-04,2025-10-04,1580,1580,Delivered
PO-10614,MED008,LOC005,SUP001,2025-10-01,2025-10-06,2025-10-06,200,200,Delivered
PO-10615,MED009,LOC003,SUP007,2025-10-01,2025-10-05,2025-10-05,1370,1370,Delivered
PO-10616,MED010,LOC001,SUP007,2025-10-01,2025-10-05,2025-10-05,1140,1140,Delivered
PO-10617,MED011,LOC001,SUP011,2025-10-01,2025-10-06,2025-10-06,430,430,Delivered
PO-10618,MED011,LOC002,SUP011,2025-10-01,2025-10-06,2025-10-06,190,190,Delivered
PO-10619,MED011,LOC003,SUP011,2025-10-01,2025-10-06,2025-10-06,340,340,Delivered
PO-10620,MED015,LOC001,SUP011,2025-10-01,2025-10-04,2025-10-06,620,620,Delayed
PO-10621,MED016,LOC001,SUP001,2025-10-01,2025-10-05,2025-10-05,2570,2570,Delivered
PO-10622,MED016,LOC003,SUP001,2025-10-01,2025-10-05,2025-10-05,1980,1980,Delivered
PO-10623,MED018,LOC002,SUP001,2025-10-01,2025-10-04,2025-10-04,920,920,Delivered
PO-10624,MED021,LOC001,SUP002,2025-10-01,2025-10-05,2025-10-05,1740,1740,Delivered
PO-10625,MED021,LOC002,SUP002,2025-10-01,2025-10-05,2025-10-05,690,690,Delivered
PO-10626,MED026,LOC002,SUP002,2025-10-01,2025-10-07,2025-10-07,890,890,Delivered
PO-10627,MED029,LOC001,SUP015,2025-10-01,2025-10-04,2025-10-04,310,310,Delivered
PO-10628,MED029,LOC003,SUP015,2025-10-01,2025-10-04,2025-10-04,260,260,Delivered
PO-10629,MED029,LOC005,SUP015,2025-10-01,2025-10-04,2025-10-04,110,110,Delivered
PO-10630,MED030,LOC002,SUP004,2025-10-01,2025-10-06,2025-10-06,110,110,Delivered
PO-10631,MED032,LOC005,SUP009,2025-10-01,2025-10-04,2025-10-04,270,270,Delivered
PO-10632,MED035,LOC001,SUP015,2025-10-01,2025-10-03,2025-10-03,300,300,Delivered
PO-10633,MED035,LOC005,SUP015,2025-10-01,2025-10-03,2025-10-03,110,110,Delivered
PO-10634,MED037,LOC003,SUP015,2025-10-01,2025-10-05,2025-10-05,2240,2240,Delivered
PO-10635,MED043,LOC001,SUP003,2025-10-01,2025-10-03,2025-10-03,320,320,Delivered
PO-10636,MED046,LOC002,SUP015,2025-10-01,2025-10-05,2025-10-05,490,490,Delivered
PO-10637,MED048,LOC003,SUP015,2025-10-01,2025-10-03,2025-10-03,450,450,Delivered
PO-10638,MED051,LOC001,SUP015,2025-10-01,2025-10-03,2025-10-03,2460,2460,Delivered
PO-10639,MED053,LOC002,SUP010,2025-10-01,2025-10-07,2025-10-07,120,120,Delivered
PO-10640,MED059,LOC001,SUP015,2025-10-01,2025-10-04,2025-10-04,690,690,Delivered
PO-10641,MED059,LOC002,SUP015,2025-10-01,2025-10-04,2025-10-04,250,250,Delivered
PO-10642,MED061,LOC002,SUP004,2025-10-01,2025-10-08,2025-10-08,310,310,Delivered
PO-10643,MED068,LOC002,SUP004,2025-10-01,2025-10-07,2025-10-07,1680,1680,Delivered
PO-10644,MED068,LOC006,SUP004,2025-10-01,2025-10-07,2025-10-07,4720,4720,Delivered
PO-10645,MED071,LOC005,SUP014,2025-10-01,2025-10-07,2025-10-07,50,50,Delivered
PO-10646,MED075,LOC002,SUP004,2025-10-01,2025-10-07,2025-10-07,300,300,Delivered
PO-10647,MED004,LOC002,SUP001,2025-10-02,2025-10-06,2025-10-06,170,170,Delivered
PO-10648,MED004,LOC005,SUP001,2025-10-02,2025-10-06,2025-10-06,170,170,Delivered
PO-10649,MED005,LOC004,SUP001,2025-10-02,2025-10-07,2025-10-07,60,60,Delivered
PO-10650,MED006,LOC003,SUP001,2025-10-02,2025-10-07,2025-10-07,850,850,Delivered
PO-10651,MED006,LOC006,SUP001,2025-10-02,2025-10-07,2025-10-07,1220,1220,Delivered
PO-10652,MED007,LOC002,SUP011,2025-10-02,2025-10-05,2025-10-05,590,590,Delivered
PO-10653,MED007,LOC006,SUP011,2025-10-02,2025-10-05,2025-10-05,1080,1080,Delivered
PO-10654,MED012,LOC003,SUP007,2025-10-02,2025-10-06,2025-10-06,630,630,Delivered
PO-10655,MED013,LOC005,SUP007,2025-10-02,2025-10-07,2025-10-07,120,120,Delivered
PO-10656,MED019,LOC003,SUP015,2025-10-02,2025-10-05,2025-10-05,1050,1050,Delivered
PO-10657,MED027,LOC002,SUP009,2025-10-02,2025-10-07,2025-10-07,340,340,Delivered
PO-10658,MED033,LOC003,SUP004,2025-10-02,2025-10-08,2025-10-08,130,130,Delivered
PO-10659,MED035,LOC003,SUP015,2025-10-02,2025-10-04,2025-10-04,220,220,Delivered
PO-10660,MED035,LOC006,SUP015,2025-10-02,2025-10-04,2025-10-04,210,210,Delivered
PO-10661,MED036,LOC003,SUP003,2025-10-02,2025-10-04,2025-10-04,1790,1790,Delivered
PO-10662,MED036,LOC005,SUP003,2025-10-02,2025-10-04,2025-10-04,770,770,Delivered
PO-10663,MED037,LOC005,SUP015,2025-10-02,2025-10-06,2025-10-06,850,850,Delivered
PO-10664,MED039,LOC001,SUP006,2025-10-02,2025-10-10,2025-10-10,70,70,Delivered
PO-10665,MED039,LOC004,SUP006,2025-10-02,2025-10-10,2025-10-10,50,50,Delivered
PO-10666,MED040,LOC005,SUP004,2025-10-02,2025-10-07,2025-10-07,60,60,Delivered
PO-10667,MED042,LOC003,SUP003,2025-10-02,2025-10-04,2025-10-04,660,660,Delivered
PO-10668,MED047,LOC001,SUP015,2025-10-02,2025-10-05,2025-10-05,740,740,Delivered
PO-10669,MED048,LOC001,SUP015,2025-10-02,2025-10-04,2025-10-04,510,510,Delivered
PO-10670,MED049,LOC002,SUP015,2025-10-02,2025-10-05,2025-10-05,1010,1010,Delivered
PO-10671,MED050,LOC004,SUP005,2025-10-02,2025-10-06,2025-10-06,1110,1110,Delivered
PO-10672,MED051,LOC003,SUP015,2025-10-02,2025-10-04,2025-10-04,1910,1910,Delivered
PO-10673,MED052,LOC003,SUP015,2025-10-02,2025-10-05,2025-10-05,360,360,Delivered
PO-10674,MED057,LOC005,SUP008,2025-10-02,2025-10-06,2025-10-06,240,240,Delivered
PO-10675,MED062,LOC003,SUP004,2025-10-02,2025-10-07,2025-10-07,1100,1100,Delivered
PO-10676,MED064,LOC005,SUP005,2025-10-02,2025-10-07,2025-10-07,880,880,Delivered
PO-10677,MED065,LOC001,SUP015,2025-10-02,2025-10-04,2025-10-04,910,910,Delivered
PO-10678,MED074,LOC001,SUP006,2025-10-02,2025-10-10,2025-10-10,110,110,Delivered
PO-10679,MED008,LOC002,SUP001,2025-10-03,2025-10-08,2025-10-08,260,260,Delivered
PO-10680,MED013,LOC002,SUP007,2025-10-03,2025-10-08,2025-10-08,130,130,Delivered
PO-10681,MED015,LOC002,SUP011,2025-10-03,2025-10-06,2025-10-06,230,230,Delivered
PO-10682,MED015,LOC007,SUP011,2025-10-03,2025-10-06,2025-10-06,170,170,Delivered
PO-10683,MED018,LOC005,SUP001,2025-10-03,2025-10-06,2025-10-06,690,690,Delivered
PO-10684,MED020,LOC002,SUP004,2025-10-03,2025-10-08,2025-10-08,390,390,Delivered
PO-10685,MED022,LOC006,SUP002,2025-10-03,2025-10-07,2025-10-07,720,720,Delivered
PO-10686,MED025,LOC004,SUP002,2025-10-03,2025-10-08,2025-10-08,330,330,Delivered
PO-10687,MED029,LOC002,SUP015,2025-10-03,2025-10-06,2025-10-06,120,120,Delivered
PO-10688,MED032,LOC002,SUP009,2025-10-03,2025-10-06,2025-10-06,280,280,Delivered
PO-10689,MED032,LOC006,SUP009,2025-10-03,2025-10-06,2025-10-06,460,460,Delivered
PO-10690,MED034,LOC005,SUP013,2025-10-03,2025-10-09,2025-10-09,120,120,Delivered
PO-10691,MED038,LOC006,SUP015,2025-10-03,2025-10-05,2025-10-05,120,120,Delivered
PO-10692,MED040,LOC001,SUP004,2025-10-03,2025-10-08,2025-10-08,150,150,Delivered
PO-10693,MED040,LOC003,SUP004,2025-10-03,2025-10-08,2025-10-08,130,130,Delivered
PO-10694,MED046,LOC003,SUP015,2025-10-03,2025-10-07,2025-10-07,890,890,Delivered
PO-10695,MED054,LOC001,SUP015,2025-10-03,2025-10-05,2025-10-05,400,400,Delivered
PO-10696,MED054,LOC003,SUP015,2025-10-03,2025-10-05,2025-10-05,350,350,Delivered
PO-10697,MED054,LOC006,SUP015,2025-10-03,2025-10-05,2025-10-05,290,290,Delivered
PO-10698,MED059,LOC004,SUP015,2025-10-03,2025-10-06,2025-10-06,100,100,Delivered
PO-10699,MED060,LOC002,SUP015,2025-10-03,2025-10-05,2025-10-05,50,50,Delivered
PO-10700,MED062,LOC004,SUP004,2025-10-03,2025-10-08,2025-10-08,220,220,Delivered
PO-10701,MED062,LOC005,SUP004,2025-10-03,2025-10-08,2025-10-08,500,500,Delivered
PO-10702,MED063,LOC001,SUP004,2025-10-03,2025-10-10,2025-10-10,500,500,Delivered
PO-10703,MED067,LOC003,SUP012,2025-10-03,2025-10-09,2025-10-09,850,850,Delivered
PO-10704,MED069,LOC004,SUP004,2025-10-03,2025-10-10,2025-10-10,460,460,Delivered
PO-10705,MED002,LOC004,SUP010,2025-10-04,2025-10-11,2025-10-11,100,100,Delivered
PO-10706,MED003,LOC005,SUP001,2025-10-04,2025-10-07,2025-10-07,130,130,Delivered
PO-10707,MED006,LOC002,SUP001,2025-10-04,2025-10-09,2025-10-09,450,450,Delivered
PO-10708,MED010,LOC002,SUP007,2025-10-04,2025-10-08,2025-10-08,390,390,Delivered
PO-10709,MED014,LOC005,SUP007,2025-10-04,2025-10-07,2025-10-07,160,160,Delivered
PO-10710,MED015,LOC003,SUP011,2025-10-04,2025-10-07,2025-10-07,470,470,Delivered
PO-10711,MED023,LOC002,SUP002,2025-10-04,2025-10-08,2025-10-08,500,500,Delivered
PO-10712,MED023,LOC005,SUP002,2025-10-04,2025-10-08,2025-10-10,440,440,Delayed
PO-10713,MED025,LOC005,SUP002,2025-10-04,2025-10-09,2025-10-09,700,700,Delivered
PO-10714,MED031,LOC003,SUP015,2025-10-04,2025-10-07,2025-10-07,1170,1170,Delivered
PO-10715,MED041,LOC003,SUP015,2025-10-04,2025-10-06,2025-10-06,190,190,Delivered
PO-10716,MED041,LOC006,SUP015,2025-10-04,2025-10-06,2025-10-06,170,170,Delivered
PO-10717,MED042,LOC002,SUP003,2025-10-04,2025-10-06,2025-10-06,370,370,Delivered
PO-10718,MED043,LOC005,SUP003,2025-10-04,2025-10-06,2025-10-06,100,100,Delivered
PO-10719,MED046,LOC005,SUP015,2025-10-04,2025-10-08,2025-10-08,380,380,Delivered
PO-10720,MED051,LOC002,SUP015,2025-10-04,2025-10-06,2025-10-06,930,930,Delivered
PO-10721,MED052,LOC001,SUP015,2025-10-04,2025-10-07,2025-10-07,420,420,Delivered
PO-10722,MED053,LOC006,SUP010,2025-10-04,2025-10-10,2025-10-10,350,350,Delivered
PO-10723,MED060,LOC004,SUP015,2025-10-04,2025-10-06,2025-10-06,50,50,Delivered
PO-10724,MED060,LOC006,SUP015,2025-10-04,2025-10-06,2025-10-06,60,60,Delivered
PO-10725,MED063,LOC005,SUP004,2025-10-04,2025-10-11,2025-10-11,170,170,Delivered
PO-10726,MED065,LOC005,SUP015,2025-10-04,2025-10-06,2025-10-06,350,350,Delivered
PO-10727,MED003,LOC001,SUP001,2025-10-05,2025-10-08,2025-10-08,350,350,Delivered
PO-10728,MED006,LOC005,SUP001,2025-10-05,2025-10-10,2025-10-10,350,350,Delivered
PO-10729,MED007,LOC005,SUP011,2025-10-05,2025-10-08,2025-10-08,470,470,Delivered
PO-10730,MED008,LOC004,SUP001,2025-10-05,2025-10-10,2025-10-10,110,110,Delivered
PO-10731,MED009,LOC005,SUP007,2025-10-05,2025-10-09,2025-10-09,570,570,Delivered
PO-10732,MED012,LOC002,SUP007,2025-10-05,2025-10-09,2025-10-09,320,320,Delivered
PO-10733,MED016,LOC002,SUP001,2025-10-05,2025-10-09,2025-10-09,990,990,Delivered
PO-10734,MED016,LOC005,SUP001,2025-10-05,2025-10-09,2025-10-09,820,820,Delivered
PO-10735,MED019,LOC005,SUP015,2025-10-05,2025-10-08,2025-10-08,430,430,Delivered
PO-10736,MED032,LOC003,SUP009,2025-10-05,2025-10-08,2025-10-08,510,510,Delivered
PO-10737,MED042,LOC001,SUP003,2025-10-05,2025-10-07,2025-10-07,800,800,Delivered
PO-10738,MED047,LOC003,SUP015,2025-10-05,2025-10-08,2025-10-08,580,580,Delivered
PO-10739,MED049,LOC001,SUP015,2025-10-05,2025-10-08,2025-10-08,2490,2490,Delivered
PO-10740,MED050,LOC002,SUP005,2025-10-05,2025-10-09,2025-10-09,1250,1250,Delivered
PO-10741,MED051,LOC006,SUP015,2025-10-05,2025-10-07,2025-10-07,1750,1750,Delivered
PO-10742,MED057,LOC002,SUP008,2025-10-05,2025-10-09,2025-10-09,290,290,Delivered
PO-10743,MED058,LOC002,SUP008,2025-10-05,2025-10-10,2025-10-10,290,290,Delivered
PO-10744,MED058,LOC005,SUP008,2025-10-05,2025-10-10,2025-10-12,260,260,Delayed
PO-10745,MED065,LOC002,SUP015,2025-10-05,2025-10-07,2025-10-07,360,360,Delivered
PO-10746,MED073,LOC004,SUP004,2025-10-05,2025-10-11,2025-10-11,50,50,Delivered
PO-10747,MED003,LOC002,SUP001,2025-10-06,2025-10-09,2025-10-09,160,160,Delivered
PO-10748,MED012,LOC005,SUP007,2025-10-06,2025-10-10,2025-10-10,280,280,Delivered
PO-10749,MED013,LOC004,SUP007,2025-10-06,2025-10-11,2025-10-11,60,60,Delivered
PO-10750,MED014,LOC001,SUP007,2025-10-06,2025-10-09,2025-10-09,460,460,Delivered
PO-10751,MED015,LOC004,SUP011,2025-10-06,2025-10-09,2025-10-09,90,90,Delivered
PO-10752,MED026,LOC003,SUP002,2025-10-06,2025-10-12,2025-10-12,1910,1910,Delivered
PO-10753,MED030,LOC003,SUP004,2025-10-06,2025-10-11,2025-10-11,220,220,Delivered
PO-10754,MED030,LOC005,SUP004,2025-10-06,2025-10-11,2025-10-11,90,90,Delivered
PO-10755,MED031,LOC002,SUP015,2025-10-06,2025-10-09,2025-10-09,620,620,Delivered
PO-10756,MED041,LOC002,SUP015,2025-10-06,2025-10-08,2025-10-08,100,100,Delivered
PO-10757,MED041,LOC005,SUP015,2025-10-06,2025-10-08,2025-10-08,90,90,Delivered
PO-10758,MED042,LOC006,SUP003,2025-10-06,2025-10-08,2025-10-08,650,650,Delivered
PO-10759,MED047,LOC005,SUP015,2025-10-06,2025-10-09,2025-10-09,210,210,Delivered
PO-10760,MED050,LOC005,SUP005,2025-10-06,2025-10-10,2025-10-10,1010,1010,Delivered
PO-10761,MED053,LOC004,SUP010,2025-10-06,2025-10-12,2025-10-12,50,50,Delivered
PO-10762,MED059,LOC003,SUP015,2025-10-06,2025-10-09,2025-10-09,540,540,Delivered
PO-10763,MED059,LOC005,SUP015,2025-10-06,2025-10-09,2025-10-09,210,210,Delivered
PO-10764,MED060,LOC003,SUP015,2025-10-06,2025-10-08,2025-10-08,80,80,Delivered
PO-10765,MED069,LOC002,SUP004,2025-10-06,2025-10-13,2025-10-13,1390,1390,Delivered
PO-10766,MED070,LOC003,SUP004,2025-10-06,2025-10-12,2025-10-12,480,480,Delivered
PO-10767,MED072,LOC005,SUP006,2025-10-06,2025-10-13,2025-10-13,50,50,Delivered
PO-10768,MED008,LOC001,SUP001,2025-10-07,2025-10-12,2025-10-12,700,700,Delivered
PO-10769,MED022,LOC002,SUP002,2025-10-07,2025-10-11,2025-10-11,390,390,Delivered
PO-10770,MED024,LOC005,SUP009,2025-10-07,2025-10-12,2025-10-12,580,580,Delivered
PO-10771,MED031,LOC005,SUP015,2025-10-07,2025-10-10,2025-10-10,470,470,Delivered
PO-10772,MED033,LOC006,SUP004,2025-10-07,2025-10-13,2025-10-13,140,140,Delivered
PO-10773,MED034,LOC006,SUP013,2025-10-07,2025-10-13,2025-10-13,250,250,Delivered
PO-10774,MED039,LOC002,SUP006,2025-10-07,2025-10-15,2025-10-15,50,50,Delivered
PO-10775,MED045,LOC006,SUP004,2025-10-07,2025-10-12,2025-10-12,590,590,Delivered
PO-10776,MED048,LOC002,SUP015,2025-10-07,2025-10-09,2025-10-09,220,220,Delivered
PO-10777,MED049,LOC005,SUP015,2025-10-07,2025-10-10,2025-10-10,770,770,Delivered
PO-10778,MED055,LOC005,SUP015,2025-10-07,2025-10-10,2025-10-10,370,370,Delivered
PO-10779,MED060,LOC005,SUP015,2025-10-07,2025-10-09,2025-10-09,50,50,Delivered
PO-10780,MED063,LOC002,SUP004,2025-10-07,2025-10-14,2025-10-14,190,190,Delivered
PO-10781,MED067,LOC006,SUP012,2025-10-07,2025-10-13,2025-10-13,750,750,Delivered
PO-10782,MED069,LOC003,SUP004,2025-10-07,2025-10-14,2025-10-14,2560,2560,Delivered
PO-10783,MED072,LOC001,SUP006,2025-10-07,2025-10-14,2025-10-14,80,80,Delivered
PO-10784,MED001,LOC001,SUP001,2025-10-08,2025-10-13,2025-10-13,960,960,Delivered
PO-10785,MED002,LOC002,SUP010,2025-10-08,2025-10-15,2025-10-15,240,240,Delivered
PO-10786,MED003,LOC006,SUP001,2025-10-08,2025-10-11,2025-10-11,420,420,Delivered
PO-10787,MED008,LOC006,SUP001,2025-10-08,2025-10-13,2025-10-13,500,500,Delivered
PO-10788,MED010,LOC006,SUP007,2025-10-08,2025-10-12,2025-10-12,860,860,Delivered
PO-10789,MED019,LOC002,SUP015,2025-10-08,2025-10-11,2025-10-11,520,520,Delivered
PO-10790,MED024,LOC006,SUP009,2025-10-08,2025-10-13,2025-10-13,1400,1400,Delivered
PO-10791,MED026,LOC001,SUP002,2025-10-08,2025-10-14,2025-10-14,2420,2420,Delivered
PO-10792,MED032,LOC004,SUP009,2025-10-08,2025-10-11,2025-10-12,80,80,Delayed
PO-10793,MED033,LOC002,SUP004,2025-10-08,2025-10-14,2025-10-14,90,90,Delivered
PO-10794,MED033,LOC004,SUP004,2025-10-08,2025-10-14,2025-10-14,50,50,Delivered
PO-10795,MED037,LOC004,SUP015,2025-10-08,2025-10-12,2025-10-12,380,380,Delivered
PO-10796,MED038,LOC002,SUP015,2025-10-08,2025-10-10,2025-10-10,50,50,Delivered
PO-10797,MED043,LOC003,SUP003,2025-10-08,2025-10-10,2025-10-12,230,230,Delayed
PO-10798,MED047,LOC002,SUP015,2025-10-08,2025-10-11,2025-10-11,320,320,Delivered
PO-10799,MED052,LOC005,SUP015,2025-10-08,2025-10-11,2025-10-11,160,160,Delivered
PO-10800,MED063,LOC006,SUP004,2025-10-08,2025-10-15,2025-10-15,340,340,Delivered
PO-10801,MED065,LOC003,SUP015,2025-10-08,2025-10-10,2025-10-10,810,810,Delivered
PO-10802,MED074,LOC002,SUP006,2025-10-08,2025-10-16,2025-10-16,50,50,Delivered
PO-10803,MED074,LOC003,SUP006,2025-10-08,2025-10-16,2025-10-16,80,80,Delivered
PO-10804,MED075,LOC001,SUP004,2025-10-08,2025-10-14,2025-10-14,800,800,Delivered
PO-10805,MED002,LOC001,SUP010,2025-10-09,2025-10-16,2025-10-16,570,570,Delivered
PO-10806,MED002,LOC003,SUP010,2025-10-09,2025-10-16,2025-10-16,460,460,Delivered
PO-10807,MED008,LOC003,SUP001,2025-10-09,2025-10-14,2025-10-14,510,510,Delivered
PO-10808,MED012,LOC006,SUP007,2025-10-09,2025-10-13,2025-10-13,660,660,Delivered
PO-10809,MED020,LOC006,SUP004,2025-10-09,2025-10-14,2025-10-14,810,810,Delivered
PO-10810,MED024,LOC004,SUP009,2025-10-09,2025-10-14,2025-10-14,280,280,Delivered
PO-10811,MED025,LOC003,SUP002,2025-10-09,2025-10-14,2025-10-14,1730,1730,Delivered
PO-10812,MED027,LOC006,SUP009,2025-10-09,2025-10-14,2025-10-14,620,620,Delivered
PO-10813,MED034,LOC003,SUP013,2025-10-09,2025-10-15,2025-10-15,300,300,Delivered
PO-10814,MED035,LOC002,SUP015,2025-10-09,2025-10-11,2025-10-11,130,130,Delivered
PO-10815,MED036,LOC002,SUP003,2025-10-09,2025-10-11,2025-10-11,920,920,Delivered
PO-10816,MED039,LOC006,SUP006,2025-10-09,2025-10-17,2025-10-17,100,100,Delivered
PO-10817,MED040,LOC004,SUP004,2025-10-09,2025-10-14,2025-10-14,50,50,Delivered
PO-10818,MED048,LOC005,SUP015,2025-10-09,2025-10-11,2025-10-11,170,170,Delivered
PO-10819,MED053,LOC001,SUP010,2025-10-09,2025-10-15,2025-10-15,300,300,Delivered
PO-10820,MED053,LOC005,SUP010,2025-10-09,2025-10-15,2025-10-18,100,100,Delayed
PO-10821,MED054,LOC002,SUP015,2025-10-09,2025-10-11,2025-10-11,150,150,Delivered
PO-10822,MED056,LOC001,SUP005,2025-10-09,2025-10-14,2025-10-14,830,830,Delivered
PO-10823,MED066,LOC001,SUP004,2025-10-09,2025-10-15,2025-10-15,1370,1370,Delivered
PO-10824,MED066,LOC006,SUP004,2025-10-09,2025-10-15,2025-10-15,950,950,Delivered
PO-10825,MED069,LOC001,SUP004,2025-10-09,2025-10-16,2025-10-16,3330,3330,Delivered
PO-10826,MED069,LOC005,SUP004,2025-10-09,2025-10-16,2025-10-16,1040,1040,Delivered
PO-10827,MED070,LOC006,SUP004,2025-10-09,2025-10-15,2025-10-15,420,420,Delivered
PO-10828,MED074,LOC006,SUP006,2025-10-09,2025-10-17,2025-10-17,70,70,Delivered
PO-10829,MED075,LOC003,SUP004,2025-10-09,2025-10-15,2025-10-15,660,660,Delivered
PO-10830,MED075,LOC006,SUP004,2025-10-09,2025-10-15,2025-10-15,590,590,Delivered
PO-10831,MED005,LOC006,SUP001,2025-10-10,2025-10-15,2025-10-15,340,340,Delivered
PO-10832,MED006,LOC001,SUP001,2025-10-10,2025-10-15,2025-10-15,1120,1120,Delivered
PO-10833,MED006,LOC004,SUP001,2025-10-10,2025-10-15,2025-10-15,140,140,Delivered
PO-10834,MED011,LOC005,SUP011,2025-10-10,2025-10-15,2025-10-15,130,130,Delivered
PO-10835,MED014,LOC002,SUP007,2025-10-10,2025-10-13,2025-10-15,190,190,Delayed
PO-10836,MED018,LOC004,SUP001,2025-10-10,2025-10-13,2025-10-13,290,290,Delivered
PO-10837,MED020,LOC005,SUP004,2025-10-10,2025-10-15,2025-10-15,340,340,Delivered
PO-10838,MED027,LOC001,SUP009,2025-10-10,2025-10-15,2025-10-15,900,900,Delivered
PO-10839,MED037,LOC006,SUP015,2025-10-10,2025-10-14,2025-10-14,1970,1970,Delivered
PO-10840,MED038,LOC004,SUP015,2025-10-10,2025-10-12,2025-10-12,50,50,Delivered
PO-10841,MED039,LOC005,SUP006,2025-10-10,2025-10-18,2025-10-18,50,50,Delivered
PO-10842,MED043,LOC002,SUP003,2025-10-10,2025-10-12,2025-10-12,110,110,Delivered
PO-10843,MED047,LOC006,SUP015,2025-10-10,2025-10-13,2025-10-13,580,580,Delivered
PO-10844,MED051,LOC005,SUP015,2025-10-10,2025-10-12,2025-10-12,790,790,Delivered
PO-10845,MED056,LOC005,SUP005,2025-10-10,2025-10-15,2025-10-15,310,310,Delivered
PO-10846,MED058,LOC001,SUP008,2025-10-10,2025-10-15,2025-10-15,830,830,Delivered
PO-10847,MED058,LOC004,SUP008,2025-10-10,2025-10-15,2025-10-15,280,280,Delivered
PO-10848,MED061,LOC005,SUP004,2025-10-10,2025-10-17,2025-10-17,300,300,Delivered
PO-10849,MED070,LOC001,SUP004,2025-10-10,2025-10-16,2025-10-16,590,590,Delivered
PO-10850,MED071,LOC006,SUP014,2025-10-10,2025-10-16,2025-10-16,120,120,Delivered
PO-10851,MED072,LOC003,SUP006,2025-10-10,2025-10-17,2025-10-17,50,50,Delivered
PO-10852,MED073,LOC002,SUP004,2025-10-10,2025-10-16,2025-10-16,100,100,Delivered
PO-10853,MED073,LOC005,SUP004,2025-10-10,2025-10-16,2025-10-16,80,80,Delivered
PO-10854,MED075,LOC005,SUP004,2025-10-10,2025-10-16,2025-10-18,240,240,Delayed
PO-10855,MED002,LOC006,SUP010,2025-10-11,2025-10-18,2025-10-18,710,710,Delivered
PO-10856,MED003,LOC004,SUP001,2025-10-11,2025-10-14,2025-10-14,50,50,Delivered
PO-10857,MED004,LOC001,SUP001,2025-10-11,2025-10-15,2025-10-15,480,480,Delivered
PO-10858,MED012,LOC001,SUP007,2025-10-11,2025-10-15,2025-10-15,880,880,Delivered
PO-10859,MED015,LOC005,SUP011,2025-10-11,2025-10-14,2025-10-14,190,190,Delivered
PO-10860,MED017,LOC001,SUP001,2025-10-11,2025-10-16,2025-10-16,1510,1510,Delivered
PO-10861,MED020,LOC003,SUP004,2025-10-11,2025-10-16,2025-10-16,790,790,Delivered
PO-10862,MED027,LOC004,SUP009,2025-10-11,2025-10-16,2025-10-16,140,140,Delivered
PO-10863,MED030,LOC006,SUP004,2025-10-11,2025-10-16,2025-10-16,190,190,Delivered
PO-10864,MED033,LOC001,SUP004,2025-10-11,2025-10-17,2025-10-17,210,210,Delivered
PO-10865,MED034,LOC002,SUP013,2025-10-11,2025-10-17,2025-10-17,140,140,Delivered
PO-10866,MED044,LOC004,SUP010,2025-10-11,2025-10-16,2025-10-16,110,110,Delivered
PO-10867,MED044,LOC006,SUP010,2025-10-11,2025-10-16,2025-10-16,400,400,Delivered
PO-10868,MED045,LOC001,SUP004,2025-10-11,2025-10-16,2025-10-16,850,850,Delivered
PO-10869,MED045,LOC002,SUP004,2025-10-11,2025-10-16,2025-10-16,360,360,Delivered
PO-10870,MED048,LOC004,SUP015,2025-10-11,2025-10-13,2025-10-13,90,90,Delivered
PO-10871,MED050,LOC006,SUP005,2025-10-11,2025-10-15,2025-10-15,2330,2330,Delivered
PO-10872,MED061,LOC001,SUP004,2025-10-11,2025-10-18,2025-10-18,880,880,Delivered
PO-10873,MED061,LOC003,SUP004,2025-10-11,2025-10-18,2025-10-18,700,700,Delivered
PO-10874,MED063,LOC003,SUP004,2025-10-11,2025-10-18,2025-10-18,340,340,Delivered
PO-10875,MED064,LOC001,SUP005,2025-10-11,2025-10-16,2025-10-16,2610,2610,Delivered
PO-10876,MED064,LOC003,SUP005,2025-10-11,2025-10-16,2025-10-16,2100,2100,Delivered
PO-10877,MED064,LOC006,SUP005,2025-10-11,2025-10-16,2025-10-16,1920,1920,Delivered
PO-10878,MED066,LOC003,SUP004,2025-10-11,2025-10-17,2025-10-17,1020,1020,Delivered
PO-10879,MED067,LOC001,SUP012,2025-10-11,2025-10-17,2025-10-17,990,990,Delivered
PO-10880,MED001,LOC004,SUP001,2025-10-12,2025-10-17,2025-10-17,130,130,Delivered
PO-10881,MED013,LOC001,SUP007,2025-10-12,2025-10-17,2025-10-17,330,330,Delivered
PO-10882,MED016,LOC006,SUP001,2025-10-12,2025-10-16,2025-10-16,1810,1810,Delivered
PO-10883,MED017,LOC005,SUP001,2025-10-12,2025-10-17,2025-10-17,450,450,Delivered
PO-10884,MED017,LOC006,SUP001,2025-10-12,2025-10-17,2025-10-17,1090,1090,Delivered
PO-10885,MED019,LOC001,SUP015,2025-10-12,2025-10-15,2025-10-15,1320,1320,Delivered
PO-10886,MED021,LOC005,SUP002,2025-10-12,2025-10-16,2025-10-16,530,530,Delivered
PO-10887,MED024,LOC003,SUP009,2025-10-12,2025-10-17,2025-10-17,1400,1400,Delivered
PO-10888,MED025,LOC001,SUP002,2025-10-12,2025-10-17,2025-10-17,2090,2090,Delivered
PO-10889,MED025,LOC002,SUP002,2025-10-12,2025-10-17,2025-10-17,860,860,Delivered
PO-10890,MED025,LOC006,SUP002,2025-10-12,2025-10-17,2025-10-17,1650,1650,Delivered
PO-10891,MED026,LOC006,SUP002,2025-10-12,2025-10-18,2025-10-18,1780,1780,Delivered
PO-10892,MED028,LOC001,SUP002,2025-10-12,2025-10-17,2025-10-17,720,720,Delivered
PO-10893,MED046,LOC006,SUP015,2025-10-12,2025-10-16,2025-10-16,900,900,Delivered
PO-10894,MED053,LOC003,SUP010,2025-10-12,2025-10-18,2025-10-18,260,260,Delivered
PO-10895,MED057,LOC006,SUP008,2025-10-12,2025-10-16,2025-10-16,550,550,Delivered
PO-10896,MED061,LOC004,SUP004,2025-10-12,2025-10-19,2025-10-19,120,120,Delivered
PO-10897,MED061,LOC006,SUP004,2025-10-12,2025-10-19,2025-10-19,680,680,Delivered
PO-10898,MED062,LOC002,SUP004,2025-10-12,2025-10-17,2025-10-17,530,530,Delivered
PO-10899,MED066,LOC002,SUP004,2025-10-12,2025-10-18,2025-10-18,490,490,Delivered
PO-10900,MED066,LOC005,SUP004,2025-10-12,2025-10-18,2025-10-18,420,420,Delivered
PO-10901,MED067,LOC002,SUP012,2025-10-12,2025-10-18,2025-10-18,410,410,Delivered
PO-10902,MED067,LOC005,SUP012,2025-10-12,2025-10-18,2025-10-18,310,310,Delivered
PO-10903,MED068,LOC001,SUP004,2025-10-12,2025-10-18,2025-10-18,4420,4420,Delivered
PO-10904,MED068,LOC003,SUP004,2025-10-12,2025-10-18,2025-10-18,3690,3690,Delivered
PO-10905,MED068,LOC004,SUP004,2025-10-12,2025-10-18,2025-10-18,620,620,Delivered
PO-10906,MED069,LOC006,SUP004,2025-10-12,2025-10-19,2025-10-19,3470,3470,Delivered
PO-10907,MED004,LOC002,SUP001,2025-10-13,2025-10-17,2025-10-17,210,210,Delivered
PO-10908,MED004,LOC006,SUP001,2025-10-13,2025-10-17,2025-10-17,520,520,Delivered
PO-10909,MED005,LOC003,SUP001,2025-10-13,2025-10-18,2025-10-18,270,270,Delivered
PO-10910,MED013,LOC003,SUP007,2025-10-13,2025-10-18,2025-10-18,250,250,Delivered
PO-10911,MED013,LOC006,SUP007,2025-10-13,2025-10-18,2025-10-19,240,240,Delayed
PO-10912,MED014,LOC006,SUP007,2025-10-13,2025-10-16,2025-10-16,370,370,Delivered
PO-10913,MED016,LOC004,SUP001,2025-10-13,2025-10-17,2025-10-19,330,330,Delayed
PO-10914,MED017,LOC002,SUP001,2025-10-13,2025-10-18,2025-10-18,620,620,Delivered
PO-10915,MED017,LOC003,SUP001,2025-10-13,2025-10-18,2025-10-18,1220,1220,Delivered
PO-10916,MED020,LOC007,SUP004,2025-10-13,2025-10-18,2025-10-18,260,260,Delivered
PO-10917,MED021,LOC004,SUP002,2025-10-13,2025-10-17,2025-10-17,270,270,Delivered
PO-10918,MED022,LOC003,SUP002,2025-10-13,2025-10-17,2025-10-17,850,850,Delivered
PO-10919,MED023,LOC001,SUP002,2025-10-13,2025-10-17,2025-10-17,1430,1430,Delivered
PO-10920,MED023,LOC003,SUP002,2025-10-13,2025-10-17,2025-10-17,1030,1030,Delivered
PO-10921,MED024,LOC001,SUP009,2025-10-13,2025-10-18,2025-10-18,1870,1870,Delivered
PO-10922,MED026,LOC005,SUP002,2025-10-13,2025-10-19,2025-10-19,850,850,Delivered
PO-10923,MED027,LOC005,SUP009,2025-10-13,2025-10-18,2025-10-18,270,270,Delivered
PO-10924,MED028,LOC004,SUP002,2025-10-13,2025-10-18,2025-10-18,120,120,Delivered
PO-10925,MED030,LOC004,SUP004,2025-10-13,2025-10-18,2025-10-20,50,50,Delayed
PO-10926,MED032,LOC001,SUP009,2025-10-13,2025-10-16,2025-10-16,720,720,Delivered
PO-10927,MED035,LOC004,SUP015,2025-10-13,2025-10-15,2025-10-15,50,50,Delivered
PO-10928,MED037,LOC001,SUP015,2025-10-13,2025-10-17,2025-10-17,2620,2620,Delivered
PO-10929,MED038,LOC005,SUP015,2025-10-13,2025-10-15,2025-10-15,50,50,Delivered
PO-10930,MED044,LOC002,SUP010,2025-10-13,2025-10-18,2025-10-18,220,220,Delivered
PO-10931,MED044,LOC005,SUP010,2025-10-13,2025-10-18,2025-10-18,190,190,Delivered
PO-10932,MED045,LOC005,SUP004,2025-10-13,2025-10-18,2025-10-18,280,280,Delivered
PO-10933,MED047,LOC004,SUP015,2025-10-13,2025-10-16,2025-10-16,90,90,Delivered
PO-10934,MED050,LOC003,SUP005,2025-10-13,2025-10-17,2025-10-17,2520,2520,Delivered
PO-10935,MED056,LOC002,SUP005,2025-10-13,2025-10-18,2025-10-18,340,340,Delivered
PO-10936,MED056,LOC004,SUP005,2025-10-13,2025-10-18,2025-10-18,310,310,Delivered
PO-10937,MED056,LOC006,SUP005,2025-10-13,2025-10-18,2025-10-18,620,620,Delivered
PO-10938,MED057,LOC001,SUP008,2025-10-13,2025-10-17,2025-10-17,740,740,Delivered
PO-10939,MED058,LOC006,SUP008,2025-10-13,2025-10-18,2025-10-18,520,520,Delivered
PO-10940,MED061,LOC002,SUP004,2025-10-13,2025-10-20,2025-10-20,360,360,Delivered
PO-10941,MED062,LOC001,SUP004,2025-10-13,2025-10-18,2025-10-18,1460,1460,Delivered
PO-10942,MED064,LOC002,SUP005,2025-10-13,2025-10-18,2025-10-18,1040,1040,Delivered
PO-10943,MED068,LOC005,SUP004,2025-10-13,2025-10-19,2025-10-19,1430,1430,Delivered
PO-10944,MED070,LOC005,SUP004,2025-10-13,2025-10-19,2025-10-19,210,210,Delivered
PO-10945,MED071,LOC001,SUP014,2025-10-13,2025-10-19,2025-10-19,150,150,Delivered
PO-10946,MED073,LOC006,SUP004,2025-10-13,2025-10-19,2025-10-19,160,160,Delivered
PO-10947,MED001,LOC003,SUP001,2025-10-14,2025-10-19,2025-10-19,740,740,Delivered
PO-10948,MED001,LOC006,SUP001,2025-10-14,2025-10-19,2025-10-19,1030,1030,Delivered
PO-10949,MED005,LOC001,SUP001,2025-10-14,2025-10-19,2025-10-19,350,350,Delivered
PO-10950,MED007,LOC003,SUP011,2025-10-14,2025-10-17,2025-10-17,1310,1310,Delivered
PO-10951,MED011,LOC006,SUP011,2025-10-14,2025-10-19,2025-10-19,300,300,Delivered
PO-10952,MED011,LOC007,SUP011,2025-10-14,2025-10-19,2025-10-19,110,110,Delivered
PO-10953,MED018,LOC001,SUP001,2025-10-14,2025-10-17,2025-10-17,2200,2200,Delivered
PO-10954,MED019,LOC004,SUP015,2025-10-14,2025-10-17,2025-10-17,210,210,Delivered
PO-10955,MED020,LOC001,SUP004,2025-10-14,2025-10-19,2025-10-19,1020,1020,Delivered
PO-10956,MED021,LOC003,SUP002,2025-10-14,2025-10-18,2025-10-18,1340,1340,Delivered
PO-10957,MED022,LOC001,SUP002,2025-10-14,2025-10-18,2025-10-18,1040,1040,Delivered
PO-10958,MED023,LOC004,SUP002,2025-10-14,2025-10-18,2025-10-18,230,230,Delivered
PO-10959,MED023,LOC006,SUP002,2025-10-14,2025-10-18,2025-10-18,980,980,Delivered
PO-10960,MED026,LOC002,SUP002,2025-10-14,2025-10-20,2025-10-20,1000,1000,Delivered
PO-10961,MED028,LOC003,SUP002,2025-10-14,2025-10-19,2025-10-19,620,620,Delivered
PO-10962,MED028,LOC006,SUP002,2025-10-14,2025-10-19,2025-10-19,540,540,Delivered
PO-10963,MED031,LOC004,SUP015,2025-10-14,2025-10-17,2025-10-17,220,220,Delivered
PO-10964,MED033,LOC003,SUP004,2025-10-14,2025-10-20,2025-10-23,150,150,Delayed
PO-10965,MED034,LOC001,SUP013,2025-10-14,2025-10-20,2025-10-20,330,330,Delivered
PO-10966,MED034,LOC004,SUP013,2025-10-14,2025-10-20,2025-10-20,50,50,Delivered
PO-10967,MED039,LOC003,SUP006,2025-10-14,2025-10-22,2025-10-24,50,50,Delayed
PO-10968,MED049,LOC006,SUP015,2025-10-14,2025-10-17,2025-10-17,1930,1930,Delivered
PO-10969,MED052,LOC002,SUP015,2025-10-14,2025-10-17,2025-10-17,180,180,Delivered
PO-10970,MED055,LOC003,SUP015,2025-10-14,2025-10-17,2025-10-17,870,870,Delivered
PO-10971,MED062,LOC006,SUP004,2025-10-14,2025-10-19,2025-10-19,1010,1010,Delivered
PO-10972,MED064,LOC004,SUP005,2025-10-14,2025-10-19,2025-10-19,360,360,Delivered
PO-10973,MED068,LOC006,SUP004,2025-10-14,2025-10-20,2025-10-20,4930,4930,Delivered
PO-10974,MED069,LOC004,SUP004,2025-10-14,2025-10-21,2025-10-21,490,490,Delivered
PO-10975,MED071,LOC003,SUP014,2025-10-14,2025-10-20,2025-10-23,120,120,Delayed
PO-10976,MED071,LOC005,SUP014,2025-10-14,2025-10-20,2025-10-20,50,50,Delivered
PO-10977,MED073,LOC003,SUP004,2025-10-14,2025-10-20,2025-10-20,160,160,Delivered
PO-10978,MED001,LOC002,SUP001,2025-10-15,2025-10-20,2025-10-20,400,400,Delivered
PO-10979,MED002,LOC005,SUP010,2025-10-15,2025-10-22,2025-10-22,200,200,Delivered
PO-10980,MED004,LOC003,SUP001,2025-10-15,2025-10-19,2025-10-19,390,390,Delivered
PO-10981,MED004,LOC004,SUP001,2025-10-15,2025-10-19,2025-10-19,70,70,Delivered
PO-10982,MED005,LOC002,SUP001,2025-10-15,2025-10-20,2025-10-20,150,150,Delivered
PO-10983,MED005,LOC005,SUP001,2025-10-15,2025-10-20,2025-10-20,110,110,Delivered
PO-10984,MED009,LOC002,SUP007,2025-10-15,2025-10-19,2025-10-19,640,640,Delivered
PO-10985,MED009,LOC004,SUP007,2025-10-15,2025-10-19,2025-10-22,270,270,Delayed
PO-10986,MED010,LOC003,SUP007,2025-10-15,2025-10-19,2025-10-19,810,810,Delivered
PO-10987,MED013,LOC002,SUP007,2025-10-15,2025-10-20,2025-10-20,150,150,Delivered
PO-10988,MED021,LOC006,SUP002,2025-10-15,2025-10-19,2025-10-19,1300,1300,Delivered
PO-10989,MED024,LOC002,SUP009,2025-10-15,2025-10-20,2025-10-20,760,760,Delivered
PO-10990,MED027,LOC003,SUP009,2025-10-15,2025-10-20,2025-10-20,640,640,Delivered
PO-10991,MED031,LOC001,SUP015,2025-10-15,2025-10-18,2025-10-18,1550,1550,Delivered
PO-10992,MED031,LOC006,SUP015,2025-10-15,2025-10-18,2025-10-18,1100,1100,Delivered
PO-10993,MED033,LOC005,SUP004,2025-10-15,2025-10-21,2025-10-21,70,70,Delivered
PO-10994,MED037,LOC002,SUP015,2025-10-15,2025-10-19,2025-10-19,1050,1050,Delivered
PO-10995,MED045,LOC003,SUP004,2025-10-15,2025-10-20,2025-10-20,650,650,Delivered
PO-10996,MED050,LOC001,SUP005,2025-10-15,2025-10-19,2025-10-19,2970,2970,Delivered
PO-10997,MED051,LOC004,SUP015,2025-10-15,2025-10-17,2025-10-17,360,360,Delivered
PO-10998,MED052,LOC006,SUP015,2025-10-15,2025-10-18,2025-10-18,320,320,Delivered
PO-10999,MED056,LOC003,SUP005,2025-10-15,2025-10-20,2025-10-20,680,680,Delivered
PO-11000,MED058,LOC003,SUP008,2025-10-15,2025-10-20,2025-10-20,590,590,Delivered
PO-11001,MED062,LOC003,SUP004,2025-10-15,2025-10-20,2025-10-20,1130,1130,Delivered
PO-11002,MED065,LOC006,SUP015,2025-10-15,2025-10-17,2025-10-17,740,740,Delivered
PO-11003,MED068,LOC002,SUP004,2025-10-15,2025-10-21,2025-10-22,1660,1660,Delayed
PO-11004,MED070,LOC002,SUP004,2025-10-15,2025-10-21,2025-10-21,240,240,Delivered
PO-11005,MED072,LOC002,SUP006,2025-10-15,2025-10-22,2025-10-22,50,50,Delivered
PO-11006,MED072,LOC006,SUP006,2025-10-15,2025-10-22,2025-10-22,50,50,Delivered
PO-11007,MED073,LOC001,SUP004,2025-10-15,2025-10-21,2025-10-21,250,250,Delivered
PO-11008,MED075,LOC002,SUP004,2025-10-15,2025-10-21,2025-10-21,320,320,Delivered
PO-11009,MED001,LOC005,SUP001,2025-10-16,2025-10-21,2025-10-21,290,290,Delivered
PO-11010,MED008,LOC002,SUP001,2025-10-16,2025-10-21,2025-10-21,270,270,Delivered
PO-11011,MED009,LOC001,SUP007,2025-10-16,2025-10-20,2025-10-20,1640,1640,Delivered
PO-11012,MED010,LOC002,SUP007,2025-10-16,2025-10-20,2025-10-20,460,460,Delivered
PO-11013,MED010,LOC005,SUP007,2025-10-16,2025-10-20,2025-10-20,350,350,Delivered
PO-11014,MED011,LOC003,SUP011,2025-10-16,2025-10-21,2025-10-21,340,340,Delivered
PO-11015,MED017,LOC004,SUP001,2025-10-16,2025-10-21,2025-10-21,210,210,Delivered
PO-11016,MED018,LOC006,SUP001,2025-10-16,2025-10-19,2025-10-19,1580,1580,Delivered
PO-11017,MED022,LOC006,SUP002,2025-10-16,2025-10-20,2025-10-20,800,800,Delivered
PO-11018,MED028,LOC005,SUP002,2025-10-16,2025-10-21,2025-10-21,240,240,Delivered
PO-11019,MED030,LOC001,SUP004,2025-10-16,2025-10-21,2025-10-21,230,230,Delivered
PO-11020,MED036,LOC006,SUP003,2025-10-16,2025-10-18,2025-10-21,1750,1750,Delayed
PO-11021,MED040,LOC006,SUP004,2025-10-16,2025-10-21,2025-10-21,120,120,Delivered
PO-11022,MED044,LOC003,SUP010,2025-10-16,2025-10-21,2025-10-21,420,420,Delivered
PO-11023,MED049,LOC003,SUP015,2025-10-16,2025-10-19,2025-10-19,1960,1960,Delivered
PO-11024,MED054,LOC005,SUP015,2025-10-16,2025-10-18,2025-10-18,140,140,Delivered
PO-11025,MED055,LOC001,SUP015,2025-10-16,2025-10-19,2025-10-19,1130,1130,Delivered
PO-11026,MED059,LOC006,SUP015,2025-10-16,2025-10-19,2025-10-19,490,490,Delivered
PO-11027,MED006,LOC003,SUP001,2025-10-17,2025-10-22,2025-10-22,860,860,Delivered
PO-11028,MED007,LOC007,SUP011,2025-10-17,2025-10-20,2025-10-20,350,350,Delivered
PO-11029,MED008,LOC005,SUP001,2025-10-17,2025-10-22,2025-10-22,200,200,Delivered
PO-11030,MED008,LOC007,SUP001,2025-10-17,2025-10-22,2025-10-22,140,140,Delivered
PO-11031,MED009,LOC006,SUP007,2025-10-17,2025-10-21,2025-10-21,1180,1180,Delivered
PO-11032,MED016,LOC001,SUP001,2025-10-17,2025-10-21,2025-10-21,2440,2440,Delivered
PO-11033,MED016,LOC003,SUP001,2025-10-17,2025-10-21,2025-10-21,2000,2000,Delivered
PO-11034,MED018,LOC003,SUP001,2025-10-17,2025-10-20,2025-10-20,1780,1780,Delivered
PO-11035,MED019,LOC006,SUP015,2025-10-17,2025-10-20,2025-10-20,940,940,Delivered
PO-11036,MED036,LOC001,SUP003,2025-10-17,2025-10-19,2025-10-19,2460,2460,Delivered
PO-11037,MED039,LOC001,SUP006,2025-10-17,2025-10-25,2025-10-25,70,70,Delivered
PO-11038,MED040,LOC003,SUP004,2025-10-17,2025-10-22,2025-10-22,130,130,Delivered
PO-11039,MED041,LOC004,SUP015,2025-10-17,2025-10-19,2025-10-19,50,50,Delivered
PO-11040,MED043,LOC004,SUP003,2025-10-17,2025-10-19,2025-10-19,50,50,Delivered
PO-11041,MED044,LOC001,SUP010,2025-10-17,2025-10-22,2025-10-22,570,570,Delivered
PO-11042,MED045,LOC004,SUP004,2025-10-17,2025-10-22,2025-10-22,130,130,Delivered
PO-11043,MED046,LOC001,SUP015,2025-10-17,2025-10-21,2025-10-21,1190,1190,Delivered
PO-11044,MED047,LOC001,SUP015,2025-10-17,2025-10-20,2025-10-20,800,800,Delivered
PO-11045,MED055,LOC006,SUP015,2025-10-17,2025-10-20,2025-10-20,770,770,Delivered
PO-11046,MED057,LOC005,SUP008,2025-10-17,2025-10-21,2025-10-21,240,240,Delivered
PO-11047,MED071,LOC004,SUP014,2025-10-17,2025-10-23,2025-10-23,50,50,Delivered
PO-11048,MED004,LOC005,SUP001,2025-10-18,2025-10-22,2025-10-22,170,170,Delivered
PO-11049,MED006,LOC006,SUP001,2025-10-18,2025-10-23,2025-10-23,1180,1180,Delivered
PO-11050,MED009,LOC003,SUP007,2025-10-18,2025-10-22,2025-10-22,1300,1300,Delivered
PO-11051,MED011,LOC001,SUP011,2025-10-18,2025-10-23,2025-10-23,390,390,Delivered
PO-11052,MED014,LOC003,SUP007,2025-10-18,2025-10-21,2025-10-21,410,410,Delivered
PO-11053,MED015,LOC006,SUP011,2025-10-18,2025-10-21,2025-10-21,410,410,Delivered
PO-11054,MED024,LOC005,SUP009,2025-10-18,2025-10-23,2025-10-23,700,700,Delivered
PO-11055,MED029,LOC001,SUP015,2025-10-18,2025-10-21,2025-10-24,340,340,Delayed
PO-11056,MED032,LOC006,SUP009,2025-10-18,2025-10-21,2025-10-21,510,510,Delivered
PO-11057,MED035,LOC006,SUP015,2025-10-18,2025-10-20,2025-10-20,240,240,Delivered
PO-11058,MED037,LOC003,SUP015,2025-10-18,2025-10-22,2025-10-22,1940,1940,Delivered
PO-11059,MED048,LOC006,SUP015,2025-10-18,2025-10-20,2025-10-20,450,450,Delivered
PO-11060,MED050,LOC004,SUP005,2025-10-18,2025-10-22,2025-10-22,1130,1130,Delivered
PO-11061,MED059,LOC001,SUP015,2025-10-18,2025-10-21,2025-10-21,670,670,Delivered
PO-11062,MED059,LOC002,SUP015,2025-10-18,2025-10-21,2025-10-21,270,270,Delivered
PO-11063,MED064,LOC005,SUP005,2025-10-18,2025-10-23,2025-10-23,880,880,Delivered
PO-11064,MED074,LOC001,SUP006,2025-10-18,2025-10-26,2025-10-26,100,100,Delivered
PO-11065,MED006,LOC002,SUP001,2025-10-19,2025-10-24,2025-10-24,470,470,Delivered
PO-11066,MED006,LOC005,SUP001,2025-10-19,2025-10-24,2025-10-24,380,380,Delivered
PO-11067,MED007,LOC006,SUP011,2025-10-19,2025-10-22,2025-10-22,1140,1140,Delivered
PO-11068,MED012,LOC003,SUP007,2025-10-19,2025-10-23,2025-10-23,640,640,Delivered
PO-11069,MED012,LOC005,SUP007,2025-10-19,2025-10-23,2025-10-23,290,290,Delivered
PO-11070,MED019,LOC003,SUP015,2025-10-19,2025-10-22,2025-10-22,1090,1090,Delivered
PO-11071,MED021,LOC001,SUP002,2025-10-19,2025-10-23,2025-10-23,1680,1680,Delivered
PO-11072,MED025,LOC005,SUP002,2025-10-19,2025-10-24,2025-10-24,740,740,Delivered
PO-11073,MED027,LOC002,SUP009,2025-10-19,2025-10-24,2025-10-24,340,340,Delivered
PO-11074,MED028,LOC002,SUP002,2025-10-19,2025-10-24,2025-10-24,280,280,Delivered
PO-11075,MED030,LOC002,SUP004,2025-10-19,2025-10-24,2025-10-24,90,90,Delivered
PO-11076,MED040,LOC001,SUP004,2025-10-19,2025-10-24,2025-10-24,150,150,Delivered
PO-11077,MED043,LOC006,SUP003,2025-10-19,2025-10-21,2025-10-22,210,210,Delayed
PO-11078,MED046,LOC002,SUP015,2025-10-19,2025-10-23,2025-10-23,460,460,Delivered
PO-11079,MED047,LOC005,SUP015,2025-10-19,2025-10-22,2025-10-22,250,250,Delivered
PO-11080,MED053,LOC002,SUP010,2025-10-19,2025-10-25,2025-10-25,130,130,Delivered
PO-11081,MED053,LOC004,SUP010,2025-10-19,2025-10-25,2025-10-25,60,60,Delivered
PO-11082,MED057,LOC003,SUP008,2025-10-19,2025-10-23,2025-10-23,580,580,Delivered
PO-11083,MED058,LOC002,SUP008,2025-10-19,2025-10-24,2025-10-24,330,330,Delivered
PO-11084,MED063,LOC001,SUP004,2025-10-19,2025-10-26,2025-10-26,460,460,Delivered
PO-11085,MED072,LOC003,SUP006,2025-10-19,2025-10-26,2025-10-26,70,70,Delivered
PO-11086,MED005,LOC004,SUP001,2025-10-20,2025-10-25,2025-10-25,60,60,Delivered
PO-11087,MED007,LOC001,SUP011,2025-10-20,2025-10-23,2025-10-23,1610,1610,Delivered
PO-11088,MED007,LOC002,SUP011,2025-10-20,2025-10-23,2025-10-23,600,600,Delivered
PO-11089,MED007,LOC005,SUP011,2025-10-20,2025-10-23,2025-10-23,530,530,Delivered
PO-11090,MED010,LOC001,SUP007,2025-10-20,2025-10-24,2025-10-24,1010,1010,Delivered
PO-11091,MED011,LOC002,SUP011,2025-10-20,2025-10-25,2025-10-25,180,180,Delivered
PO-11092,MED012,LOC002,SUP007,2025-10-20,2025-10-24,2025-10-24,340,340,Delivered
PO-11093,MED013,LOC005,SUP007,2025-10-20,2025-10-25,2025-10-25,110,110,Delivered
PO-11094,MED014,LOC001,SUP007,2025-10-20,2025-10-23,2025-10-23,500,500,Delivered
PO-11095,MED015,LOC001,SUP011,2025-10-20,2025-10-23,2025-10-23,590,590,Delivered
PO-11096,MED015,LOC002,SUP011,2025-10-20,2025-10-23,2025-10-23,250,250,Delivered
PO-11097,MED016,LOC005,SUP001,2025-10-20,2025-10-24,2025-10-24,860,860,Delivered
PO-11098,MED018,LOC002,SUP001,2025-10-20,2025-10-23,2025-10-23,810,810,Delivered
PO-11099,MED018,LOC005,SUP001,2025-10-20,2025-10-23,2025-10-23,730,730,Delivered
PO-11100,MED020,LOC002,SUP004,2025-10-20,2025-10-25,2025-10-25,380,380,Delivered
PO-11101,MED020,LOC004,SUP004,2025-10-20,2025-10-25,2025-10-25,130,130,Delivered
PO-11102,MED021,LOC002,SUP002,2025-10-20,2025-10-24,2025-10-25,610,610,Delayed
PO-11103,MED022,LOC004,SUP002,2025-10-20,2025-10-24,2025-10-24,160,160,Delivered
PO-11104,MED022,LOC005,SUP002,2025-10-20,2025-10-24,2025-10-24,310,310,Delivered
PO-11105,MED035,LOC003,SUP015,2025-10-20,2025-10-22,2025-10-22,220,220,Delivered
PO-11106,MED037,LOC005,SUP015,2025-10-20,2025-10-24,2025-10-24,890,890,Delivered
PO-11107,MED038,LOC003,SUP015,2025-10-20,2025-10-22,2025-10-22,110,110,Delivered
PO-11108,MED042,LOC004,SUP003,2025-10-20,2025-10-22,2025-10-22,150,150,Delivered
PO-11109,MED046,LOC003,SUP015,2025-10-20,2025-10-24,2025-10-24,890,890,Delivered
PO-11110,MED049,LOC002,SUP015,2025-10-20,2025-10-23,2025-10-23,980,980,Delivered
PO-11111,MED054,LOC001,SUP015,2025-10-20,2025-10-22,2025-10-22,440,440,Delivered
PO-11112,MED054,LOC006,SUP015,2025-10-20,2025-10-22,2025-10-22,310,310,Delivered
PO-11113,MED059,LOC005,SUP015,2025-10-20,2025-10-23,2025-10-23,240,240,Delivered
PO-11114,MED060,LOC006,SUP015,2025-10-20,2025-10-22,2025-10-22,70,70,Delivered
PO-11115,MED060,LOC007,SUP015,2025-10-20,2025-10-22,2025-10-22,50,50,Delivered
PO-11116,MED063,LOC003,SUP004,2025-10-20,2025-10-27,2025-10-27,400,400,Delivered
PO-11117,MED063,LOC006,SUP004,2025-10-20,2025-10-27,2025-10-27,370,370,Delivered
PO-11118,MED067,LOC003,SUP012,2025-10-20,2025-10-26,2025-10-26,810,810,Delivered
PO-11119,MED072,LOC001,SUP006,2025-10-20,2025-10-27,2025-10-27,80,80,Delivered
PO-11120,MED002,LOC001,SUP010,2025-10-21,2025-10-28,2025-10-28,590,590,Delivered
PO-11121,MED002,LOC002,SUP010,2025-10-21,2025-10-28,2025-10-28,240,240,Delivered
PO-11122,MED002,LOC004,SUP010,2025-10-21,2025-10-28,2025-10-28,100,100,Delivered
PO-11123,MED003,LOC001,SUP001,2025-10-21,2025-10-24,2025-10-24,340,340,Delivered
PO-11124,MED003,LOC003,SUP001,2025-10-21,2025-10-24,2025-10-24,250,250,Delivered
PO-11125,MED011,LOC004,SUP011,2025-10-21,2025-10-26,2025-10-26,60,60,Delivered
PO-11126,MED011,LOC005,SUP011,2025-10-21,2025-10-26,2025-10-26,150,150,Delivered
PO-11127,MED014,LOC004,SUP007,2025-10-21,2025-10-24,2025-10-24,80,80,Delivered
PO-11128,MED016,LOC002,SUP001,2025-10-21,2025-10-25,2025-10-25,970,970,Delivered
PO-11129,MED023,LOC002,SUP002,2025-10-21,2025-10-25,2025-10-25,540,540,Delivered
PO-11130,MED023,LOC005,SUP002,2025-10-21,2025-10-25,2025-10-25,480,480,Delivered
PO-11131,MED026,LOC003,SUP002,2025-10-21,2025-10-27,2025-10-27,1850,1850,Delivered
PO-11132,MED029,LOC003,SUP015,2025-10-21,2025-10-24,2025-10-24,240,240,Delivered
PO-11133,MED036,LOC003,SUP003,2025-10-21,2025-10-23,2025-10-23,1740,1740,Delivered
PO-11134,MED040,LOC007,SUP004,2025-10-21,2025-10-26,2025-10-26,50,50,Delivered
PO-11135,MED041,LOC001,SUP015,2025-10-21,2025-10-23,2025-10-23,240,240,Delivered
PO-11136,MED042,LOC003,SUP003,2025-10-21,2025-10-23,2025-10-23,660,660,Delivered
PO-11137,MED048,LOC001,SUP015,2025-10-21,2025-10-23,2025-10-23,520,520,Delivered
PO-11138,MED051,LOC001,SUP015,2025-10-21,2025-10-23,2025-10-23,2480,2480,Delivered
PO-11139,MED051,LOC003,SUP015,2025-10-21,2025-10-23,2025-10-23,1980,1980,Delivered
PO-11140,MED052,LOC001,SUP015,2025-10-21,2025-10-24,2025-10-24,450,450,Delivered
PO-11141,MED053,LOC006,SUP010,2025-10-21,2025-10-27,2025-10-29,300,300,Delayed
PO-11142,MED055,LOC002,SUP015,2025-10-21,2025-10-24,2025-10-24,400,400,Delivered
PO-11143,MED057,LOC004,SUP008,2025-10-21,2025-10-25,2025-10-25,280,280,Delivered
PO-11144,MED062,LOC005,SUP004,2025-10-21,2025-10-26,2025-10-26,470,470,Delivered
PO-11145,MED063,LOC005,SUP004,2025-10-21,2025-10-28,2025-10-28,170,170,Delivered
PO-11146,MED066,LOC004,SUP004,2025-10-21,2025-10-27,2025-10-29,190,190,Delayed
PO-11147,MED069,LOC002,SUP004,2025-10-21,2025-10-28,2025-10-28,1230,1230,Delivered
PO-11148,MED070,LOC003,SUP004,2025-10-21,2025-10-27,2025-10-27,450,450,Delivered
PO-11149,MED074,LOC004,SUP006,2025-10-21,2025-10-29,2025-10-29,50,50,Delivered
PO-11150,MED075,LOC001,SUP004,2025-10-21,2025-10-27,2025-10-27,830,830,Delivered
PO-11151,MED075,LOC005,SUP004,2025-10-21,2025-10-27,2025-10-27,280,280,Delivered
PO-11152,MED005,LOC006,SUP001,2025-10-22,2025-10-27,2025-10-27,390,390,Delivered
PO-11153,MED009,LOC005,SUP007,2025-10-22,2025-10-26,2025-10-26,590,590,Delivered
PO-11154,MED015,LOC003,SUP011,2025-10-22,2025-10-25,2025-10-25,490,490,Delivered
PO-11155,MED019,LOC005,SUP015,2025-10-22,2025-10-25,2025-10-25,450,450,Delivered
PO-11156,MED025,LOC004,SUP002,2025-10-22,2025-10-27,2025-10-27,320,320,Delivered
PO-11157,MED029,LOC005,SUP015,2025-10-22,2025-10-25,2025-10-25,100,100,Delivered
PO-11158,MED031,LOC003,SUP015,2025-10-22,2025-10-25,2025-10-25,1160,1160,Delivered
PO-11159,MED032,LOC003,SUP009,2025-10-22,2025-10-25,2025-10-25,580,580,Delivered
PO-11160,MED032,LOC005,SUP009,2025-10-22,2025-10-25,2025-10-25,230,230,Delivered
PO-11161,MED034,LOC005,SUP013,2025-10-22,2025-10-28,2025-10-28,100,100,Delivered
PO-11162,MED034,LOC006,SUP013,2025-10-22,2025-10-28,2025-10-28,270,270,Delivered
PO-11163,MED036,LOC005,SUP003,2025-10-22,2025-10-24,2025-10-24,770,770,Delivered
PO-11164,MED038,LOC002,SUP015,2025-10-22,2025-10-24,2025-10-24,70,70,Delivered
PO-11165,MED040,LOC002,SUP004,2025-10-22,2025-10-27,2025-10-27,60,60,Delivered
PO-11166,MED045,LOC006,SUP004,2025-10-22,2025-10-27,2025-10-27,610,610,Delivered
PO-11167,MED046,LOC005,SUP015,2025-10-22,2025-10-26,2025-10-26,410,410,Delivered
PO-11168,MED049,LOC001,SUP015,2025-10-22,2025-10-25,2025-10-25,2580,2580,Delivered
PO-11169,MED049,LOC005,SUP015,2025-10-22,2025-10-25,2025-10-25,840,840,Delivered
PO-11170,MED050,LOC002,SUP005,2025-10-22,2025-10-26,2025-10-26,1220,1220,Delivered
PO-11171,MED050,LOC005,SUP005,2025-10-22,2025-10-26,2025-10-26,1030,1030,Delivered
PO-11172,MED051,LOC002,SUP015,2025-10-22,2025-10-24,2025-10-24,950,950,Delivered
PO-11173,MED052,LOC003,SUP015,2025-10-22,2025-10-25,2025-10-25,320,320,Delivered
PO-11174,MED054,LOC002,SUP015,2025-10-22,2025-10-24,2025-10-24,180,180,Delivered
PO-11175,MED054,LOC003,SUP015,2025-10-22,2025-10-24,2025-10-24,320,320,Delivered
PO-11176,MED058,LOC005,SUP008,2025-10-22,2025-10-27,2025-10-27,250,250,Delivered
PO-11177,MED062,LOC004,SUP004,2025-10-22,2025-10-27,2025-10-27,220,220,Delivered
PO-11178,MED065,LOC001,SUP015,2025-10-22,2025-10-24,2025-10-24,920,920,Delivered
PO-11179,MED065,LOC002,SUP015,2025-10-22,2025-10-24,2025-10-24,390,390,Delivered
PO-11180,MED067,LOC004,SUP012,2025-10-22,2025-10-28,2025-10-28,170,170,Delivered
PO-11181,MED067,LOC006,SUP012,2025-10-22,2025-10-28,2025-10-29,770,770,Delayed
PO-11182,MED069,LOC003,SUP004,2025-10-22,2025-10-29,2025-10-29,2620,2620,Delivered
PO-11183,MED069,LOC005,SUP004,2025-10-22,2025-10-29,2025-10-29,1010,1010,Delivered
PO-11184,MED071,LOC002,SUP014,2025-10-22,2025-10-28,2025-10-28,60,60,Delivered
PO-11185,MED072,LOC007,SUP006,2025-10-22,2025-10-29,2025-10-29,50,50,Delivered
PO-11186,MED002,LOC003,SUP010,2025-10-23,2025-10-30,2025-10-30,440,440,Delivered
PO-11187,MED003,LOC005,SUP001,2025-10-23,2025-10-26,2025-10-26,120,120,Delivered
PO-11188,MED017,LOC005,SUP001,2025-10-23,2025-10-28,2025-10-28,520,520,Delivered
PO-11189,MED026,LOC001,SUP002,2025-10-23,2025-10-29,2025-10-29,2270,2270,Delivered
PO-11190,MED026,LOC004,SUP002,2025-10-23,2025-10-29,2025-10-29,350,350,Delivered
PO-11191,MED029,LOC002,SUP015,2025-10-23,2025-10-26,2025-10-26,110,110,Delivered
PO-11192,MED032,LOC002,SUP009,2025-10-23,2025-10-26,2025-10-26,260,260,Delivered
PO-11193,MED032,LOC004,SUP009,2025-10-23,2025-10-26,2025-10-26,100,100,Delivered
PO-11194,MED033,LOC006,SUP004,2025-10-23,2025-10-29,2025-10-29,140,140,Delivered
PO-11195,MED035,LOC001,SUP015,2025-10-23,2025-10-25,2025-10-25,260,260,Delivered
PO-11196,MED035,LOC005,SUP015,2025-10-23,2025-10-25,2025-10-25,100,100,Delivered
PO-11197,MED042,LOC001,SUP003,2025-10-23,2025-10-25,2025-10-25,820,820,Delivered
PO-11198,MED043,LOC001,SUP003,2025-10-23,2025-10-25,2025-10-25,280,280,Delivered
PO-11199,MED046,LOC004,SUP015,2025-10-23,2025-10-27,2025-10-27,180,180,Delivered
PO-11200,MED047,LOC003,SUP015,2025-10-23,2025-10-26,2025-10-26,640,640,Delivered
PO-11201,MED048,LOC003,SUP015,2025-10-23,2025-10-25,2025-10-25,370,370,Delivered
PO-11202,MED053,LOC001,SUP010,2025-10-23,2025-10-29,2025-10-29,290,290,Delivered
PO-11203,MED056,LOC001,SUP005,2025-10-23,2025-10-28,2025-10-28,920,920,Delivered
PO-11204,MED057,LOC002,SUP008,2025-10-23,2025-10-27,2025-10-27,290,290,Delivered
PO-11205,MED059,LOC003,SUP015,2025-10-23,2025-10-26,2025-10-26,580,580,Delivered
PO-11206,MED060,LOC002,SUP015,2025-10-23,2025-10-25,2025-10-25,50,50,Delivered
PO-11207,MED061,LOC005,SUP004,2025-10-23,2025-10-30,2025-10-30,320,320,Delivered
PO-11208,MED066,LOC001,SUP004,2025-10-23,2025-10-29,2025-10-29,1380,1380,Delivered
PO-11209,MED066,LOC006,SUP004,2025-10-23,2025-10-29,2025-10-29,1020,1020,Delivered
PO-11210,MED074,LOC006,SUP006,2025-10-23,2025-10-31,2025-10-31,70,70,Delivered
PO-11211,MED075,LOC003,SUP004,2025-10-23,2025-10-29,2025-10-30,620,620,Delayed
PO-11212,MED003,LOC006,SUP001,2025-10-24,2025-10-27,2025-10-27,430,430,Delivered
PO-11213,MED015,LOC007,SUP011,2025-10-24,2025-10-27,2025-10-27,140,140,Delivered
PO-11214,MED022,LOC002,SUP002,2025-10-24,2025-10-28,2025-10-29,410,410,Delayed
PO-11215,MED029,LOC004,SUP015,2025-10-24,2025-10-27,2025-10-27,50,50,Delivered
PO-11216,MED037,LOC004,SUP015,2025-10-24,2025-10-28,2025-10-28,400,400,Delivered
PO-11217,MED038,LOC001,SUP015,2025-10-24,2025-10-26,2025-10-26,140,140,Delivered
PO-11218,MED039,LOC003,SUP006,2025-10-24,2025-11-01,2025-11-01,50,50,Delivered
PO-11219,MED041,LOC003,SUP015,2025-10-24,2025-10-26,2025-10-26,180,180,Delivered
PO-11220,MED041,LOC006,SUP015,2025-10-24,2025-10-26,2025-10-26,180,180,Delivered
PO-11221,MED043,LOC005,SUP003,2025-10-24,2025-10-26,2025-10-26,90,90,Delivered
PO-11222,MED051,LOC006,SUP015,2025-10-24,2025-10-26,2025-10-26,1810,1810,Delivered
PO-11223,MED053,LOC005,SUP010,2025-10-24,2025-10-30,2025-10-30,90,90,Delivered
PO-11224,MED058,LOC004,SUP008,2025-10-24,2025-10-29,2025-10-29,290,290,Delivered
PO-11225,MED061,LOC001,SUP004,2025-10-24,2025-10-31,2025-10-31,930,930,Delivered
PO-11226,MED063,LOC004,SUP004,2025-10-24,2025-10-31,2025-10-31,90,90,Delivered
PO-11227,MED065,LOC004,SUP015,2025-10-24,2025-10-26,2025-10-26,170,170,Delivered
PO-11228,MED069,LOC001,SUP004,2025-10-24,2025-10-31,2025-10-31,3240,3240,Delivered
PO-11229,MED070,LOC006,SUP004,2025-10-24,2025-10-30,2025-10-30,410,410,Delivered
PO-11230,MED072,LOC006,SUP006,2025-10-24,2025-10-31,2025-10-31,60,60,Delivered
PO-11231,MED074,LOC005,SUP006,2025-10-24,2025-11-01,2025-11-01,50,50,Delivered
PO-11232,MED075,LOC006,SUP004,2025-10-24,2025-10-30,2025-10-30,620,620,Delivered
PO-11233,MED001,LOC001,SUP001,2025-10-25,2025-10-30,2025-10-30,900,900,Delivered
PO-11234,MED004,LOC004,SUP001,2025-10-25,2025-10-29,2025-10-29,90,90,Delivered
PO-11235,MED008,LOC003,SUP001,2025-10-25,2025-10-30,2025-10-30,540,540,Delivered
PO-11236,MED008,LOC004,SUP001,2025-10-25,2025-10-30,2025-10-30,90,90,Delivered
PO-11237,MED010,LOC004,SUP007,2025-10-25,2025-10-29,2025-10-29,150,150,Delivered
PO-11238,MED014,LOC005,SUP007,2025-10-25,2025-10-28,2025-10-28,150,150,Delivered
PO-11239,MED015,LOC004,SUP011,2025-10-25,2025-10-28,2025-10-28,80,80,Delivered
PO-11240,MED024,LOC004,SUP009,2025-10-25,2025-10-30,2025-10-31,270,270,Delayed
PO-11241,MED024,LOC006,SUP009,2025-10-25,2025-10-30,2025-10-30,1310,1310,Delivered
PO-11242,MED025,LOC003,SUP002,2025-10-25,2025-10-30,2025-10-30,1710,1710,Delivered
PO-11243,MED027,LOC006,SUP009,2025-10-25,2025-10-30,2025-10-30,630,630,Delivered
PO-11244,MED031,LOC002,SUP015,2025-10-25,2025-10-28,2025-10-28,590,590,Delivered
PO-11245,MED036,LOC004,SUP003,2025-10-25,2025-10-27,2025-10-27,330,330,Delivered
PO-11246,MED042,LOC005,SUP003,2025-10-25,2025-10-27,2025-10-27,290,290,Delivered
PO-11247,MED042,LOC006,SUP003,2025-10-25,2025-10-27,2025-10-27,650,650,Delivered
PO-11248,MED045,LOC001,SUP004,2025-10-25,2025-10-30,2025-10-30,910,910,Delivered
PO-11249,MED049,LOC004,SUP015,2025-10-25,2025-10-28,2025-10-28,350,350,Delivered
PO-11250,MED052,LOC004,SUP015,2025-10-25,2025-10-28,2025-10-28,70,70,Delivered
PO-11251,MED058,LOC006,SUP008,2025-10-25,2025-10-30,2025-10-30,640,640,Delivered
PO-11252,MED059,LOC004,SUP015,2025-10-25,2025-10-28,2025-10-28,90,90,Delivered
PO-11253,MED060,LOC001,SUP015,2025-10-25,2025-10-27,2025-10-27,110,110,Delivered
PO-11254,MED061,LOC003,SUP004,2025-10-25,2025-11-01,2025-11-01,680,680,Delivered
PO-11255,MED063,LOC002,SUP004,2025-10-25,2025-11-01,2025-11-02,160,160,Delayed
PO-11256,MED064,LOC006,SUP005,2025-10-25,2025-10-30,2025-10-30,1960,1960,Delivered
PO-11257,MED066,LOC003,SUP004,2025-10-25,2025-10-31,2025-10-31,1030,1030,Delivered
PO-11258,MED067,LOC001,SUP012,2025-10-25,2025-10-31,2025-10-31,1000,1000,Delivered
PO-11259,MED070,LOC001,SUP004,2025-10-25,2025-10-31,2025-10-31,610,610,Delivered
PO-11260,MED073,LOC004,SUP004,2025-10-25,2025-10-31,2025-10-31,50,50,Delivered
PO-11261,MED073,LOC006,SUP004,2025-10-25,2025-10-31,2025-10-31,160,160,Delivered
PO-11262,MED001,LOC004,SUP001,2025-10-26,2025-10-31,2025-10-31,160,160,Delivered
PO-11263,MED006,LOC004,SUP001,2025-10-26,2025-10-31,2025-10-31,170,170,Delivered
PO-11264,MED008,LOC001,SUP001,2025-10-26,2025-10-31,2025-10-31,630,630,Delivered
PO-11265,MED012,LOC006,SUP007,2025-10-26,2025-10-30,2025-10-30,650,650,Delivered
PO-11266,MED013,LOC003,SUP007,2025-10-26,2025-10-31,2025-10-31,260,260,Delivered
PO-11267,MED015,LOC005,SUP011,2025-10-26,2025-10-29,2025-11-01,220,220,Delayed
PO-11268,MED020,LOC006,SUP004,2025-10-26,2025-10-31,2025-10-31,740,740,Delivered
PO-11269,MED027,LOC001,SUP009,2025-10-26,2025-10-31,2025-10-31,890,890,Delivered
PO-11270,MED028,LOC001,SUP002,2025-10-26,2025-10-31,2025-10-31,750,750,Delivered
PO-11271,MED029,LOC006,SUP015,2025-10-26,2025-10-29,2025-10-29,200,200,Delivered
PO-11272,MED031,LOC005,SUP015,2025-10-26,2025-10-29,2025-10-29,490,490,Delivered
PO-11273,MED033,LOC001,SUP004,2025-10-26,2025-11-01,2025-11-01,200,200,Delivered
PO-11274,MED033,LOC002,SUP004,2025-10-26,2025-11-01,2025-11-01,80,80,Delivered
PO-11275,MED034,LOC002,SUP013,2025-10-26,2025-11-01,2025-11-01,150,150,Delivered
PO-11276,MED036,LOC002,SUP003,2025-10-26,2025-10-28,2025-10-28,990,990,Delivered
PO-11277,MED037,LOC006,SUP015,2025-10-26,2025-10-30,2025-10-30,1880,1880,Delivered
PO-11278,MED040,LOC005,SUP004,2025-10-26,2025-10-31,2025-10-31,50,50,Delivered
PO-11279,MED041,LOC005,SUP015,2025-10-26,2025-10-28,2025-10-28,90,90,Delivered
PO-11280,MED044,LOC002,SUP010,2025-10-26,2025-10-31,2025-10-31,230,230,Delivered
PO-11281,MED044,LOC006,SUP010,2025-10-26,2025-10-31,2025-10-31,380,380,Delivered
PO-11282,MED045,LOC002,SUP004,2025-10-26,2025-10-31,2025-10-31,360,360,Delivered
PO-11283,MED056,LOC002,SUP005,2025-10-26,2025-10-31,2025-10-31,360,360,Delivered
PO-11284,MED061,LOC006,SUP004,2025-10-26,2025-11-02,2025-11-02,680,680,Delivered
PO-11285,MED064,LOC001,SUP005,2025-10-26,2025-10-31,2025-10-31,2570,2570,Delivered
PO-11286,MED067,LOC005,SUP012,2025-10-26,2025-11-01,2025-11-01,330,330,Delivered
PO-11287,MED068,LOC004,SUP004,2025-10-26,2025-11-01,2025-11-01,620,620,Delivered
PO-11288,MED068,LOC005,SUP004,2025-10-26,2025-11-01,2025-11-01,1530,1530,Delivered
PO-11289,MED069,LOC006,SUP004,2025-10-26,2025-11-02,2025-11-02,3700,3700,Delivered
PO-11290,MED002,LOC006,SUP010,2025-10-27,2025-11-03,2025-11-03,650,650,Delivered
PO-11291,MED003,LOC002,SUP001,2025-10-27,2025-10-30,2025-10-30,130,130,Delivered
PO-11292,MED006,LOC001,SUP001,2025-10-27,2025-11-01,2025-11-01,1080,1080,Delivered
PO-11293,MED011,LOC006,SUP011,2025-10-27,2025-11-01,2025-11-01,340,340,Delivered
PO-11294,MED014,LOC002,SUP007,2025-10-27,2025-10-30,2025-10-30,190,190,Delivered
PO-11295,MED017,LOC006,SUP001,2025-10-27,2025-11-01,2025-11-01,1130,1130,Delivered
PO-11296,MED020,LOC003,SUP004,2025-10-27,2025-11-01,2025-11-01,780,780,Delivered
PO-11297,MED020,LOC005,SUP004,2025-10-27,2025-11-01,2025-11-01,330,330,Delivered
PO-11298,MED021,LOC005,SUP002,2025-10-27,2025-10-31,2025-10-31,540,540,Delivered
PO-11299,MED024,LOC003,SUP009,2025-10-27,2025-11-01,2025-11-01,1540,1540,Delivered
PO-11300,MED025,LOC001,SUP002,2025-10-27,2025-11-01,2025-11-04,2110,2110,Delayed
PO-11301,MED026,LOC006,SUP002,2025-10-27,2025-11-02,2025-11-02,1770,1770,Delivered
PO-11302,MED028,LOC004,SUP002,2025-10-27,2025-11-01,2025-11-01,120,120,Delivered
PO-11303,MED033,LOC003,SUP004,2025-10-27,2025-11-02,2025-11-02,160,160,Delivered
PO-11304,MED034,LOC001,SUP013,2025-10-27,2025-11-02,2025-11-02,350,350,Delivered
PO-11305,MED034,LOC004,SUP013,2025-10-27,2025-11-02,2025-11-03,50,50,Delayed
PO-11306,MED042,LOC002,SUP003,2025-10-27,2025-10-29,2025-10-29,340,340,Delivered
PO-11307,MED043,LOC002,SUP003,2025-10-27,2025-10-29,2025-10-29,130,130,Delivered
PO-11308,MED047,LOC004,SUP015,2025-10-27,2025-10-30,2025-10-30,120,120,Delivered
PO-11309,MED054,LOC004,SUP015,2025-10-27,2025-10-29,2025-10-29,60,60,Delivered
PO-11310,MED055,LOC004,SUP015,2025-10-27,2025-10-30,2025-10-30,160,160,Delivered
PO-11311,MED055,LOC005,SUP015,2025-10-27,2025-10-30,2025-10-30,340,340,Delivered
PO-11312,MED058,LOC001,SUP008,2025-10-27,2025-11-01,2025-11-01,810,810,Delivered
PO-11313,MED061,LOC002,SUP004,2025-10-27,2025-11-03,2025-11-03,350,350,Delivered
PO-11314,MED062,LOC002,SUP004,2025-10-27,2025-11-01,2025-11-02,580,580,Delayed
PO-11315,MED062,LOC006,SUP004,2025-10-27,2025-11-01,2025-11-01,1150,1150,Delivered
PO-11316,MED064,LOC002,SUP005,2025-10-27,2025-11-01,2025-11-01,1060,1060,Delivered
PO-11317,MED064,LOC003,SUP005,2025-10-27,2025-11-01,2025-11-01,2080,2080,Delivered
PO-11318,MED065,LOC005,SUP015,2025-10-27,2025-10-29,2025-10-29,310,310,Delivered
PO-11319,MED066,LOC002,SUP004,2025-10-27,2025-11-02,2025-11-02,480,480,Delivered
PO-11320,MED066,LOC005,SUP004,2025-10-27,2025-11-02,2025-11-02,430,430,Delivered
PO-11321,MED068,LOC001,SUP004,2025-10-27,2025-11-02,2025-11-02,4180,4180,Delivered
PO-11322,MED068,LOC003,SUP004,2025-10-27,2025-11-02,2025-11-02,3450,3450,Delivered
PO-11323,MED071,LOC007,SUP014,2025-10-27,2025-11-02,2025-11-02,50,50,Delivered
PO-11324,MED074,LOC003,SUP006,2025-10-27,2025-11-04,2025-11-07,60,60,Delayed
PO-11325,MED004,LOC001,SUP001,2025-10-28,2025-11-01,2025-11-01,490,490,Delivered
PO-11326,MED004,LOC006,SUP001,2025-10-28,2025-11-01,2025-11-01,510,510,Delivered
PO-11327,MED005,LOC005,SUP001,2025-10-28,2025-11-02,2025-11-02,130,130,Delivered
PO-11328,MED007,LOC004,SUP011,2025-10-28,2025-10-31,2025-10-31,200,200,Delivered
PO-11329,MED010,LOC006,SUP007,2025-10-28,2025-11-01,2025-11-01,730,730,Delivered
PO-11330,MED012,LOC004,SUP007,2025-10-28,2025-11-01,2025-11-01,120,120,Delivered
PO-11331,MED013,LOC006,SUP007,2025-10-28,2025-11-02,2025-11-02,240,240,Delivered
PO-11332,MED016,LOC006,SUP001,2025-10-28,2025-11-01,2025-11-01,1870,1870,Delivered
PO-11333,MED017,LOC001,SUP001,2025-10-28,2025-11-02,2025-11-02,1480,1480,Delivered
PO-11334,MED018,LOC004,SUP001,2025-10-28,2025-10-31,2025-10-31,340,340,Delivered
PO-11335,MED019,LOC002,SUP015,2025-10-28,2025-10-31,2025-10-31,490,490,Delivered
PO-11336,MED025,LOC002,SUP002,2025-10-28,2025-11-02,2025-11-02,850,850,Delivered
PO-11337,MED026,LOC005,SUP002,2025-10-28,2025-11-03,2025-11-03,820,820,Delivered
PO-11338,MED027,LOC003,SUP009,2025-10-28,2025-11-02,2025-11-02,710,710,Delivered
PO-11339,MED027,LOC004,SUP009,2025-10-28,2025-11-02,2025-11-02,140,140,Delivered
PO-11340,MED027,LOC005,SUP009,2025-10-28,2025-11-02,2025-11-02,300,300,Delivered
PO-11341,MED028,LOC007,SUP002,2025-10-28,2025-11-02,2025-11-02,50,50,Delivered
PO-11342,MED030,LOC005,SUP004,2025-10-28,2025-11-02,2025-11-02,90,90,Delivered
PO-11343,MED038,LOC005,SUP015,2025-10-28,2025-10-30,2025-10-30,60,60,Delivered
PO-11344,MED041,LOC002,SUP015,2025-10-28,2025-10-30,2025-10-30,100,100,Delivered
PO-11345,MED043,LOC003,SUP003,2025-10-28,2025-10-30,2025-10-30,240,240,Delivered
PO-11346,MED046,LOC006,SUP015,2025-10-28,2025-11-01,2025-11-01,870,870,Delivered
PO-11347,MED048,LOC002,SUP015,2025-10-28,2025-10-30,2025-10-30,180,180,Delivered
PO-11348,MED048,LOC005,SUP015,2025-10-28,2025-10-30,2025-10-30,190,190,Delivered
PO-11349,MED050,LOC006,SUP005,2025-10-28,2025-11-01,2025-11-01,2260,2260,Delivered
PO-11350,MED056,LOC006,SUP005,2025-10-28,2025-11-02,2025-11-02,640,640,Delivered
PO-11351,MED057,LOC006,SUP008,2025-10-28,2025-11-01,2025-11-01,610,610,Delivered
PO-11352,MED061,LOC004,SUP004,2025-10-28,2025-11-04,2025-11-04,130,130,Delivered
PO-11353,MED065,LOC003,SUP015,2025-10-28,2025-10-30,2025-10-30,700,700,Delivered
PO-11354,MED067,LOC002,SUP012,2025-10-28,2025-11-03,2025-11-03,410,410,Delivered
PO-11355,MED069,LOC004,SUP004,2025-10-28,2025-11-04,2025-11-04,460,460,Delivered
PO-11356,MED071,LOC003,SUP014,2025-10-28,2025-11-03,2025-11-03,120,120,Delivered
PO-11357,MED071,LOC006,SUP014,2025-10-28,2025-11-03,2025-11-03,100,100,Delivered
PO-11358,MED073,LOC005,SUP004,2025-10-28,2025-11-03,2025-11-03,90,90,Delivered
PO-11359,MED008,LOC007,SUP001,2025-10-29,2025-11-03,2025-11-03,170,170,Delivered
PO-11360,MED011,LOC004,SUP011,2025-10-29,2025-11-03,2025-11-03,70,70,Delivered
PO-11361,MED012,LOC001,SUP007,2025-10-29,2025-11-02,2025-11-02,840,840,Delivered
PO-11362,MED013,LOC001,SUP007,2025-10-29,2025-11-03,2025-11-03,310,310,Delivered
PO-11363,MED017,LOC003,SUP001,2025-10-29,2025-11-03,2025-11-03,1120,1120,Delivered
PO-11364,MED020,LOC001,SUP004,2025-10-29,2025-11-03,2025-11-03,1090,1090,Delivered
PO-11365,MED020,LOC007,SUP004,2025-10-29,2025-11-03,2025-11-03,220,220,Delivered
PO-11366,MED024,LOC001,SUP009,2025-10-29,2025-11-03,2025-11-03,1820,1820,Delivered
PO-11367,MED025,LOC006,SUP002,2025-10-29,2025-11-03,2025-11-03,1540,1540,Delivered
PO-11368,MED026,LOC007,SUP002,2025-10-29,2025-11-04,2025-11-04,160,160,Delivered
PO-11369,MED030,LOC001,SUP004,2025-10-29,2025-11-03,2025-11-03,250,250,Delivered
PO-11370,MED030,LOC003,SUP004,2025-10-29,2025-11-03,2025-11-03,200,200,Delivered
PO-11371,MED038,LOC006,SUP015,2025-10-29,2025-10-31,2025-10-31,100,100,Delivered
PO-11372,MED044,LOC005,SUP010,2025-10-29,2025-11-03,2025-11-03,180,180,Delivered
PO-11373,MED047,LOC002,SUP015,2025-10-29,2025-11-01,2025-11-01,290,290,Delivered
PO-11374,MED052,LOC005,SUP015,2025-10-29,2025-11-01,2025-11-01,150,150,Delivered
PO-11375,MED053,LOC003,SUP010,2025-10-29,2025-11-04,2025-11-04,240,240,Delivered
PO-11376,MED060,LOC003,SUP015,2025-10-29,2025-10-31,2025-10-31,70,70,Delivered
PO-11377,MED063,LOC001,SUP004,2025-10-29,2025-11-05,2025-11-05,510,510,Delivered
PO-11378,MED064,LOC004,SUP005,2025-10-29,2025-11-03,2025-11-03,370,370,Delivered
PO-11379,MED068,LOC006,SUP004,2025-10-29,2025-11-04,2025-11-04,4770,4770,Delivered
PO-11380,MED074,LOC001,SUP006,2025-10-29,2025-11-06,2025-11-06,100,100,Delivered
PO-11381,MED001,LOC003,SUP001,2025-10-30,2025-11-04,2025-11-04,740,740,Delivered
PO-11382,MED005,LOC002,SUP001,2025-10-30,2025-11-04,2025-11-04,160,160,Delivered
PO-11383,MED008,LOC005,SUP001,2025-10-30,2025-11-04,2025-11-04,240,240,Delivered
PO-11384,MED008,LOC006,SUP001,2025-10-30,2025-11-04,2025-11-04,450,450,Delivered
PO-11385,MED009,LOC002,SUP007,2025-10-30,2025-11-03,2025-11-03,670,670,Delivered
PO-11386,MED011,LOC007,SUP011,2025-10-30,2025-11-04,2025-11-04,110,110,Delivered
PO-11387,MED013,LOC004,SUP007,2025-10-30,2025-11-04,2025-11-04,50,50,Delivered
PO-11388,MED016,LOC004,SUP001,2025-10-30,2025-11-03,2025-11-03,330,330,Delivered
PO-11389,MED019,LOC001,SUP015,2025-10-30,2025-11-02,2025-11-02,1370,1370,Delivered
PO-11390,MED020,LOC004,SUP004,2025-10-30,2025-11-04,2025-11-04,160,160,Delivered
PO-11391,MED021,LOC003,SUP002,2025-10-30,2025-11-03,2025-11-03,1360,1360,Delivered
PO-11392,MED022,LOC001,SUP002,2025-10-30,2025-11-03,2025-11-03,1060,1060,Delivered
PO-11393,MED023,LOC003,SUP002,2025-10-30,2025-11-03,2025-11-03,1060,1060,Delivered
PO-11394,MED023,LOC006,SUP002,2025-10-30,2025-11-03,2025-11-03,1030,1030,Delivered
PO-11395,MED024,LOC002,SUP009,2025-10-30,2025-11-04,2025-11-04,730,730,Delivered
PO-11396,MED035,LOC002,SUP015,2025-10-30,2025-11-01,2025-11-01,110,110,Delivered
PO-11397,MED037,LOC001,SUP015,2025-10-30,2025-11-03,2025-11-03,2590,2590,Delivered
PO-11398,MED039,LOC001,SUP006,2025-10-30,2025-11-07,2025-11-07,80,80,Delivered
PO-11399,MED051,LOC005,SUP015,2025-10-30,2025-11-01,2025-11-01,730,730,Delivered
PO-11400,MED053,LOC002,SUP010,2025-10-30,2025-11-05,2025-11-06,140,140,Delayed
PO-11401,MED056,LOC004,SUP005,2025-10-30,2025-11-04,2025-11-04,300,300,Delivered
PO-11402,MED056,LOC005,SUP005,2025-10-30,2025-11-04,2025-11-04,270,270,Delivered
PO-11403,MED057,LOC001,SUP008,2025-10-30,2025-11-03,2025-11-03,710,710,Delivered
PO-11404,MED068,LOC002,SUP004,2025-10-30,2025-11-05,2025-11-05,1640,1640,Delivered
PO-11405,MED070,LOC002,SUP004,2025-10-30,2025-11-05,2025-11-05,220,220,Delivered
PO-11406,MED070,LOC005,SUP004,2025-10-30,2025-11-05,2025-11-05,190,190,Delivered
PO-11407,MED073,LOC002,SUP004,2025-10-30,2025-11-05,2025-11-05,90,90,Delivered
PO-11408,MED075,LOC002,SUP004,2025-10-30,2025-11-05,2025-11-06,370,370,Delayed
PO-11409,MED002,LOC005,SUP010,2025-10-31,2025-11-07,2025-11-07,200,200,Delivered
PO-11410,MED011,LOC001,SUP011,2025-10-31,2025-11-05,2025-11-05,430,430,Delivered
PO-11411,MED018,LOC001,SUP001,2025-10-31,2025-11-03,2025-11-03,2180,2180,Delivered
PO-11412,MED026,LOC002,SUP002,2025-10-31,2025-11-06,2025-11-06,870,870,Delivered
PO-11413,MED028,LOC003,SUP002,2025-10-31,2025-11-05,2025-11-05,590,590,Delivered
PO-11414,MED028,LOC005,SUP002,2025-10-31,2025-11-05,2025-11-05,260,260,Delivered
PO-11415,MED028,LOC006,SUP002,2025-10-31,2025-11-05,2025-11-05,520,520,Delivered
PO-11416,MED032,LOC001,SUP009,2025-10-31,2025-11-03,2025-11-03,690,690,Delivered
PO-11417,MED034,LOC003,SUP013,2025-10-31,2025-11-06,2025-11-06,250,250,Delivered
PO-11418,MED039,LOC006,SUP006,2025-10-31,2025-11-08,2025-11-08,70,70,Delivered
PO-11419,MED044,LOC003,SUP010,2025-10-31,2025-11-05,2025-11-05,430,430,Delivered
PO-11420,MED045,LOC003,SUP004,2025-10-31,2025-11-05,2025-11-05,690,690,Delivered
PO-11421,MED047,LOC006,SUP015,2025-10-31,2025-11-03,2025-11-03,550,550,Delivered
PO-11422,MED050,LOC001,SUP005,2025-10-31,2025-11-04,2025-11-04,3110,3110,Delivered
PO-11423,MED050,LOC003,SUP005,2025-10-31,2025-11-04,2025-11-04,2420,2420,Delivered
PO-11424,MED058,LOC003,SUP008,2025-10-31,2025-11-05,2025-11-06,590,590,Delayed
PO-11425,MED062,LOC001,SUP004,2025-10-31,2025-11-05,2025-11-05,1350,1350,Delivered
PO-11426,MED071,LOC001,SUP014,2025-10-31,2025-11-06,2025-11-06,140,140,Delivered
PO-11427,MED071,LOC002,SUP014,2025-10-31,2025-11-06,2025-11-06,70,70,Delivered
PO-11428,MED073,LOC003,SUP004,2025-10-31,2025-11-06,2025-11-06,160,160,Delivered
PO-11429,MED001,LOC002,SUP001,2025-11-01,2025-11-06,2025-11-06,390,390,Delivered
PO-11430,MED003,LOC004,SUP001,2025-11-01,2025-11-04,2025-11-04,50,50,Delivered
PO-11431,MED004,LOC003,SUP001,2025-11-01,2025-11-05,2025-11-05,410,410,Delivered
PO-11432,MED005,LOC001,SUP001,2025-11-01,2025-11-06,2025-11-06,340,340,Delivered
PO-11433,MED005,LOC003,SUP001,2025-11-01,2025-11-06,2025-11-07,250,250,Delayed
PO-11434,MED009,LOC006,SUP007,2025-11-01,2025-11-05,2025-11-05,1200,1200,Delivered
PO-11435,MED017,LOC002,SUP001,2025-11-01,2025-11-06,2025-11-06,560,560,Delivered
PO-11436,MED022,LOC003,SUP002,2025-11-01,2025-11-05,2025-11-05,750,750,Delivered
PO-11437,MED023,LOC001,SUP002,2025-11-01,2025-11-05,2025-11-05,1450,1450,Delivered
PO-11438,MED027,LOC002,SUP009,2025-11-01,2025-11-06,2025-11-06,380,380,Delivered
PO-11439,MED030,LOC006,SUP004,2025-11-01,2025-11-06,2025-11-09,170,170,Delayed
PO-11440,MED031,LOC004,SUP015,2025-11-01,2025-11-04,2025-11-04,200,200,Delivered
PO-11441,MED037,LOC002,SUP015,2025-11-01,2025-11-05,2025-11-05,1040,1040,Delivered
PO-11442,MED045,LOC005,SUP004,2025-11-01,2025-11-06,2025-11-06,270,270,Delivered
PO-11443,MED052,LOC002,SUP015,2025-11-01,2025-11-04,2025-11-04,190,190,Delivered
PO-11444,MED056,LOC003,SUP005,2025-11-01,2025-11-06,2025-11-06,680,680,Delivered
PO-11445,MED073,LOC001,SUP004,2025-11-01,2025-11-07,2025-11-07,210,210,Delivered
PO-11446,MED001,LOC005,SUP001,2025-11-02,2025-11-07,2025-11-07,280,280,Delivered
PO-11447,MED001,LOC006,SUP001,2025-11-02,2025-11-07,2025-11-07,950,950,Delivered
PO-11448,MED002,LOC002,SUP010,2025-11-02,2025-11-09,2025-11-09,260,260,Delivered
PO-11449,MED004,LOC002,SUP001,2025-11-02,2025-11-06,2025-11-06,180,180,Delivered
PO-11450,MED007,LOC003,SUP011,2025-11-02,2025-11-05,2025-11-05,1190,1190,Delivered
PO-11451,MED009,LOC001,SUP007,2025-11-02,2025-11-06,2025-11-06,1590,1590,Delivered
PO-11452,MED011,LOC002,SUP011,2025-11-02,2025-11-07,2025-11-07,190,190,Delivered
PO-11453,MED013,LOC005,SUP007,2025-11-02,2025-11-07,2025-11-07,140,140,Delivered
PO-11454,MED019,LOC006,SUP015,2025-11-02,2025-11-05,2025-11-05,1000,1000,Delivered
PO-11455,MED021,LOC004,SUP002,2025-11-02,2025-11-06,2025-11-06,230,230,Delivered
PO-11456,MED021,LOC006,SUP002,2025-11-02,2025-11-06,2025-11-06,1260,1260,Delivered
PO-11457,MED022,LOC007,SUP002,2025-11-02,2025-11-06,2025-11-06,80,80,Delivered
PO-11458,MED025,LOC004,SUP002,2025-11-02,2025-11-07,2025-11-07,360,360,Delivered
PO-11459,MED028,LOC002,SUP002,2025-11-02,2025-11-07,2025-11-07,290,290,Delivered
PO-11460,MED044,LOC001,SUP010,2025-11-02,2025-11-07,2025-11-07,540,540,Delivered
PO-11461,MED046,LOC001,SUP015,2025-11-02,2025-11-06,2025-11-06,1130,1130,Delivered
PO-11462,MED049,LOC006,SUP015,2025-11-02,2025-11-05,2025-11-05,1860,1860,Delivered
PO-11463,MED050,LOC004,SUP005,2025-11-02,2025-11-06,2025-11-06,1230,1230,Delivered
PO-11464,MED051,LOC004,SUP015,2025-11-02,2025-11-04,2025-11-04,390,390,Delivered
PO-11465,MED052,LOC006,SUP015,2025-11-02,2025-11-05,2025-11-05,310,310,Delivered
PO-11466,MED055,LOC003,SUP015,2025-11-02,2025-11-05,2025-11-05,830,830,Delivered
PO-11467,MED057,LOC005,SUP008,2025-11-02,2025-11-06,2025-11-06,250,250,Delivered
PO-11468,MED060,LOC006,SUP015,2025-11-02,2025-11-04,2025-11-04,90,90,Delivered
PO-11469,MED063,LOC006,SUP004,2025-11-02,2025-11-09,2025-11-09,350,350,Delivered
PO-11470,MED069,LOC002,SUP004,2025-11-02,2025-11-09,2025-11-09,1300,1300,Delivered
PO-11471,MED002,LOC001,SUP010,2025-11-03,2025-11-10,2025-11-10,600,600,Delivered
PO-11472,MED006,LOC003,SUP001,2025-11-03,2025-11-08,2025-11-08,860,860,Delivered
PO-11473,MED006,LOC006,SUP001,2025-11-03,2025-11-08,2025-11-08,1160,1160,Delivered
PO-11474,MED008,LOC002,SUP001,2025-11-03,2025-11-08,2025-11-08,260,260,Delivered
PO-11475,MED010,LOC003,SUP007,2025-11-03,2025-11-07,2025-11-07,760,760,Delivered
PO-11476,MED011,LOC003,SUP011,2025-11-03,2025-11-08,2025-11-08,320,320,Delivered
PO-11477,MED013,LOC002,SUP007,2025-11-03,2025-11-08,2025-11-08,140,140,Delivered
PO-11478,MED014,LOC006,SUP007,2025-11-03,2025-11-06,2025-11-06,340,340,Delivered
PO-11479,MED015,LOC006,SUP011,2025-11-03,2025-11-06,2025-11-06,460,460,Delivered
PO-11480,MED016,LOC001,SUP001,2025-11-03,2025-11-07,2025-11-07,2490,2490,Delivered
PO-11481,MED016,LOC003,SUP001,2025-11-03,2025-11-07,2025-11-07,1990,1990,Delivered
PO-11482,MED017,LOC004,SUP001,2025-11-03,2025-11-08,2025-11-08,190,190,Delivered
PO-11483,MED018,LOC006,SUP001,2025-11-03,2025-11-06,2025-11-06,1510,1510,Delivered
PO-11484,MED019,LOC007,SUP015,2025-11-03,2025-11-06,2025-11-06,80,80,Delivered
PO-11485,MED021,LOC002,SUP002,2025-11-03,2025-11-07,2025-11-07,720,720,Delivered
PO-11486,MED022,LOC006,SUP002,2025-11-03,2025-11-07,2025-11-07,770,770,Delivered
PO-11487,MED023,LOC002,SUP002,2025-11-03,2025-11-07,2025-11-07,590,590,Delivered
PO-11488,MED025,LOC005,SUP002,2025-11-03,2025-11-08,2025-11-08,730,730,Delivered
PO-11489,MED031,LOC001,SUP015,2025-11-03,2025-11-06,2025-11-06,1420,1420,Delivered
PO-11490,MED031,LOC006,SUP015,2025-11-03,2025-11-06,2025-11-06,970,970,Delivered
PO-11491,MED037,LOC003,SUP015,2025-11-03,2025-11-07,2025-11-07,2090,2090,Delivered
PO-11492,MED040,LOC006,SUP004,2025-11-03,2025-11-08,2025-11-08,110,110,Delivered
PO-11493,MED048,LOC004,SUP015,2025-11-03,2025-11-05,2025-11-05,90,90,Delivered
PO-11494,MED049,LOC003,SUP015,2025-11-03,2025-11-06,2025-11-06,2130,2130,Delivered
PO-11495,MED053,LOC006,SUP010,2025-11-03,2025-11-09,2025-11-09,320,320,Delivered
PO-11496,MED055,LOC006,SUP015,2025-11-03,2025-11-06,2025-11-06,780,780,Delivered
PO-11497,MED059,LOC006,SUP015,2025-11-03,2025-11-06,2025-11-06,470,470,Delivered
PO-11498,MED061,LOC003,SUP004,2025-11-03,2025-11-10,2025-11-10,770,770,Delivered
PO-11499,MED062,LOC003,SUP004,2025-11-03,2025-11-08,2025-11-08,1050,1050,Delivered
PO-11500,MED063,LOC002,SUP004,2025-11-03,2025-11-10,2025-11-12,190,190,Delayed
PO-11501,MED067,LOC003,SUP012,2025-11-03,2025-11-09,2025-11-09,850,850,Delivered
PO-11502,MED070,LOC003,SUP004,2025-11-03,2025-11-09,2025-11-12,470,470,Delayed
PO-11503,MED074,LOC006,SUP006,2025-11-03,2025-11-11,2025-11-11,80,80,Delivered
PO-11504,MED002,LOC003,SUP010,2025-11-04,2025-11-11,2025-11-11,510,510,Delivered
PO-11505,MED003,LOC001,SUP001,2025-11-04,2025-11-07,2025-11-07,420,420,Delivered
PO-11506,MED004,LOC005,SUP001,2025-11-04,2025-11-08,2025-11-08,170,170,Delivered
PO-11507,MED006,LOC005,SUP001,2025-11-04,2025-11-09,2025-11-09,340,340,Delivered
PO-11508,MED007,LOC007,SUP011,2025-11-04,2025-11-07,2025-11-07,360,360,Delivered
PO-11509,MED009,LOC003,SUP007,2025-11-04,2025-11-08,2025-11-08,1340,1340,Delivered
PO-11510,MED009,LOC004,SUP007,2025-11-04,2025-11-08,2025-11-08,240,240,Delivered
PO-11511,MED010,LOC002,SUP007,2025-11-04,2025-11-08,2025-11-08,400,400,Delivered
PO-11512,MED021,LOC001,SUP002,2025-11-04,2025-11-08,2025-11-08,1780,1780,Delivered
PO-11513,MED023,LOC004,SUP002,2025-11-04,2025-11-08,2025-11-08,200,200,Delivered
PO-11514,MED023,LOC005,SUP002,2025-11-04,2025-11-08,2025-11-08,530,530,Delivered
PO-11515,MED027,LOC007,SUP009,2025-11-04,2025-11-09,2025-11-09,70,70,Delivered
PO-11516,MED030,LOC002,SUP004,2025-11-04,2025-11-09,2025-11-09,90,90,Delivered
PO-11517,MED032,LOC006,SUP009,2025-11-04,2025-11-07,2025-11-07,510,510,Delivered
PO-11518,MED033,LOC004,SUP004,2025-11-04,2025-11-10,2025-11-10,50,50,Delivered
PO-11519,MED036,LOC006,SUP003,2025-11-04,2025-11-06,2025-11-06,1750,1750,Delivered
PO-11520,MED039,LOC002,SUP006,2025-11-04,2025-11-12,2025-11-12,50,50,Delivered
PO-11521,MED040,LOC003,SUP004,2025-11-04,2025-11-09,2025-11-09,120,120,Delivered
PO-11522,MED044,LOC004,SUP010,2025-11-04,2025-11-09,2025-11-09,70,70,Delivered
PO-11523,MED050,LOC002,SUP005,2025-11-04,2025-11-08,2025-11-08,1370,1370,Delivered
PO-11524,MED055,LOC007,SUP015,2025-11-04,2025-11-07,2025-11-07,70,70,Delivered
PO-11525,MED059,LOC002,SUP015,2025-11-04,2025-11-07,2025-11-07,270,270,Delivered
PO-11526,MED061,LOC001,SUP004,2025-11-04,2025-11-11,2025-11-11,1020,1020,Delivered
PO-11527,MED064,LOC005,SUP005,2025-11-04,2025-11-09,2025-11-09,820,820,Delivered
PO-11528,MED065,LOC006,SUP015,2025-11-04,2025-11-06,2025-11-06,730,730,Delivered
PO-11529,MED066,LOC004,SUP004,2025-11-04,2025-11-10,2025-11-10,190,190,Delivered
PO-11530,MED069,LOC003,SUP004,2025-11-04,2025-11-11,2025-11-11,2540,2540,Delivered
PO-11531,MED005,LOC006,SUP001,2025-11-05,2025-11-10,2025-11-10,390,390,Delivered
PO-11532,MED007,LOC002,SUP011,2025-11-05,2025-11-08,2025-11-08,640,640,Delivered
PO-11533,MED007,LOC006,SUP011,2025-11-05,2025-11-08,2025-11-08,1150,1150,Delivered
PO-11534,MED012,LOC002,SUP007,2025-11-05,2025-11-09,2025-11-09,340,340,Delivered
PO-11535,MED012,LOC003,SUP007,2025-11-05,2025-11-09,2025-11-09,650,650,Delivered
PO-11536,MED020,LOC002,SUP004,2025-11-05,2025-11-10,2025-11-10,360,360,Delivered
PO-11537,MED022,LOC005,SUP002,2025-11-05,2025-11-09,2025-11-09,320,320,Delivered
PO-11538,MED025,LOC003,SUP002,2025-11-05,2025-11-10,2025-11-10,2040,2040,Delivered
PO-11539,MED026,LOC003,SUP002,2025-11-05,2025-11-11,2025-11-11,1780,1780,Delivered
PO-11540,MED027,LOC006,SUP009,2025-11-05,2025-11-10,2025-11-10,800,800,Delivered
PO-11541,MED033,LOC005,SUP004,2025-11-05,2025-11-11,2025-11-11,60,60,Delivered
PO-11542,MED036,LOC001,SUP003,2025-11-05,2025-11-07,2025-11-07,2370,2370,Delivered
PO-11543,MED040,LOC001,SUP004,2025-11-05,2025-11-10,2025-11-12,140,140,Delayed
PO-11544,MED040,LOC005,SUP004,2025-11-05,2025-11-10,2025-11-10,60,60,Delivered
PO-11545,MED050,LOC005,SUP005,2025-11-05,2025-11-09,2025-11-09,1170,1170,Delivered
PO-11546,MED051,LOC001,SUP015,2025-11-05,2025-11-07,2025-11-07,2800,2800,Delivered
PO-11547,MED053,LOC005,SUP010,2025-11-05,2025-11-11,2025-11-11,100,100,Delivered
PO-11548,MED055,LOC001,SUP015,2025-11-05,2025-11-08,2025-11-08,1040,1040,Delivered
PO-11549,MED055,LOC002,SUP015,2025-11-05,2025-11-08,2025-11-08,420,420,Delivered
PO-11550,MED057,LOC003,SUP008,2025-11-05,2025-11-09,2025-11-09,620,620,Delivered
PO-11551,MED058,LOC002,SUP008,2025-11-05,2025-11-10,2025-11-10,300,300,Delivered
PO-11552,MED059,LOC001,SUP015,2025-11-05,2025-11-08,2025-11-08,760,760,Delivered
PO-11553,MED061,LOC002,SUP004,2025-11-05,2025-11-12,2025-11-12,390,390,Delivered
PO-11554,MED061,LOC005,SUP004,2025-11-05,2025-11-12,2025-11-12,360,360,Delivered
PO-11555,MED061,LOC006,SUP004,2025-11-05,2025-11-12,2025-11-12,740,740,Delivered
PO-11556,MED062,LOC005,SUP004,2025-11-05,2025-11-10,2025-11-10,450,450,Delivered
PO-11557,MED063,LOC005,SUP004,2025-11-05,2025-11-12,2025-11-12,190,190,Delivered
PO-11558,MED066,LOC007,SUP004,2025-11-05,2025-11-11,2025-11-11,80,80,Delivered
PO-11559,MED069,LOC001,SUP004,2025-11-05,2025-11-12,2025-11-12,3200,3200,Delivered
PO-11560,MED069,LOC005,SUP004,2025-11-05,2025-11-12,2025-11-12,990,990,Delivered
PO-11561,MED075,LOC001,SUP004,2025-11-05,2025-11-11,2025-11-11,840,840,Delivered
PO-11562,MED002,LOC004,SUP010,2025-11-06,2025-11-13,2025-11-13,90,90,Delivered
PO-11563,MED003,LOC003,SUP001,2025-11-06,2025-11-09,2025-11-09,310,310,Delivered
PO-11564,MED005,LOC004,SUP001,2025-11-06,2025-11-11,2025-11-11,60,60,Delivered
PO-11565,MED007,LOC001,SUP011,2025-11-06,2025-11-09,2025-11-09,1550,1550,Delivered
PO-11566,MED010,LOC001,SUP007,2025-11-06,2025-11-10,2025-11-10,990,990,Delivered
PO-11567,MED010,LOC005,SUP007,2025-11-06,2025-11-10,2025-11-10,320,320,Delivered
PO-11568,MED015,LOC001,SUP011,2025-11-06,2025-11-09,2025-11-09,640,640,Delivered
PO-11569,MED015,LOC002,SUP011,2025-11-06,2025-11-09,2025-11-09,260,260,Delivered
PO-11570,MED016,LOC002,SUP001,2025-11-06,2025-11-10,2025-11-10,1010,1010,Delivered
PO-11571,MED018,LOC002,SUP001,2025-11-06,2025-11-09,2025-11-09,840,840,Delivered
PO-11572,MED018,LOC003,SUP001,2025-11-06,2025-11-09,2025-11-09,1710,1710,Delivered
PO-11573,MED019,LOC003,SUP015,2025-11-06,2025-11-09,2025-11-09,1050,1050,Delivered
PO-11574,MED024,LOC005,SUP009,2025-11-06,2025-11-11,2025-11-11,640,640,Delivered
PO-11575,MED024,LOC007,SUP009,2025-11-06,2025-11-11,2025-11-11,120,120,Delivered
PO-11576,MED025,LOC002,SUP002,2025-11-06,2025-11-11,2025-11-11,1010,1010,Delivered
PO-11577,MED029,LOC003,SUP015,2025-11-06,2025-11-09,2025-11-09,240,240,Delivered
PO-11578,MED034,LOC006,SUP013,2025-11-06,2025-11-12,2025-11-12,240,240,Delivered
PO-11579,MED037,LOC005,SUP015,2025-11-06,2025-11-10,2025-11-10,900,900,Delivered
PO-11580,MED041,LOC004,SUP015,2025-11-06,2025-11-08,2025-11-08,50,50,Delivered
PO-11581,MED043,LOC004,SUP003,2025-11-06,2025-11-08,2025-11-08,50,50,Delivered
PO-11582,MED046,LOC002,SUP015,2025-11-06,2025-11-10,2025-11-10,440,440,Delivered
PO-11583,MED046,LOC003,SUP015,2025-11-06,2025-11-10,2025-11-10,890,890,Delivered
PO-11584,MED047,LOC001,SUP015,2025-11-06,2025-11-09,2025-11-09,740,740,Delivered
PO-11585,MED050,LOC007,SUP005,2025-11-06,2025-11-10,2025-11-10,220,220,Delivered
PO-11586,MED051,LOC002,SUP015,2025-11-06,2025-11-08,2025-11-08,1140,1140,Delivered
PO-11587,MED051,LOC003,SUP015,2025-11-06,2025-11-08,2025-11-08,2340,2340,Delivered
PO-11588,MED058,LOC005,SUP008,2025-11-06,2025-11-11,2025-11-11,260,260,Delivered
PO-11589,MED058,LOC007,SUP008,2025-11-06,2025-11-11,2025-11-11,70,70,Delivered
PO-11590,MED061,LOC004,SUP004,2025-11-06,2025-11-13,2025-11-13,160,160,Delivered
PO-11591,MED067,LOC006,SUP012,2025-11-06,2025-11-12,2025-11-12,760,760,Delivered
PO-11592,MED071,LOC005,SUP014,2025-11-06,2025-11-12,2025-11-12,50,50,Delivered
PO-11593,MED072,LOC003,SUP006,2025-11-06,2025-11-13,2025-11-13,60,60,Delivered
PO-11594,MED073,LOC006,SUP004,2025-11-06,2025-11-12,2025-11-12,190,190,Delivered
PO-11595,MED075,LOC005,SUP004,2025-11-06,2025-11-12,2025-11-12,270,270,Delivered
PO-11596,MED007,LOC005,SUP011,2025-11-07,2025-11-10,2025-11-10,550,550,Delivered
PO-11597,MED014,LOC003,SUP007,2025-11-07,2025-11-10,2025-11-10,370,370,Delivered
PO-11598,MED014,LOC004,SUP007,2025-11-07,2025-11-10,2025-11-10,80,80,Delivered
PO-11599,MED016,LOC005,SUP001,2025-11-07,2025-11-11,2025-11-11,810,810,Delivered
PO-11600,MED017,LOC007,SUP001,2025-11-07,2025-11-12,2025-11-12,100,100,Delivered
PO-11601,MED018,LOC005,SUP001,2025-11-07,2025-11-10,2025-11-10,690,690,Delivered
PO-11602,MED019,LOC004,SUP015,2025-11-07,2025-11-10,2025-11-10,190,190,Delivered
PO-11603,MED025,LOC001,SUP002,2025-11-07,2025-11-12,2025-11-12,2730,2730,Delivered
PO-11604,MED026,LOC001,SUP002,2025-11-07,2025-11-13,2025-11-13,2330,2330,Delivered
PO-11605,MED027,LOC001,SUP009,2025-11-07,2025-11-12,2025-11-12,1110,1110,Delivered
PO-11606,MED029,LOC002,SUP015,2025-11-07,2025-11-10,2025-11-10,120,120,Delivered
PO-11607,MED030,LOC004,SUP004,2025-11-07,2025-11-12,2025-11-12,50,50,Delivered
PO-11608,MED037,LOC007,SUP015,2025-11-07,2025-11-11,2025-11-11,150,150,Delivered
PO-11609,MED043,LOC001,SUP003,2025-11-07,2025-11-09,2025-11-09,310,310,Delivered
PO-11610,MED043,LOC006,SUP003,2025-11-07,2025-11-09,2025-11-09,190,190,Delivered
PO-11611,MED045,LOC004,SUP004,2025-11-07,2025-11-12,2025-11-12,110,110,Delivered
PO-11612,MED047,LOC007,SUP015,2025-11-07,2025-11-10,2025-11-10,50,50,Delivered
PO-11613,MED050,LOC006,SUP005,2025-11-07,2025-11-11,2025-11-11,2850,2850,Delivered
PO-11614,MED051,LOC006,SUP015,2025-11-07,2025-11-09,2025-11-09,2070,2070,Delivered
PO-11615,MED054,LOC005,SUP015,2025-11-07,2025-11-09,2025-11-09,130,130,Delivered
PO-11616,MED057,LOC004,SUP008,2025-11-07,2025-11-11,2025-11-11,270,270,Delivered
PO-11617,MED063,LOC003,SUP004,2025-11-07,2025-11-14,2025-11-14,380,380,Delivered
PO-11618,MED066,LOC001,SUP004,2025-11-07,2025-11-13,2025-11-13,1260,1260,Delivered
PO-11619,MED066,LOC006,SUP004,2025-11-07,2025-11-13,2025-11-13,1000,1000,Delivered
PO-11620,MED067,LOC005,SUP012,2025-11-07,2025-11-13,2025-11-13,370,370,Delivered
PO-11621,MED070,LOC006,SUP004,2025-11-07,2025-11-13,2025-11-13,410,410,Delivered
PO-11622,MED072,LOC001,SUP006,2025-11-07,2025-11-14,2025-11-14,70,70,Delivered
PO-11623,MED074,LOC003,SUP006,2025-11-07,2025-11-15,2025-11-15,80,80,Delivered
PO-11624,MED001,LOC001,SUP001,2025-11-08,2025-11-13,2025-11-13,980,980,Delivered
PO-11625,MED002,LOC006,SUP010,2025-11-08,2025-11-15,2025-11-17,680,680,Delayed
PO-11626,MED006,LOC002,SUP001,2025-11-08,2025-11-13,2025-11-13,390,390,Delivered
PO-11627,MED009,LOC005,SUP007,2025-11-08,2025-11-12,2025-11-12,560,560,Delivered
PO-11628,MED025,LOC006,SUP002,2025-11-08,2025-11-13,2025-11-13,1980,1980,Delivered
PO-11629,MED027,LOC003,SUP009,2025-11-08,2025-11-13,2025-11-13,800,800,Delivered
PO-11630,MED029,LOC001,SUP015,2025-11-08,2025-11-11,2025-11-11,300,300,Delivered
PO-11631,MED031,LOC007,SUP015,2025-11-08,2025-11-11,2025-11-11,90,90,Delivered
PO-11632,MED032,LOC002,SUP009,2025-11-08,2025-11-11,2025-11-11,280,280,Delivered
PO-11633,MED033,LOC007,SUP004,2025-11-08,2025-11-14,2025-11-14,50,50,Delivered
PO-11634,MED035,LOC001,SUP015,2025-11-08,2025-11-10,2025-11-10,290,290,Delivered
PO-11635,MED036,LOC003,SUP003,2025-11-08,2025-11-10,2025-11-10,1720,1720,Delivered
PO-11636,MED042,LOC003,SUP003,2025-11-08,2025-11-10,2025-11-10,690,690,Delivered
PO-11637,MED045,LOC006,SUP004,2025-11-08,2025-11-13,2025-11-13,570,570,Delivered
PO-11638,MED049,LOC002,SUP015,2025-11-08,2025-11-11,2025-11-11,960,960,Delivered
PO-11639,MED049,LOC005,SUP015,2025-11-08,2025-11-11,2025-11-11,840,840,Delivered
PO-11640,MED051,LOC007,SUP015,2025-11-08,2025-11-10,2025-11-10,150,150,Delivered
PO-11641,MED052,LOC001,SUP015,2025-11-08,2025-11-11,2025-11-11,420,420,Delivered
PO-11642,MED052,LOC003,SUP015,2025-11-08,2025-11-11,2025-11-11,330,330,Delivered
PO-11643,MED058,LOC004,SUP008,2025-11-08,2025-11-13,2025-11-13,290,290,Delivered
PO-11644,MED065,LOC001,SUP015,2025-11-08,2025-11-10,2025-11-10,1000,1000,Delivered
PO-11645,MED066,LOC005,SUP004,2025-11-08,2025-11-14,2025-11-14,470,470,Delivered
PO-11646,MED067,LOC004,SUP012,2025-11-08,2025-11-14,2025-11-14,150,150,Delivered
PO-11647,MED069,LOC007,SUP004,2025-11-08,2025-11-15,2025-11-15,200,200,Delivered
PO-11648,MED072,LOC005,SUP006,2025-11-08,2025-11-15,2025-11-15,50,50,Delivered
PO-11649,MED074,LOC001,SUP006,2025-11-08,2025-11-16,2025-11-18,120,120,Delayed
PO-11650,MED075,LOC003,SUP004,2025-11-08,2025-11-14,2025-11-17,640,640,Delayed
PO-11651,MED003,LOC005,SUP001,2025-11-09,2025-11-12,2025-11-12,140,140,Delivered
PO-11652,MED010,LOC004,SUP007,2025-11-09,2025-11-13,2025-11-13,160,160,Delivered
PO-11653,MED011,LOC005,SUP011,2025-11-09,2025-11-14,2025-11-14,150,150,Delivered
PO-11654,MED012,LOC005,SUP007,2025-11-09,2025-11-13,2025-11-13,280,280,Delivered
PO-11655,MED015,LOC003,SUP011,2025-11-09,2025-11-12,2025-11-12,500,500,Delivered
PO-11656,MED019,LOC005,SUP015,2025-11-09,2025-11-12,2025-11-12,430,430,Delivered
PO-11657,MED023,LOC003,SUP002,2025-11-09,2025-11-13,2025-11-13,1390,1390,Delivered
PO-11658,MED024,LOC006,SUP009,2025-11-09,2025-11-14,2025-11-14,1420,1420,Delivered
PO-11659,MED026,LOC004,SUP002,2025-11-09,2025-11-15,2025-11-15,330,330,Delivered
PO-11660,MED027,LOC005,SUP009,2025-11-09,2025-11-14,2025-11-14,340,340,Delivered
PO-11661,MED029,LOC006,SUP015,2025-11-09,2025-11-12,2025-11-12,220,220,Delivered
PO-11662,MED033,LOC001,SUP004,2025-11-09,2025-11-15,2025-11-15,210,210,Delivered
PO-11663,MED033,LOC006,SUP004,2025-11-09,2025-11-15,2025-11-15,130,130,Delivered
PO-11664,MED034,LOC005,SUP013,2025-11-09,2025-11-15,2025-11-15,110,110,Delivered
PO-11665,MED035,LOC003,SUP015,2025-11-09,2025-11-11,2025-11-11,210,210,Delivered
PO-11666,MED036,LOC005,SUP003,2025-11-09,2025-11-11,2025-11-11,750,750,Delivered
PO-11667,MED038,LOC007,SUP015,2025-11-09,2025-11-11,2025-11-11,50,50,Delivered
PO-11668,MED040,LOC002,SUP004,2025-11-09,2025-11-14,2025-11-14,50,50,Delivered
PO-11669,MED042,LOC001,SUP003,2025-11-09,2025-11-11,2025-11-11,840,840,Delivered
PO-11670,MED046,LOC005,SUP015,2025-11-09,2025-11-13,2025-11-13,370,370,Delivered
PO-11671,MED048,LOC001,SUP015,2025-11-09,2025-11-11,2025-11-11,550,550,Delivered
PO-11672,MED049,LOC001,SUP015,2025-11-09,2025-11-12,2025-11-12,2560,2560,Delivered
PO-11673,MED054,LOC003,SUP015,2025-11-09,2025-11-11,2025-11-11,330,330,Delivered
PO-11674,MED056,LOC001,SUP005,2025-11-09,2025-11-14,2025-11-14,880,880,Delivered
PO-11675,MED056,LOC007,SUP005,2025-11-09,2025-11-14,2025-11-14,50,50,Delivered
PO-11676,MED057,LOC002,SUP008,2025-11-09,2025-11-13,2025-11-13,270,270,Delivered
PO-11677,MED059,LOC005,SUP015,2025-11-09,2025-11-12,2025-11-12,230,230,Delivered
PO-11678,MED062,LOC004,SUP004,2025-11-09,2025-11-14,2025-11-14,200,200,Delivered
PO-11679,MED062,LOC007,SUP004,2025-11-09,2025-11-14,2025-11-14,80,80,Delivered
PO-11680,MED066,LOC002,SUP004,2025-11-09,2025-11-15,2025-11-15,520,520,Delivered
PO-11681,MED071,LOC006,SUP014,2025-11-09,2025-11-15,2025-11-15,120,120,Delivered
PO-11682,MED072,LOC002,SUP006,2025-11-09,2025-11-16,2025-11-17,50,50,Delayed
PO-11683,MED075,LOC006,SUP004,2025-11-09,2025-11-15,2025-11-15,570,570,Delivered
PO-11684,MED002,LOC005,SUP010,2025-11-10,2025-11-17,2025-11-17,240,240,Delivered
PO-11685,MED008,LOC001,SUP001,2025-11-10,2025-11-15,2025-11-15,650,650,Delivered
PO-11686,MED008,LOC003,SUP001,2025-11-10,2025-11-15,2025-11-15,490,490,Delivered
PO-11687,MED013,LOC003,SUP007,2025-11-10,2025-11-15,2025-11-15,280,280,Delivered
PO-11688,MED014,LOC001,SUP007,2025-11-10,2025-11-13,2025-11-13,460,460,Delivered
PO-11689,MED015,LOC004,SUP011,2025-11-10,2025-11-13,2025-11-13,90,90,Delivered
PO-11690,MED020,LOC007,SUP004,2025-11-10,2025-11-15,2025-11-15,260,260,Delivered
PO-11691,MED021,LOC007,SUP002,2025-11-10,2025-11-14,2025-11-14,110,110,Delivered
PO-11692,MED023,LOC001,SUP002,2025-11-10,2025-11-14,2025-11-14,1880,1880,Delivered
PO-11693,MED023,LOC006,SUP002,2025-11-10,2025-11-14,2025-11-14,1370,1370,Delivered
PO-11694,MED029,LOC004,SUP015,2025-11-10,2025-11-13,2025-11-13,60,60,Delivered
PO-11695,MED030,LOC003,SUP004,2025-11-10,2025-11-15,2025-11-15,210,210,Delivered
PO-11696,MED031,LOC003,SUP015,2025-11-10,2025-11-13,2025-11-13,1090,1090,Delivered
PO-11697,MED032,LOC007,SUP009,2025-11-10,2025-11-13,2025-11-13,50,50,Delivered
PO-11698,MED035,LOC006,SUP015,2025-11-10,2025-11-12,2025-11-12,210,210,Delivered
PO-11699,MED038,LOC001,SUP015,2025-11-10,2025-11-12,2025-11-12,150,150,Delivered
PO-11700,MED038,LOC002,SUP015,2025-11-10,2025-11-12,2025-11-12,80,80,Delivered
PO-11701,MED039,LOC005,SUP006,2025-11-10,2025-11-18,2025-11-18,50,50,Delivered
PO-11702,MED041,LOC001,SUP015,2025-11-10,2025-11-12,2025-11-12,230,230,Delivered
PO-11703,MED048,LOC003,SUP015,2025-11-10,2025-11-12,2025-11-12,390,390,Delivered
PO-11704,MED048,LOC006,SUP015,2025-11-10,2025-11-12,2025-11-12,400,400,Delivered
PO-11705,MED050,LOC001,SUP005,2025-11-10,2025-11-14,2025-11-14,4140,4140,Delivered
PO-11706,MED050,LOC003,SUP005,2025-11-10,2025-11-14,2025-11-14,3240,3240,Delivered
PO-11707,MED051,LOC005,SUP015,2025-11-10,2025-11-12,2025-11-12,1120,1120,Delivered
PO-11708,MED053,LOC001,SUP010,2025-11-10,2025-11-16,2025-11-16,260,260,Delivered
PO-11709,MED054,LOC001,SUP015,2025-11-10,2025-11-12,2025-11-12,390,390,Delivered
PO-11710,MED054,LOC006,SUP015,2025-11-10,2025-11-12,2025-11-12,300,300,Delivered
PO-11711,MED057,LOC007,SUP008,2025-11-10,2025-11-14,2025-11-14,50,50,Delivered
PO-11712,MED059,LOC004,SUP015,2025-11-10,2025-11-13,2025-11-13,110,110,Delivered
PO-11713,MED065,LOC002,SUP015,2025-11-10,2025-11-12,2025-11-12,380,380,Delivered
PO-11714,MED066,LOC003,SUP004,2025-11-10,2025-11-16,2025-11-16,990,990,Delivered
PO-11715,MED067,LOC001,SUP012,2025-11-10,2025-11-16,2025-11-16,1020,1020,Delivered
PO-11716,MED068,LOC001,SUP004,2025-11-10,2025-11-16,2025-11-16,4420,4420,Delivered
PO-11717,MED068,LOC004,SUP004,2025-11-10,2025-11-16,2025-11-16,590,590,Delivered
PO-11718,MED069,LOC006,SUP004,2025-11-10,2025-11-17,2025-11-20,3600,3600,Delayed
PO-11719,MED073,LOC003,SUP004,2025-11-10,2025-11-16,2025-11-16,180,180,Delivered
PO-11720,MED003,LOC002,SUP001,2025-11-11,2025-11-14,2025-11-14,150,150,Delivered
PO-11721,MED008,LOC006,SUP001,2025-11-11,2025-11-16,2025-11-16,510,510,Delivered
PO-11722,MED017,LOC005,SUP001,2025-11-11,2025-11-16,2025-11-16,470,470,Delivered
PO-11723,MED017,LOC006,SUP001,2025-11-11,2025-11-16,2025-11-16,1100,1100,Delivered
PO-11724,MED019,LOC002,SUP015,2025-11-11,2025-11-14,2025-11-14,530,530,Delivered
PO-11725,MED020,LOC006,SUP004,2025-11-11,2025-11-16,2025-11-16,700,700,Delivered
PO-11726,MED021,LOC005,SUP002,2025-11-11,2025-11-15,2025-11-15,570,570,Delivered
PO-11727,MED022,LOC004,SUP002,2025-11-11,2025-11-15,2025-11-15,150,150,Delivered
PO-11728,MED024,LOC004,SUP009,2025-11-11,2025-11-16,2025-11-16,250,250,Delivered
PO-11729,MED027,LOC004,SUP009,2025-11-11,2025-11-16,2025-11-16,180,180,Delivered
PO-11730,MED029,LOC005,SUP015,2025-11-11,2025-11-14,2025-11-14,100,100,Delivered
PO-11731,MED031,LOC002,SUP015,2025-11-11,2025-11-14,2025-11-14,580,580,Delivered
PO-11732,MED032,LOC003,SUP009,2025-11-11,2025-11-14,2025-11-14,530,530,Delivered
PO-11733,MED032,LOC005,SUP009,2025-11-11,2025-11-14,2025-11-14,220,220,Delivered
PO-11734,MED034,LOC001,SUP013,2025-11-11,2025-11-17,2025-11-17,320,320,Delivered
PO-11735,MED034,LOC004,SUP013,2025-11-11,2025-11-17,2025-11-17,50,50,Delivered
PO-11736,MED035,LOC004,SUP015,2025-11-11,2025-11-13,2025-11-13,50,50,Delivered
PO-11737,MED037,LOC004,SUP015,2025-11-11,2025-11-15,2025-11-15,390,390,Delivered
PO-11738,MED038,LOC003,SUP015,2025-11-11,2025-11-13,2025-11-13,110,110,Delivered
PO-11739,MED039,LOC003,SUP006,2025-11-11,2025-11-19,2025-11-19,50,50,Delivered
PO-11740,MED041,LOC006,SUP015,2025-11-11,2025-11-13,2025-11-13,170,170,Delivered
PO-11741,MED044,LOC005,SUP010,2025-11-11,2025-11-16,2025-11-16,200,200,Delivered
PO-11742,MED044,LOC007,SUP010,2025-11-11,2025-11-16,2025-11-16,50,50,Delivered
PO-11743,MED046,LOC007,SUP015,2025-11-11,2025-11-15,2025-11-15,60,60,Delivered
PO-11744,MED047,LOC005,SUP015,2025-11-11,2025-11-14,2025-11-14,200,200,Delivered
PO-11745,MED053,LOC007,SUP010,2025-11-11,2025-11-17,2025-11-17,50,50,Delivered
PO-11746,MED054,LOC002,SUP015,2025-11-11,2025-11-13,2025-11-13,170,170,Delivered
PO-11747,MED056,LOC004,SUP005,2025-11-11,2025-11-16,2025-11-16,340,340,Delivered
PO-11748,MED058,LOC001,SUP008,2025-11-11,2025-11-16,2025-11-16,770,770,Delivered
PO-11749,MED061,LOC001,SUP004,2025-11-11,2025-11-18,2025-11-18,1210,1210,Delivered
PO-11750,MED064,LOC001,SUP005,2025-11-11,2025-11-16,2025-11-16,2480,2480,Delivered
PO-11751,MED067,LOC002,SUP012,2025-11-11,2025-11-17,2025-11-17,390,390,Delivered
PO-11752,MED068,LOC005,SUP004,2025-11-11,2025-11-17,2025-11-17,1480,1480,Delivered
PO-11753,MED070,LOC001,SUP004,2025-11-11,2025-11-17,2025-11-17,530,530,Delivered
PO-11754,MED075,LOC002,SUP004,2025-11-11,2025-11-17,2025-11-17,360,360,Delivered
PO-11755,MED006,LOC001,SUP001,2025-11-12,2025-11-17,2025-11-17,1130,1130,Delivered
PO-11756,MED006,LOC004,SUP001,2025-11-12,2025-11-17,2025-11-17,150,150,Delivered
PO-11757,MED014,LOC005,SUP007,2025-11-12,2025-11-15,2025-11-15,170,170,Delivered
PO-11758,MED017,LOC001,SUP001,2025-11-12,2025-11-17,2025-11-17,1550,1550,Delivered
PO-11759,MED020,LOC003,SUP004,2025-11-12,2025-11-17,2025-11-17,830,830,Delivered
PO-11760,MED020,LOC005,SUP004,2025-11-12,2025-11-17,2025-11-17,300,300,Delivered
PO-11761,MED022,LOC002,SUP002,2025-11-12,2025-11-16,2025-11-16,430,430,Delivered
PO-11762,MED023,LOC004,SUP002,2025-11-12,2025-11-16,2025-11-16,270,270,Delivered
PO-11763,MED024,LOC003,SUP009,2025-11-12,2025-11-17,2025-11-17,1470,1470,Delivered
PO-11764,MED025,LOC004,SUP002,2025-11-12,2025-11-17,2025-11-17,480,480,Delivered
PO-11765,MED025,LOC005,SUP002,2025-11-12,2025-11-17,2025-11-17,1020,1020,Delivered
PO-11766,MED026,LOC005,SUP002,2025-11-12,2025-11-18,2025-11-18,760,760,Delivered
PO-11767,MED026,LOC006,SUP002,2025-11-12,2025-11-18,2025-11-18,1580,1580,Delivered
PO-11768,MED028,LOC001,SUP002,2025-11-12,2025-11-17,2025-11-17,760,760,Delivered
PO-11769,MED030,LOC005,SUP004,2025-11-12,2025-11-17,2025-11-17,80,80,Delivered
PO-11770,MED036,LOC004,SUP003,2025-11-12,2025-11-14,2025-11-14,330,330,Delivered
PO-11771,MED037,LOC006,SUP015,2025-11-12,2025-11-16,2025-11-16,1830,1830,Delivered
PO-11772,MED040,LOC004,SUP004,2025-11-12,2025-11-17,2025-11-17,50,50,Delivered
PO-11773,MED043,LOC005,SUP003,2025-11-12,2025-11-14,2025-11-14,90,90,Delivered
PO-11774,MED043,LOC007,SUP003,2025-11-12,2025-11-14,2025-11-14,50,50,Delivered
PO-11775,MED044,LOC006,SUP010,2025-11-12,2025-11-17,2025-11-17,410,410,Delivered
PO-11776,MED045,LOC001,SUP004,2025-11-12,2025-11-17,2025-11-17,770,770,Delivered
PO-11777,MED046,LOC004,SUP015,2025-11-12,2025-11-16,2025-11-16,170,170,Delivered
PO-11778,MED047,LOC002,SUP015,2025-11-12,2025-11-15,2025-11-15,320,320,Delivered
PO-11779,MED047,LOC003,SUP015,2025-11-12,2025-11-15,2025-11-15,610,610,Delivered
PO-11780,MED049,LOC004,SUP015,2025-11-12,2025-11-15,2025-11-15,350,350,Delivered
PO-11781,MED050,LOC004,SUP005,2025-11-12,2025-11-16,2025-11-16,1470,1470,Delivered
PO-11782,MED053,LOC003,SUP010,2025-11-12,2025-11-18,2025-11-18,220,220,Delivered
PO-11783,MED055,LOC005,SUP015,2025-11-12,2025-11-15,2025-11-15,380,380,Delivered
PO-11784,MED056,LOC002,SUP005,2025-11-12,2025-11-17,2025-11-17,390,390,Delivered
PO-11785,MED056,LOC006,SUP005,2025-11-12,2025-11-17,2025-11-17,670,670,Delivered
PO-11786,MED061,LOC003,SUP004,2025-11-12,2025-11-19,2025-11-19,990,990,Delivered
PO-11787,MED064,LOC003,SUP005,2025-11-12,2025-11-17,2025-11-17,2110,2110,Delivered
PO-11788,MED064,LOC006,SUP005,2025-11-12,2025-11-17,2025-11-17,1870,1870,Delivered
PO-11789,MED068,LOC003,SUP004,2025-11-12,2025-11-18,2025-11-19,3430,3430,Delayed
PO-11790,MED069,LOC004,SUP004,2025-11-12,2025-11-19,2025-11-19,470,470,Delivered
PO-11791,MED072,LOC006,SUP006,2025-11-12,2025-11-19,2025-11-19,50,50,Delivered
PO-11792,MED004,LOC001,SUP001,2025-11-13,2025-11-17,2025-11-18,470,470,Delayed
PO-11793,MED007,LOC004,SUP011,2025-11-13,2025-11-16,2025-11-17,220,220,Delayed
PO-11794,MED008,LOC004,SUP001,2025-11-13,2025-11-18,2025-11-18,80,80,Delivered
PO-11795,MED013,LOC001,SUP007,2025-11-13,2025-11-18,2025-11-18,310,310,Delivered
PO-11796,MED020,LOC001,SUP004,2025-11-13,2025-11-18,2025-11-18,1000,1000,Delivered
PO-11797,MED022,LOC003,SUP002,2025-11-13,2025-11-17,2025-11-17,840,840,Delivered
PO-11798,MED024,LOC001,SUP009,2025-11-13,2025-11-18,2025-11-18,1950,1950,Delivered
PO-11799,MED025,LOC007,SUP002,2025-11-13,2025-11-18,2025-11-18,160,160,Delivered
PO-11800,MED027,LOC002,SUP009,2025-11-13,2025-11-18,2025-11-18,480,480,Delivered
PO-11801,MED027,LOC007,SUP009,2025-11-13,2025-11-18,2025-11-18,80,80,Delivered
PO-11802,MED031,LOC005,SUP015,2025-11-13,2025-11-16,2025-11-16,490,490,Delivered
PO-11803,MED035,LOC002,SUP015,2025-11-13,2025-11-15,2025-11-15,130,130,Delivered
PO-11804,MED038,LOC006,SUP015,2025-11-13,2025-11-15,2025-11-15,120,120,Delivered
PO-11805,MED044,LOC002,SUP010,2025-11-13,2025-11-18,2025-11-18,210,210,Delivered
PO-11806,MED052,LOC004,SUP015,2025-11-13,2025-11-16,2025-11-16,80,80,Delivered
PO-11807,MED056,LOC005,SUP005,2025-11-13,2025-11-18,2025-11-18,270,270,Delivered
PO-11808,MED058,LOC003,SUP008,2025-11-13,2025-11-18,2025-11-18,630,630,Delivered
PO-11809,MED058,LOC006,SUP008,2025-11-13,2025-11-18,2025-11-18,520,520,Delivered
PO-11810,MED061,LOC005,SUP004,2025-11-13,2025-11-20,2025-11-20,400,400,Delivered
PO-11811,MED061,LOC006,SUP004,2025-11-13,2025-11-20,2025-11-20,990,990,Delivered
PO-11812,MED062,LOC002,SUP004,2025-11-13,2025-11-18,2025-11-18,560,560,Delivered
PO-11813,MED064,LOC002,SUP005,2025-11-13,2025-11-18,2025-11-18,1010,1010,Delivered
PO-11814,MED067,LOC007,SUP012,2025-11-13,2025-11-19,2025-11-19,60,60,Delivered
PO-11815,MED068,LOC002,SUP004,2025-11-13,2025-11-19,2025-11-19,1620,1620,Delivered
PO-11816,MED073,LOC001,SUP004,2025-11-13,2025-11-19,2025-11-19,230,230,Delivered
PO-11817,MED074,LOC002,SUP006,2025-11-13,2025-11-21,2025-11-21,50,50,Delivered
PO-11818,MED004,LOC006,SUP001,2025-11-14,2025-11-18,2025-11-18,510,510,Delivered
PO-11819,MED005,LOC001,SUP001,2025-11-14,2025-11-19,2025-11-19,360,360,Delivered
PO-11820,MED005,LOC005,SUP001,2025-11-14,2025-11-19,2025-11-19,140,140,Delivered
PO-11821,MED006,LOC005,SUP001,2025-11-14,2025-11-19,2025-11-19,400,400,Delivered
PO-11822,MED013,LOC006,SUP007,2025-11-14,2025-11-19,2025-11-19,230,230,Delivered
PO-11823,MED014,LOC002,SUP007,2025-11-14,2025-11-17,2025-11-17,210,210,Delivered
PO-11824,MED015,LOC007,SUP011,2025-11-14,2025-11-17,2025-11-17,120,120,Delivered
PO-11825,MED018,LOC004,SUP001,2025-11-14,2025-11-17,2025-11-17,310,310,Delivered
PO-11826,MED018,LOC007,SUP001,2025-11-14,2025-11-17,2025-11-17,120,120,Delivered
PO-11827,MED023,LOC002,SUP002,2025-11-14,2025-11-18,2025-11-18,810,810,Delivered
PO-11828,MED026,LOC002,SUP002,2025-11-14,2025-11-20,2025-11-20,860,860,Delivered
PO-11829,MED028,LOC004,SUP002,2025-11-14,2025-11-19,2025-11-19,110,110,Delivered
PO-11830,MED033,LOC002,SUP004,2025-11-14,2025-11-20,2025-11-20,80,80,Delivered
PO-11831,MED037,LOC001,SUP015,2025-11-14,2025-11-18,2025-11-18,2600,2600,Delivered
PO-11832,MED039,LOC001,SUP006,2025-11-14,2025-11-22,2025-11-22,80,80,Delivered
PO-11833,MED039,LOC006,SUP006,2025-11-14,2025-11-22,2025-11-22,90,90,Delivered
PO-11834,MED041,LOC003,SUP015,2025-11-14,2025-11-16,2025-11-16,170,170,Delivered
PO-11835,MED042,LOC004,SUP003,2025-11-14,2025-11-16,2025-11-16,110,110,Delivered
PO-11836,MED044,LOC003,SUP010,2025-11-14,2025-11-19,2025-11-19,440,440,Delivered
PO-11837,MED045,LOC002,SUP004,2025-11-14,2025-11-19,2025-11-19,320,320,Delivered
PO-11838,MED050,LOC005,SUP005,2025-11-14,2025-11-18,2025-11-18,1560,1560,Delivered
PO-11839,MED051,LOC004,SUP015,2025-11-14,2025-11-16,2025-11-16,540,540,Delivered
PO-11840,MED059,LOC003,SUP015,2025-11-14,2025-11-17,2025-11-17,470,470,Delivered
PO-11841,MED060,LOC002,SUP015,2025-11-14,2025-11-16,2025-11-16,50,50,Delivered
PO-11842,MED061,LOC002,SUP004,2025-11-14,2025-11-21,2025-11-21,480,480,Delivered
PO-11843,MED064,LOC004,SUP005,2025-11-14,2025-11-19,2025-11-19,360,360,Delivered
PO-11844,MED065,LOC003,SUP015,2025-11-14,2025-11-16,2025-11-19,770,770,Delayed
PO-11845,MED068,LOC006,SUP004,2025-11-14,2025-11-20,2025-11-20,4740,4740,Delivered
PO-11846,MED071,LOC001,SUP014,2025-11-14,2025-11-20,2025-11-20,160,160,Delivered
PO-11847,MED071,LOC003,SUP014,2025-11-14,2025-11-20,2025-11-20,120,120,Delivered
PO-11848,MED073,LOC005,SUP004,2025-11-14,2025-11-20,2025-11-20,80,80,Delivered
PO-11849,MED001,LOC004,SUP001,2025-11-15,2025-11-20,2025-11-20,130,130,Delivered
PO-11850,MED001,LOC005,SUP001,2025-11-15,2025-11-20,2025-11-20,330,330,Delivered
PO-11851,MED001,LOC006,SUP001,2025-11-15,2025-11-20,2025-11-20,1060,1060,Delivered
PO-11852,MED003,LOC006,SUP001,2025-11-15,2025-11-18,2025-11-18,400,400,Delivered
PO-11853,MED005,LOC003,SUP001,2025-11-15,2025-11-20,2025-11-20,260,260,Delivered
PO-11854,MED008,LOC007,SUP001,2025-11-15,2025-11-20,2025-11-20,160,160,Delivered
PO-11855,MED010,LOC006,SUP007,2025-11-15,2025-11-19,2025-11-19,760,760,Delivered
PO-11856,MED012,LOC001,SUP007,2025-11-15,2025-11-19,2025-11-19,830,830,Delivered
PO-11857,MED012,LOC004,SUP007,2025-11-15,2025-11-19,2025-11-19,120,120,Delivered
PO-11858,MED012,LOC006,SUP007,2025-11-15,2025-11-19,2025-11-19,610,610,Delivered
PO-11859,MED016,LOC006,SUP001,2025-11-15,2025-11-19,2025-11-19,1690,1690,Delivered
PO-11860,MED017,LOC003,SUP001,2025-11-15,2025-11-20,2025-11-20,1130,1130,Delivered
PO-11861,MED021,LOC003,SUP002,2025-11-15,2025-11-19,2025-11-19,1410,1410,Delivered
PO-11862,MED023,LOC005,SUP002,2025-11-15,2025-11-19,2025-11-21,650,650,Delayed
PO-11863,MED030,LOC001,SUP004,2025-11-15,2025-11-20,2025-11-20,280,280,Delivered
PO-11864,MED033,LOC003,SUP004,2025-11-15,2025-11-21,2025-11-21,140,140,Delivered
PO-11865,MED035,LOC005,SUP015,2025-11-15,2025-11-17,2025-11-17,90,90,Delivered
PO-11866,MED042,LOC006,SUP003,2025-11-15,2025-11-17,2025-11-17,600,600,Delivered
PO-11867,MED046,LOC006,SUP015,2025-11-15,2025-11-19,2025-11-19,900,900,Delivered
PO-11868,MED050,LOC002,SUP005,2025-11-15,2025-11-19,2025-11-19,1670,1670,Delivered
PO-11869,MED052,LOC005,SUP015,2025-11-15,2025-11-18,2025-11-18,150,150,Delivered
PO-11870,MED055,LOC004,SUP015,2025-11-15,2025-11-18,2025-11-18,160,160,Delivered
PO-11871,MED056,LOC003,SUP005,2025-11-15,2025-11-20,2025-11-20,680,680,Delivered
PO-11872,MED057,LOC001,SUP008,2025-11-15,2025-11-19,2025-11-19,730,730,Delivered
PO-11873,MED060,LOC001,SUP015,2025-11-15,2025-11-17,2025-11-17,100,100,Delivered
PO-11874,MED061,LOC007,SUP004,2025-11-15,2025-11-22,2025-11-24,80,80,Delayed
PO-11875,MED062,LOC001,SUP004,2025-11-15,2025-11-20,2025-11-20,1310,1310,Delivered
PO-11876,MED062,LOC006,SUP004,2025-11-15,2025-11-20,2025-11-20,1040,1040,Delivered
PO-11877,MED063,LOC001,SUP004,2025-11-15,2025-11-22,2025-11-22,460,460,Delivered
PO-11878,MED063,LOC004,SUP004,2025-11-15,2025-11-22,2025-11-22,80,80,Delivered
PO-11879,MED065,LOC004,SUP015,2025-11-15,2025-11-17,2025-11-17,140,140,Delivered
PO-11880,MED071,LOC004,SUP014,2025-11-15,2025-11-21,2025-11-21,50,50,Delivered
PO-11881,MED073,LOC004,SUP004,2025-11-15,2025-11-21,2025-11-21,50,50,Delivered
PO-11882,MED074,LOC005,SUP006,2025-11-15,2025-11-23,2025-11-23,50,50,Delivered
PO-11883,MED001,LOC003,SUP001,2025-11-16,2025-11-21,2025-11-21,670,670,Delivered
PO-11884,MED002,LOC003,SUP010,2025-11-16,2025-11-23,2025-11-23,490,490,Delivered
PO-11885,MED008,LOC005,SUP001,2025-11-16,2025-11-21,2025-11-21,220,220,Delivered
PO-11886,MED009,LOC002,SUP007,2025-11-16,2025-11-20,2025-11-20,680,680,Delivered
PO-11887,MED009,LOC006,SUP007,2025-11-16,2025-11-20,2025-11-20,1250,1250,Delivered
PO-11888,MED011,LOC006,SUP011,2025-11-16,2025-11-21,2025-11-21,290,290,Delivered
PO-11889,MED016,LOC004,SUP001,2025-11-16,2025-11-20,2025-11-20,350,350,Delivered
PO-11890,MED017,LOC002,SUP001,2025-11-16,2025-11-21,2025-11-21,570,570,Delivered
PO-11891,MED017,LOC004,SUP001,2025-11-16,2025-11-21,2025-11-21,200,200,Delivered
PO-11892,MED022,LOC001,SUP002,2025-11-16,2025-11-20,2025-11-20,1040,1040,Delivered
PO-11893,MED024,LOC002,SUP009,2025-11-16,2025-11-21,2025-11-21,700,700,Delivered
PO-11894,MED025,LOC003,SUP002,2025-11-16,2025-11-21,2025-11-21,2430,2430,Delivered
PO-11895,MED027,LOC006,SUP009,2025-11-16,2025-11-21,2025-11-21,910,910,Delivered
PO-11896,MED028,LOC006,SUP002,2025-11-16,2025-11-21,2025-11-21,500,500,Delivered
PO-11897,MED034,LOC003,SUP013,2025-11-16,2025-11-22,2025-11-22,240,240,Delivered
PO-11898,MED036,LOC002,SUP003,2025-11-16,2025-11-18,2025-11-18,880,880,Delivered
PO-11899,MED042,LOC002,SUP003,2025-11-16,2025-11-18,2025-11-18,350,350,Delivered
PO-11900,MED042,LOC005,SUP003,2025-11-16,2025-11-18,2025-11-18,250,250,Delivered
PO-11901,MED048,LOC002,SUP015,2025-11-16,2025-11-18,2025-11-18,190,190,Delivered
PO-11902,MED065,LOC005,SUP015,2025-11-16,2025-11-18,2025-11-18,310,310,Delivered
PO-11903,MED069,LOC002,SUP004,2025-11-16,2025-11-23,2025-11-23,1250,1250,Delivered
PO-11904,MED070,LOC002,SUP004,2025-11-16,2025-11-22,2025-11-22,190,190,Delivered
PO-11905,MED072,LOC003,SUP006,2025-11-16,2025-11-23,2025-11-23,70,70,Delivered
PO-11906,MED002,LOC001,SUP010,2025-11-17,2025-11-24,2025-11-24,610,610,Delivered
PO-11907,MED002,LOC002,SUP010,2025-11-17,2025-11-24,2025-11-24,260,260,Delivered
PO-11908,MED006,LOC003,SUP001,2025-11-17,2025-11-22,2025-11-22,840,840,Delivered
PO-11909,MED011,LOC003,SUP011,2025-11-17,2025-11-22,2025-11-24,340,340,Delayed
PO-11910,MED015,LOC005,SUP011,2025-11-17,2025-11-20,2025-11-20,190,190,Delivered
PO-11911,MED025,LOC001,SUP002,2025-11-17,2025-11-22,2025-11-22,3100,3100,Delivered
PO-11912,MED028,LOC002,SUP002,2025-11-17,2025-11-22,2025-11-22,290,290,Delivered
PO-11913,MED028,LOC003,SUP002,2025-11-17,2025-11-22,2025-11-22,530,530,Delivered
PO-11914,MED030,LOC006,SUP004,2025-11-17,2025-11-22,2025-11-22,170,170,Delivered
PO-11915,MED032,LOC004,SUP009,2025-11-17,2025-11-20,2025-11-20,80,80,Delivered
PO-11916,MED034,LOC002,SUP013,2025-11-17,2025-11-23,2025-11-23,120,120,Delivered
PO-11917,MED041,LOC002,SUP015,2025-11-17,2025-11-19,2025-11-19,110,110,Delivered
PO-11918,MED043,LOC002,SUP003,2025-11-17,2025-11-19,2025-11-19,120,120,Delivered
PO-11919,MED045,LOC003,SUP004,2025-11-17,2025-11-22,2025-11-22,640,640,Delivered
PO-11920,MED045,LOC007,SUP004,2025-11-17,2025-11-22,2025-11-22,50,50,Delivered
PO-11921,MED047,LOC004,SUP015,2025-11-17,2025-11-20,2025-11-20,110,110,Delivered
PO-11922,MED047,LOC006,SUP015,2025-11-17,2025-11-20,2025-11-20,580,580,Delivered
PO-11923,MED053,LOC004,SUP010,2025-11-17,2025-11-23,2025-11-23,50,50,Delivered
PO-11924,MED054,LOC004,SUP015,2025-11-17,2025-11-19,2025-11-19,50,50,Delivered
PO-11925,MED057,LOC006,SUP008,2025-11-17,2025-11-21,2025-11-21,520,520,Delivered
PO-11926,MED059,LOC007,SUP015,2025-11-17,2025-11-20,2025-11-20,50,50,Delivered
PO-11927,MED060,LOC005,SUP015,2025-11-17,2025-11-19,2025-11-19,50,50,Delivered
PO-11928,MED062,LOC003,SUP004,2025-11-17,2025-11-22,2025-11-22,1120,1120,Delivered
PO-11929,MED063,LOC006,SUP004,2025-11-17,2025-11-24,2025-11-24,360,360,Delivered
PO-11930,MED071,LOC005,SUP014,2025-11-17,2025-11-23,2025-11-23,60,60,Delivered
PO-11931,MED004,LOC002,SUP001,2025-11-18,2025-11-22,2025-11-22,190,190,Delivered
PO-11932,MED006,LOC006,SUP001,2025-11-18,2025-11-23,2025-11-23,1180,1180,Delivered
PO-11933,MED009,LOC001,SUP007,2025-11-18,2025-11-22,2025-11-22,1660,1660,Delivered
PO-11934,MED009,LOC007,SUP007,2025-11-18,2025-11-22,2025-11-22,100,100,Delivered
PO-11935,MED010,LOC003,SUP007,2025-11-18,2025-11-22,2025-11-22,800,800,Delivered
PO-11936,MED011,LOC001,SUP011,2025-11-18,2025-11-23,2025-11-23,430,430,Delivered
PO-11937,MED016,LOC001,SUP001,2025-11-18,2025-11-22,2025-11-25,2490,2490,Delayed
PO-11938,MED018,LOC001,SUP001,2025-11-18,2025-11-21,2025-11-21,2180,2180,Delivered
PO-11939,MED019,LOC001,SUP015,2025-11-18,2025-11-21,2025-11-21,1250,1250,Delivered
PO-11940,MED021,LOC004,SUP002,2025-11-18,2025-11-22,2025-11-22,240,240,Delivered
PO-11941,MED021,LOC006,SUP002,2025-11-18,2025-11-22,2025-11-22,1340,1340,Delivered
PO-11942,MED025,LOC002,SUP002,2025-11-18,2025-11-23,2025-11-23,1200,1200,Delivered
PO-11943,MED025,LOC006,SUP002,2025-11-18,2025-11-23,2025-11-23,2250,2250,Delivered
PO-11944,MED026,LOC007,SUP002,2025-11-18,2025-11-24,2025-11-24,140,140,Delivered
PO-11945,MED027,LOC001,SUP009,2025-11-18,2025-11-23,2025-11-23,1200,1200,Delivered
PO-11946,MED028,LOC005,SUP002,2025-11-18,2025-11-23,2025-11-23,240,240,Delivered
PO-11947,MED037,LOC002,SUP015,2025-11-18,2025-11-22,2025-11-22,1050,1050,Delivered
PO-11948,MED041,LOC007,SUP015,2025-11-18,2025-11-20,2025-11-20,50,50,Delivered
PO-11949,MED044,LOC001,SUP010,2025-11-18,2025-11-23,2025-11-23,510,510,Delivered
PO-11950,MED045,LOC004,SUP004,2025-11-18,2025-11-23,2025-11-23,120,120,Delivered
PO-11951,MED045,LOC005,SUP004,2025-11-18,2025-11-23,2025-11-23,260,260,Delivered
PO-11952,MED046,LOC001,SUP015,2025-11-18,2025-11-22,2025-11-22,1190,1190,Delivered
PO-11953,MED051,LOC001,SUP015,2025-11-18,2025-11-20,2025-11-20,3580,3580,Delivered
PO-11954,MED052,LOC002,SUP015,2025-11-18,2025-11-21,2025-11-21,210,210,Delivered
PO-11955,MED052,LOC006,SUP015,2025-11-18,2025-11-21,2025-11-21,350,350,Delivered
PO-11956,MED053,LOC002,SUP010,2025-11-18,2025-11-24,2025-11-24,120,120,Delivered
PO-11957,MED055,LOC003,SUP015,2025-11-18,2025-11-21,2025-11-21,890,890,Delivered
PO-11958,MED057,LOC005,SUP008,2025-11-18,2025-11-22,2025-11-22,260,260,Delivered
PO-11959,MED061,LOC004,SUP004,2025-11-18,2025-11-25,2025-11-25,160,160,Delivered
PO-11960,MED063,LOC002,SUP004,2025-11-18,2025-11-25,2025-11-25,170,170,Delivered
PO-11961,MED064,LOC005,SUP005,2025-11-18,2025-11-23,2025-11-23,840,840,Delivered
PO-11962,MED069,LOC005,SUP004,2025-11-18,2025-11-25,2025-11-25,1030,1030,Delivered
PO-11963,MED075,LOC007,SUP004,2025-11-18,2025-11-24,2025-11-24,50,50,Delivered
PO-11964,MED003,LOC004,SUP001,2025-11-19,2025-11-22,2025-11-22,60,60,Delivered
PO-11965,MED004,LOC003,SUP001,2025-11-19,2025-11-23,2025-11-23,380,380,Delivered
PO-11966,MED008,LOC002,SUP001,2025-11-19,2025-11-24,2025-11-24,260,260,Delivered
PO-11967,MED010,LOC007,SUP007,2025-11-19,2025-11-23,2025-11-23,70,70,Delivered
PO-11968,MED013,LOC002,SUP007,2025-11-19,2025-11-24,2025-11-24,140,140,Delivered
PO-11969,MED014,LOC007,SUP007,2025-11-19,2025-11-22,2025-11-22,50,50,Delivered
PO-11970,MED020,LOC004,SUP004,2025-11-19,2025-11-24,2025-11-24,140,140,Delivered
PO-11971,MED021,LOC002,SUP002,2025-11-19,2025-11-23,2025-11-23,700,700,Delivered
PO-11972,MED022,LOC006,SUP002,2025-11-19,2025-11-23,2025-11-23,790,790,Delivered
PO-11973,MED023,LOC007,SUP002,2025-11-19,2025-11-23,2025-11-23,140,140,Delivered
PO-11974,MED026,LOC003,SUP002,2025-11-19,2025-11-25,2025-11-25,1830,1830,Delivered
PO-11975,MED027,LOC005,SUP009,2025-11-19,2025-11-24,2025-11-24,390,390,Delivered
PO-11976,MED031,LOC004,SUP015,2025-11-19,2025-11-22,2025-11-22,220,220,Delivered
PO-11977,MED033,LOC005,SUP004,2025-11-19,2025-11-25,2025-11-25,60,60,Delivered
PO-11978,MED034,LOC006,SUP013,2025-11-19,2025-11-25,2025-11-25,280,280,Delivered
PO-11979,MED038,LOC005,SUP015,2025-11-19,2025-11-21,2025-11-21,70,70,Delivered
PO-11980,MED039,LOC003,SUP006,2025-11-19,2025-11-27,2025-11-27,60,60,Delivered
PO-11981,MED040,LOC006,SUP004,2025-11-19,2025-11-24,2025-11-24,120,120,Delivered
PO-11982,MED041,LOC005,SUP015,2025-11-19,2025-11-21,2025-11-21,80,80,Delivered
PO-11983,MED048,LOC005,SUP015,2025-11-19,2025-11-21,2025-11-21,160,160,Delivered
PO-11984,MED048,LOC007,SUP015,2025-11-19,2025-11-21,2025-11-21,50,50,Delivered
PO-11985,MED050,LOC006,SUP005,2025-11-19,2025-11-23,2025-11-23,3370,3370,Delivered
PO-11986,MED050,LOC007,SUP005,2025-11-19,2025-11-23,2025-11-23,240,240,Delivered
PO-11987,MED051,LOC002,SUP015,2025-11-19,2025-11-21,2025-11-21,1460,1460,Delivered
PO-11988,MED051,LOC003,SUP015,2025-11-19,2025-11-21,2025-11-21,2690,2690,Delivered
PO-11989,MED060,LOC003,SUP015,2025-11-19,2025-11-21,2025-11-21,70,70,Delivered
PO-11990,MED067,LOC003,SUP012,2025-11-19,2025-11-25,2025-11-25,750,750,Delivered
PO-11991,MED069,LOC001,SUP004,2025-11-19,2025-11-26,2025-11-26,3290,3290,Delivered
PO-11992,MED069,LOC003,SUP004,2025-11-19,2025-11-26,2025-11-26,2520,2520,Delivered
PO-11993,MED070,LOC003,SUP004,2025-11-19,2025-11-25,2025-11-25,460,460,Delivered
PO-11994,MED070,LOC005,SUP004,2025-11-19,2025-11-25,2025-11-25,160,160,Delivered
PO-11995,MED072,LOC001,SUP006,2025-11-19,2025-11-26,2025-11-26,80,80,Delivered
PO-11996,MED001,LOC002,SUP001,2025-11-20,2025-11-25,2025-11-25,340,340,Delivered
PO-11997,MED002,LOC004,SUP010,2025-11-20,2025-11-27,2025-11-27,100,100,Delivered
PO-11998,MED006,LOC002,SUP001,2025-11-20,2025-11-25,2025-11-25,420,420,Delivered
PO-11999,MED007,LOC003,SUP011,2025-11-20,2025-11-23,2025-11-23,1220,1220,Delivered
PO-12000,MED010,LOC002,SUP007,2025-11-20,2025-11-24,2025-11-24,420,420,Delivered
PO-12001,MED011,LOC007,SUP011,2025-11-20,2025-11-25,2025-11-25,80,80,Delivered
PO-12002,MED012,LOC003,SUP007,2025-11-20,2025-11-24,2025-11-24,650,650,Delivered
PO-12003,MED014,LOC006,SUP007,2025-11-20,2025-11-23,2025-11-23,360,360,Delivered
PO-12004,MED016,LOC003,SUP001,2025-11-20,2025-11-24,2025-11-24,1980,1980,Delivered
PO-12005,MED019,LOC007,SUP015,2025-11-20,2025-11-23,2025-11-23,90,90,Delivered
PO-12006,MED021,LOC001,SUP002,2025-11-20,2025-11-24,2025-11-24,1820,1820,Delivered
PO-12007,MED022,LOC005,SUP002,2025-11-20,2025-11-24,2025-11-24,360,360,Delivered
PO-12008,MED027,LOC003,SUP009,2025-11-20,2025-11-25,2025-11-25,950,950,Delivered
PO-12009,MED030,LOC002,SUP004,2025-11-20,2025-11-25,2025-11-25,90,90,Delivered
PO-12010,MED030,LOC007,SUP004,2025-11-20,2025-11-25,2025-11-25,50,50,Delivered
PO-12011,MED031,LOC006,SUP015,2025-11-20,2025-11-23,2025-11-23,1050,1050,Delivered
PO-12012,MED032,LOC001,SUP009,2025-11-20,2025-11-23,2025-11-23,650,650,Delivered
PO-12013,MED037,LOC003,SUP015,2025-11-20,2025-11-24,2025-11-24,2090,2090,Delivered
PO-12014,MED040,LOC001,SUP004,2025-11-20,2025-11-25,2025-11-26,140,140,Delayed
PO-12015,MED043,LOC003,SUP003,2025-11-20,2025-11-22,2025-11-22,200,200,Delivered
PO-12016,MED046,LOC003,SUP015,2025-11-20,2025-11-24,2025-11-24,970,970,Delivered
PO-12017,MED049,LOC006,SUP015,2025-11-20,2025-11-23,2025-11-23,1860,1860,Delivered
PO-12018,MED051,LOC006,SUP015,2025-11-20,2025-11-22,2025-11-22,2530,2530,Delivered
PO-12019,MED054,LOC007,SUP015,2025-11-20,2025-11-22,2025-11-22,50,50,Delivered
PO-12020,MED055,LOC001,SUP015,2025-11-20,2025-11-23,2025-11-23,1120,1120,Delivered
PO-12021,MED059,LOC006,SUP015,2025-11-20,2025-11-23,2025-11-23,490,490,Delivered
PO-12022,MED063,LOC003,SUP004,2025-11-20,2025-11-27,2025-11-27,380,380,Delivered
PO-12023,MED066,LOC007,SUP004,2025-11-20,2025-11-26,2025-11-26,80,80,Delivered
PO-12024,MED074,LOC006,SUP006,2025-11-20,2025-11-28,2025-11-28,70,70,Delivered
PO-12025,MED075,LOC001,SUP004,2025-11-20,2025-11-26,2025-11-26,830,830,Delivered
PO-12026,MED075,LOC005,SUP004,2025-11-20,2025-11-26,2025-11-27,290,290,Delayed
PO-12027,MED009,LOC004,SUP007,2025-11-21,2025-11-25,2025-11-25,240,240,Delivered
PO-12028,MED010,LOC001,SUP007,2025-11-21,2025-11-25,2025-11-25,990,990,Delivered
PO-12029,MED010,LOC005,SUP007,2025-11-21,2025-11-25,2025-11-25,360,360,Delivered
PO-12030,MED012,LOC002,SUP007,2025-11-21,2025-11-25,2025-11-25,330,330,Delivered
PO-12031,MED013,LOC004,SUP007,2025-11-21,2025-11-26,2025-11-26,50,50,Delivered
PO-12032,MED015,LOC006,SUP011,2025-11-21,2025-11-24,2025-11-24,430,430,Delivered
PO-12033,MED018,LOC006,SUP001,2025-11-21,2025-11-24,2025-11-24,1610,1610,Delivered
PO-12034,MED019,LOC006,SUP015,2025-11-21,2025-11-24,2025-11-24,950,950,Delivered
PO-12035,MED024,LOC005,SUP009,2025-11-21,2025-11-26,2025-11-26,620,620,Delivered
PO-12036,MED026,LOC001,SUP002,2025-11-21,2025-11-27,2025-11-27,2300,2300,Delivered
PO-12037,MED026,LOC004,SUP002,2025-11-21,2025-11-27,2025-11-27,370,370,Delivered
PO-12038,MED031,LOC001,SUP015,2025-11-21,2025-11-24,2025-11-24,1400,1400,Delivered
PO-12039,MED034,LOC005,SUP013,2025-11-21,2025-11-27,2025-11-27,120,120,Delivered
PO-12040,MED053,LOC001,SUP010,2025-11-21,2025-11-27,2025-11-27,300,300,Delivered
PO-12041,MED055,LOC006,SUP015,2025-11-21,2025-11-24,2025-11-24,770,770,Delivered
PO-12042,MED057,LOC004,SUP008,2025-11-21,2025-11-25,2025-11-25,310,310,Delivered
PO-12043,MED062,LOC005,SUP004,2025-11-21,2025-11-26,2025-11-26,470,470,Delivered
PO-12044,MED065,LOC007,SUP015,2025-11-21,2025-11-23,2025-11-23,70,70,Delivered
PO-12045,MED067,LOC006,SUP012,2025-11-21,2025-11-27,2025-11-27,720,720,Delivered
PO-12046,MED067,LOC007,SUP012,2025-11-21,2025-11-27,2025-11-27,80,80,Delivered
PO-12047,MED072,LOC006,SUP006,2025-11-21,2025-11-28,2025-11-28,60,60,Delivered
PO-12048,MED073,LOC002,SUP004,2025-11-21,2025-11-27,2025-11-27,80,80,Delivered
PO-12049,MED074,LOC002,SUP006,2025-11-21,2025-11-29,2025-11-29,50,50,Delivered
PO-12050,MED002,LOC006,SUP010,2025-11-22,2025-11-29,2025-11-29,700,700,Delivered
PO-12051,MED005,LOC002,SUP001,2025-11-22,2025-11-27,2025-11-27,130,130,Delivered
PO-12052,MED005,LOC004,SUP001,2025-11-22,2025-11-27,2025-11-27,60,60,Delivered
PO-12053,MED005,LOC006,SUP001,2025-11-22,2025-11-27,2025-11-27,420,420,Delivered
PO-12054,MED007,LOC002,SUP011,2025-11-22,2025-11-25,2025-11-25,630,630,Delivered
PO-12055,MED009,LOC003,SUP007,2025-11-22,2025-11-26,2025-11-26,1300,1300,Delivered
PO-12056,MED018,LOC003,SUP001,2025-11-22,2025-11-25,2025-11-25,1820,1820,Delivered
PO-12057,MED020,LOC002,SUP004,2025-11-22,2025-11-27,2025-11-27,330,330,Delivered
PO-12058,MED033,LOC006,SUP004,2025-11-22,2025-11-28,2025-11-28,140,140,Delivered
PO-12059,MED044,LOC004,SUP010,2025-11-22,2025-11-27,2025-11-27,70,70,Delivered
PO-12060,MED046,LOC002,SUP015,2025-11-22,2025-11-26,2025-11-26,450,450,Delivered
PO-12061,MED049,LOC003,SUP015,2025-11-22,2025-11-25,2025-11-25,1870,1870,Delivered
PO-12062,MED049,LOC007,SUP015,2025-11-22,2025-11-25,2025-11-25,150,150,Delivered
PO-12063,MED053,LOC006,SUP010,2025-11-22,2025-11-28,2025-11-28,300,300,Delivered
PO-12064,MED055,LOC002,SUP015,2025-11-22,2025-11-25,2025-11-25,460,460,Delivered
PO-12065,MED058,LOC002,SUP008,2025-11-22,2025-11-27,2025-11-27,280,280,Delivered
PO-12066,MED066,LOC002,SUP004,2025-11-22,2025-11-28,2025-11-28,530,530,Delivered
PO-12067,MED070,LOC006,SUP004,2025-11-22,2025-11-28,2025-11-28,400,400,Delivered
PO-12068,MED071,LOC006,SUP014,2025-11-22,2025-11-28,2025-11-28,130,130,Delivered
PO-12069,MED075,LOC003,SUP004,2025-11-22,2025-11-28,2025-11-28,620,620,Delivered
PO-12070,MED007,LOC006,SUP011,2025-11-23,2025-11-26,2025-11-26,1230,1230,Delivered
PO-12071,MED016,LOC005,SUP001,2025-11-23,2025-11-27,2025-11-27,810,810,Delivered
PO-12072,MED018,LOC005,SUP001,2025-11-23,2025-11-26,2025-11-26,740,740,Delivered
PO-12073,MED023,LOC003,SUP002,2025-11-23,2025-11-27,2025-11-27,1430,1430,Delivered
PO-12074,MED032,LOC006,SUP009,2025-11-23,2025-11-26,2025-11-26,520,520,Delivered
PO-12075,MED034,LOC004,SUP013,2025-11-23,2025-11-29,2025-11-29,60,60,Delivered
PO-12076,MED036,LOC001,SUP003,2025-11-23,2025-11-25,2025-11-25,2430,2430,Delivered
PO-12077,MED036,LOC006,SUP003,2025-11-23,2025-11-25,2025-11-25,1640,1640,Delivered
PO-12078,MED037,LOC005,SUP015,2025-11-23,2025-11-27,2025-11-27,880,880,Delivered
PO-12079,MED045,LOC006,SUP004,2025-11-23,2025-11-28,2025-11-28,590,590,Delivered
PO-12080,MED046,LOC005,SUP015,2025-11-23,2025-11-27,2025-11-27,400,400,Delivered
PO-12081,MED047,LOC005,SUP015,2025-11-23,2025-11-26,2025-11-26,250,250,Delivered
PO-12082,MED048,LOC004,SUP015,2025-11-23,2025-11-25,2025-11-28,90,90,Delayed
PO-12083,MED049,LOC002,SUP015,2025-11-23,2025-11-26,2025-11-26,1040,1040,Delivered
PO-12084,MED051,LOC007,SUP015,2025-11-23,2025-11-25,2025-11-25,180,180,Delivered
PO-12085,MED052,LOC007,SUP015,2025-11-23,2025-11-26,2025-11-26,50,50,Delivered
PO-12086,MED060,LOC006,SUP015,2025-11-23,2025-11-25,2025-11-25,80,80,Delivered
PO-12087,MED063,LOC005,SUP004,2025-11-23,2025-11-30,2025-12-01,150,150,Delayed
PO-12088,MED066,LOC001,SUP004,2025-11-23,2025-11-29,2025-11-29,1300,1300,Delivered
PO-12089,MED069,LOC006,SUP004,2025-11-23,2025-11-30,2025-11-30,3450,3450,Delivered
PO-12090,MED074,LOC003,SUP006,2025-11-23,2025-12-01,2025-12-01,80,80,Delivered
PO-12091,MED002,LOC007,SUP010,2025-11-24,2025-12-01,2025-12-01,50,50,Delivered
PO-12092,MED004,LOC004,SUP001,2025-11-24,2025-11-28,2025-11-28,70,70,Delivered
PO-12093,MED004,LOC005,SUP001,2025-11-24,2025-11-28,2025-11-28,150,150,Delivered
PO-12094,MED007,LOC007,SUP011,2025-11-24,2025-11-27,2025-11-27,340,340,Delivered
PO-12095,MED011,LOC004,SUP011,2025-11-24,2025-11-29,2025-11-29,50,50,Delivered
PO-12096,MED012,LOC005,SUP007,2025-11-24,2025-11-28,2025-11-28,270,270,Delivered
PO-12097,MED015,LOC001,SUP011,2025-11-24,2025-11-27,2025-11-27,600,600,Delivered
PO-12098,MED017,LOC005,SUP001,2025-11-24,2025-11-29,2025-11-29,550,550,Delivered
PO-12099,MED018,LOC002,SUP001,2025-11-24,2025-11-27,2025-11-27,920,920,Delivered
PO-12100,MED019,LOC003,SUP015,2025-11-24,2025-11-27,2025-11-27,1010,1010,Delivered
PO-12101,MED020,LOC005,SUP004,2025-11-24,2025-11-29,2025-11-29,360,360,Delivered
PO-12102,MED021,LOC007,SUP002,2025-11-24,2025-11-28,2025-11-28,120,120,Delivered
PO-12103,MED022,LOC002,SUP002,2025-11-24,2025-11-28,2025-11-28,470,470,Delivered
PO-12104,MED026,LOC006,SUP002,2025-11-24,2025-11-30,2025-11-30,1860,1860,Delivered
PO-12105,MED029,LOC003,SUP015,2025-11-24,2025-11-27,2025-11-27,250,250,Delivered
PO-12106,MED029,LOC007,SUP015,2025-11-24,2025-11-27,2025-11-27,50,50,Delivered
PO-12107,MED030,LOC005,SUP004,2025-11-24,2025-11-29,2025-11-29,90,90,Delivered
PO-12108,MED039,LOC006,SUP006,2025-11-24,2025-12-02,2025-12-02,90,90,Delivered
PO-12109,MED040,LOC003,SUP004,2025-11-24,2025-11-29,2025-11-29,120,120,Delivered
PO-12110,MED043,LOC006,SUP003,2025-11-24,2025-11-26,2025-11-26,210,210,Delivered
PO-12111,MED044,LOC006,SUP010,2025-11-24,2025-11-29,2025-11-29,430,430,Delivered
PO-12112,MED046,LOC007,SUP015,2025-11-24,2025-11-28,2025-11-28,70,70,Delivered
PO-12113,MED050,LOC001,SUP005,2025-11-24,2025-11-28,2025-11-28,4460,4460,Delivered
PO-12114,MED050,LOC003,SUP005,2025-11-24,2025-11-28,2025-11-28,3610,3610,Delivered
PO-12115,MED051,LOC005,SUP015,2025-11-24,2025-11-26,2025-11-26,1190,1190,Delivered
PO-12116,MED052,LOC001,SUP015,2025-11-24,2025-11-27,2025-11-27,460,460,Delivered
PO-12117,MED054,LOC005,SUP015,2025-11-24,2025-11-26,2025-11-26,140,140,Delivered
PO-12118,MED057,LOC002,SUP008,2025-11-24,2025-11-28,2025-11-28,330,330,Delivered
PO-12119,MED058,LOC004,SUP008,2025-11-24,2025-11-29,2025-11-29,290,290,Delivered
PO-12120,MED061,LOC003,SUP004,2025-11-24,2025-12-01,2025-12-01,1030,1030,Delivered
PO-12121,MED065,LOC006,SUP015,2025-11-24,2025-11-26,2025-11-26,680,680,Delivered
PO-12122,MED066,LOC003,SUP004,2025-11-24,2025-11-30,2025-11-30,1010,1010,Delivered
PO-12123,MED066,LOC006,SUP004,2025-11-24,2025-11-30,2025-11-30,890,890,Delivered
PO-12124,MED067,LOC001,SUP012,2025-11-24,2025-11-30,2025-11-30,1030,1030,Delivered
PO-12125,MED067,LOC002,SUP012,2025-11-24,2025-11-30,2025-11-30,420,420,Delivered
PO-12126,MED067,LOC004,SUP012,2025-11-24,2025-11-30,2025-11-30,150,150,Delivered
PO-12127,MED067,LOC005,SUP012,2025-11-24,2025-11-30,2025-11-30,360,360,Delivered
PO-12128,MED068,LOC004,SUP004,2025-11-24,2025-11-30,2025-11-30,590,590,Delivered
PO-12129,MED068,LOC005,SUP004,2025-11-24,2025-11-30,2025-11-30,1530,1530,Delivered
PO-12130,MED075,LOC006,SUP004,2025-11-24,2025-11-30,2025-11-30,560,560,Delivered
PO-12131,MED001,LOC001,SUP001,2025-11-25,2025-11-30,2025-11-30,930,930,Delivered
PO-12132,MED011,LOC002,SUP011,2025-11-25,2025-11-30,2025-11-30,170,170,Delivered
PO-12133,MED011,LOC005,SUP011,2025-11-25,2025-11-30,2025-11-30,140,140,Delivered
PO-12134,MED014,LOC003,SUP007,2025-11-25,2025-11-28,2025-11-28,400,400,Delivered
PO-12135,MED014,LOC004,SUP007,2025-11-25,2025-11-28,2025-11-28,90,90,Delivered
PO-12136,MED016,LOC002,SUP001,2025-11-25,2025-11-29,2025-11-29,880,880,Delivered
PO-12137,MED019,LOC005,SUP015,2025-11-25,2025-11-28,2025-11-28,450,450,Delivered
PO-12138,MED021,LOC005,SUP002,2025-11-25,2025-11-29,2025-11-29,600,600,Delivered
PO-12139,MED023,LOC001,SUP002,2025-11-25,2025-11-29,2025-12-02,1870,1870,Delayed
PO-12140,MED024,LOC006,SUP009,2025-11-25,2025-11-30,2025-11-30,1400,1400,Delivered
PO-12141,MED024,LOC007,SUP009,2025-11-25,2025-11-30,2025-11-30,110,110,Delivered
PO-12142,MED029,LOC001,SUP015,2025-11-25,2025-11-28,2025-11-28,300,300,Delivered
PO-12143,MED029,LOC002,SUP015,2025-11-25,2025-11-28,2025-11-28,130,130,Delivered
PO-12144,MED032,LOC005,SUP009,2025-11-25,2025-11-28,2025-11-28,260,260,Delivered
PO-12145,MED034,LOC001,SUP013,2025-11-25,2025-12-01,2025-12-01,330,330,Delivered
PO-12146,MED037,LOC007,SUP015,2025-11-25,2025-11-29,2025-11-29,160,160,Delivered
PO-12147,MED040,LOC002,SUP004,2025-11-25,2025-11-30,2025-11-30,70,70,Delivered
PO-12148,MED040,LOC005,SUP004,2025-11-25,2025-11-30,2025-12-03,50,50,Delayed
PO-12149,MED041,LOC003,SUP015,2025-11-25,2025-11-27,2025-11-27,220,220,Delivered
PO-12150,MED042,LOC007,SUP003,2025-11-25,2025-11-27,2025-11-27,50,50,Delivered
PO-12151,MED047,LOC001,SUP015,2025-11-25,2025-11-28,2025-11-28,720,720,Delivered
PO-12152,MED053,LOC003,SUP010,2025-11-25,2025-12-01,2025-12-01,240,240,Delivered
PO-12153,MED055,LOC007,SUP015,2025-11-25,2025-11-28,2025-11-28,60,60,Delivered
PO-12154,MED056,LOC001,SUP005,2025-11-25,2025-11-30,2025-11-30,860,860,Delivered
PO-12155,MED057,LOC003,SUP008,2025-11-25,2025-11-29,2025-11-29,540,540,Delivered
PO-12156,MED058,LOC005,SUP008,2025-11-25,2025-11-30,2025-11-30,230,230,Delivered
PO-12157,MED059,LOC002,SUP015,2025-11-25,2025-11-28,2025-11-28,260,260,Delivered
PO-12158,MED061,LOC001,SUP004,2025-11-25,2025-12-02,2025-12-02,1230,1230,Delivered
PO-12159,MED061,LOC005,SUP004,2025-11-25,2025-12-02,2025-12-02,450,450,Delivered
PO-12160,MED063,LOC007,SUP004,2025-11-25,2025-12-02,2025-12-02,50,50,Delivered
PO-12161,MED066,LOC004,SUP004,2025-11-25,2025-12-01,2025-12-01,150,150,Delivered
PO-12162,MED066,LOC005,SUP004,2025-11-25,2025-12-01,2025-12-01,430,430,Delivered
PO-12163,MED068,LOC001,SUP004,2025-11-25,2025-12-01,2025-12-01,4360,4360,Delivered
PO-12164,MED069,LOC004,SUP004,2025-11-25,2025-12-02,2025-12-02,460,460,Delivered
PO-12165,MED071,LOC002,SUP014,2025-11-25,2025-12-01,2025-12-01,70,70,Delivered
PO-12166,MED073,LOC001,SUP004,2025-11-25,2025-12-01,2025-12-01,260,260,Delivered
PO-12167,MED002,LOC005,SUP010,2025-11-26,2025-12-03,2025-12-03,200,200,Delivered
PO-12168,MED006,LOC004,SUP001,2025-11-26,2025-12-01,2025-12-01,160,160,Delivered
PO-12169,MED007,LOC001,SUP011,2025-11-26,2025-11-29,2025-11-29,1420,1420,Delivered
PO-12170,MED007,LOC005,SUP011,2025-11-26,2025-11-29,2025-11-29,510,510,Delivered
PO-12171,MED008,LOC001,SUP001,2025-11-26,2025-12-01,2025-12-01,620,620,Delivered
PO-12172,MED008,LOC003,SUP001,2025-11-26,2025-12-01,2025-12-01,500,500,Delivered
PO-12173,MED008,LOC006,SUP001,2025-11-26,2025-12-01,2025-12-01,480,480,Delivered
PO-12174,MED013,LOC005,SUP007,2025-11-26,2025-12-01,2025-12-01,100,100,Delivered
PO-12175,MED014,LOC001,SUP007,2025-11-26,2025-11-29,2025-11-29,500,500,Delivered
PO-12176,MED019,LOC004,SUP015,2025-11-26,2025-11-29,2025-11-29,190,190,Delivered
PO-12177,MED020,LOC006,SUP004,2025-11-26,2025-12-01,2025-12-01,720,720,Delivered
PO-12178,MED022,LOC004,SUP002,2025-11-26,2025-11-30,2025-11-30,170,170,Delivered
PO-12179,MED023,LOC006,SUP002,2025-11-26,2025-11-30,2025-11-30,1340,1340,Delivered
PO-12180,MED025,LOC005,SUP002,2025-11-26,2025-12-01,2025-12-01,990,990,Delivered
PO-12181,MED025,LOC007,SUP002,2025-11-26,2025-12-01,2025-12-01,190,190,Delivered
PO-12182,MED026,LOC002,SUP002,2025-11-26,2025-12-02,2025-12-02,920,920,Delivered
PO-12183,MED027,LOC002,SUP009,2025-11-26,2025-12-01,2025-12-01,540,540,Delivered
PO-12184,MED029,LOC006,SUP015,2025-11-26,2025-11-29,2025-11-29,260,260,Delivered
PO-12185,MED032,LOC004,SUP009,2025-11-26,2025-11-29,2025-11-29,100,100,Delivered
PO-12186,MED033,LOC002,SUP004,2025-11-26,2025-12-02,2025-12-02,80,80,Delivered
PO-12187,MED034,LOC002,SUP013,2025-11-26,2025-12-02,2025-12-05,140,140,Delayed
PO-12188,MED034,LOC007,SUP013,2025-11-26,2025-12-02,2025-12-02,50,50,Delivered
PO-12189,MED035,LOC006,SUP015,2025-11-26,2025-11-28,2025-11-28,230,230,Delivered
PO-12190,MED036,LOC003,SUP003,2025-11-26,2025-11-28,2025-11-28,1840,1840,Delivered
PO-12191,MED045,LOC001,SUP004,2025-11-26,2025-12-01,2025-12-01,860,860,Delivered
PO-12192,MED050,LOC004,SUP005,2025-11-26,2025-11-30,2025-11-30,1660,1660,Delivered
PO-12193,MED053,LOC005,SUP010,2025-11-26,2025-12-02,2025-12-02,90,90,Delivered
PO-12194,MED054,LOC006,SUP015,2025-11-26,2025-11-28,2025-11-28,330,330,Delivered
PO-12195,MED058,LOC006,SUP008,2025-11-26,2025-12-01,2025-12-01,630,630,Delivered
PO-12196,MED059,LOC001,SUP015,2025-11-26,2025-11-29,2025-11-29,630,630,Delivered
PO-12197,MED062,LOC007,SUP004,2025-11-26,2025-12-01,2025-12-01,90,90,Delivered
PO-12198,MED064,LOC003,SUP005,2025-11-26,2025-12-01,2025-12-01,2170,2170,Delivered
PO-12199,MED068,LOC002,SUP004,2025-11-26,2025-12-02,2025-12-02,1730,1730,Delivered
PO-12200,MED073,LOC003,SUP004,2025-11-26,2025-12-02,2025-12-02,180,180,Delivered
PO-12201,MED003,LOC001,SUP001,2025-11-27,2025-11-30,2025-11-30,360,360,Delivered
PO-12202,MED006,LOC001,SUP001,2025-11-27,2025-12-02,2025-12-02,1070,1070,Delivered
PO-12203,MED009,LOC005,SUP007,2025-11-27,2025-12-01,2025-12-01,530,530,Delivered
PO-12204,MED010,LOC004,SUP007,2025-11-27,2025-12-01,2025-12-01,150,150,Delivered
PO-12205,MED013,LOC003,SUP007,2025-11-27,2025-12-02,2025-12-02,250,250,Delivered
PO-12206,MED013,LOC007,SUP007,2025-11-27,2025-12-02,2025-12-02,50,50,Delivered
PO-12207,MED014,LOC005,SUP007,2025-11-27,2025-11-30,2025-11-30,190,190,Delivered
PO-12208,MED015,LOC002,SUP011,2025-11-27,2025-11-30,2025-11-30,240,240,Delivered
PO-12209,MED015,LOC004,SUP011,2025-11-27,2025-11-30,2025-11-30,90,90,Delivered
PO-12210,MED020,LOC003,SUP004,2025-11-27,2025-12-02,2025-12-02,820,820,Delivered
PO-12211,MED020,LOC007,SUP004,2025-11-27,2025-12-02,2025-12-02,230,230,Delivered
PO-12212,MED024,LOC003,SUP009,2025-11-27,2025-12-02,2025-12-02,1500,1500,Delivered
PO-12213,MED026,LOC005,SUP002,2025-11-27,2025-12-03,2025-12-03,810,810,Delivered
PO-12214,MED029,LOC005,SUP015,2025-11-27,2025-11-30,2025-11-30,100,100,Delivered
PO-12215,MED031,LOC002,SUP015,2025-11-27,2025-11-30,2025-11-30,680,680,Delivered
PO-12216,MED031,LOC003,SUP015,2025-11-27,2025-11-30,2025-11-30,1140,1140,Delivered
PO-12217,MED033,LOC001,SUP004,2025-11-27,2025-12-03,2025-12-03,220,220,Delivered
PO-12218,MED035,LOC003,SUP015,2025-11-27,2025-11-29,2025-11-29,210,210,Delivered
PO-12219,MED036,LOC005,SUP003,2025-11-27,2025-11-29,2025-11-29,780,780,Delivered
PO-12220,MED036,LOC007,SUP003,2025-11-27,2025-11-29,2025-11-29,140,140,Delivered
PO-12221,MED041,LOC001,SUP015,2025-11-27,2025-11-29,2025-11-29,260,260,Delivered
PO-12222,MED042,LOC003,SUP003,2025-11-27,2025-11-29,2025-11-29,650,650,Delivered
PO-12223,MED045,LOC007,SUP004,2025-11-27,2025-12-02,2025-12-02,60,60,Delivered
PO-12224,MED049,LOC001,SUP015,2025-11-27,2025-11-30,2025-11-30,2550,2550,Delivered
PO-12225,MED049,LOC005,SUP015,2025-11-27,2025-11-30,2025-12-01,900,900,Delayed
PO-12226,MED052,LOC003,SUP015,2025-11-27,2025-11-30,2025-11-30,310,310,Delivered
PO-12227,MED054,LOC001,SUP015,2025-11-27,2025-11-29,2025-11-29,430,430,Delivered
PO-12228,MED056,LOC007,SUP005,2025-11-27,2025-12-02,2025-12-02,50,50,Delivered
PO-12229,MED058,LOC001,SUP008,2025-11-27,2025-12-02,2025-12-02,840,840,Delivered
PO-12230,MED061,LOC002,SUP004,2025-11-27,2025-12-04,2025-12-04,460,460,Delivered
PO-12231,MED061,LOC007,SUP004,2025-11-27,2025-12-04,2025-12-04,80,80,Delivered
PO-12232,MED062,LOC004,SUP004,2025-11-27,2025-12-02,2025-12-02,180,180,Delivered
PO-12233,MED064,LOC001,SUP005,2025-11-27,2025-12-02,2025-12-02,2580,2580,Delivered
PO-12234,MED064,LOC002,SUP005,2025-11-27,2025-12-02,2025-12-02,1110,1110,Delivered
PO-12235,MED064,LOC006,SUP005,2025-11-27,2025-12-02,2025-12-02,1810,1810,Delivered
PO-12236,MED065,LOC002,SUP015,2025-11-27,2025-11-29,2025-11-29,410,410,Delivered
PO-12237,MED068,LOC003,SUP004,2025-11-27,2025-12-03,2025-12-06,3520,3520,Delayed
PO-12238,MED071,LOC001,SUP014,2025-11-27,2025-12-03,2025-12-06,160,160,Delayed
PO-12239,MED073,LOC006,SUP004,2025-11-27,2025-12-03,2025-12-03,140,140,Delivered
PO-12240,MED074,LOC004,SUP006,2025-11-27,2025-12-05,2025-12-05,50,50,Delivered
PO-12241,MED003,LOC003,SUP001,2025-11-28,2025-12-01,2025-12-01,260,260,Delivered
PO-12242,MED005,LOC001,SUP001,2025-11-28,2025-12-03,2025-12-03,370,370,Delivered
PO-12243,MED012,LOC004,SUP007,2025-11-28,2025-12-02,2025-12-02,130,130,Delivered
PO-12244,MED015,LOC003,SUP011,2025-11-28,2025-12-01,2025-12-01,460,460,Delivered
PO-12245,MED015,LOC007,SUP011,2025-11-28,2025-12-01,2025-12-01,150,150,Delivered
PO-12246,MED017,LOC001,SUP001,2025-11-28,2025-12-03,2025-12-03,1450,1450,Delivered
PO-12247,MED017,LOC006,SUP001,2025-11-28,2025-12-03,2025-12-03,1120,1120,Delivered
PO-12248,MED017,LOC007,SUP001,2025-11-28,2025-12-03,2025-12-03,80,80,Delivered
PO-12249,MED020,LOC001,SUP004,2025-11-28,2025-12-03,2025-12-03,1020,1020,Delivered
PO-12250,MED027,LOC004,SUP009,2025-11-28,2025-12-03,2025-12-03,160,160,Delivered
PO-12251,MED030,LOC003,SUP004,2025-11-28,2025-12-03,2025-12-03,190,190,Delivered
PO-12252,MED033,LOC003,SUP004,2025-11-28,2025-12-04,2025-12-04,150,150,Delivered
PO-12253,MED041,LOC006,SUP015,2025-11-28,2025-11-30,2025-11-30,190,190,Delivered
PO-12254,MED042,LOC001,SUP003,2025-11-28,2025-11-30,2025-11-30,840,840,Delivered
PO-12255,MED043,LOC005,SUP003,2025-11-28,2025-11-30,2025-11-30,100,100,Delivered
PO-12256,MED047,LOC007,SUP015,2025-11-28,2025-12-01,2025-12-01,50,50,Delivered
PO-12257,MED048,LOC001,SUP015,2025-11-28,2025-11-30,2025-11-30,520,520,Delivered
PO-12258,MED048,LOC003,SUP015,2025-11-28,2025-11-30,2025-11-30,420,420,Delivered
PO-12259,MED056,LOC002,SUP005,2025-11-28,2025-12-03,2025-12-03,370,370,Delivered
PO-12260,MED059,LOC003,SUP015,2025-11-28,2025-12-01,2025-12-01,530,530,Delivered
PO-12261,MED059,LOC005,SUP015,2025-11-28,2025-12-01,2025-12-01,200,200,Delivered
PO-12262,MED061,LOC004,SUP004,2025-11-28,2025-12-05,2025-12-05,200,200,Delivered
PO-12263,MED063,LOC001,SUP004,2025-11-28,2025-12-05,2025-12-05,480,480,Delivered
PO-12264,MED065,LOC001,SUP015,2025-11-28,2025-11-30,2025-11-30,960,960,Delivered
PO-12265,MED068,LOC006,SUP004,2025-11-28,2025-12-04,2025-12-04,4660,4660,Delivered
PO-12266,MED069,LOC007,SUP004,2025-11-28,2025-12-05,2025-12-05,170,170,Delivered
PO-12267,MED070,LOC001,SUP004,2025-11-28,2025-12-04,2025-12-04,490,490,Delivered
PO-12268,MED072,LOC001,SUP006,2025-11-28,2025-12-05,2025-12-05,90,90,Delivered
PO-12269,MED072,LOC002,SUP006,2025-11-28,2025-12-05,2025-12-05,50,50,Delivered
PO-12270,MED001,LOC003,SUP001,2025-11-29,2025-12-04,2025-12-04,740,740,Delivered
PO-12271,MED003,LOC002,SUP001,2025-11-29,2025-12-02,2025-12-02,170,170,Delivered
PO-12272,MED011,LOC006,SUP011,2025-11-29,2025-12-04,2025-12-04,330,330,Delivered
PO-12273,MED013,LOC001,SUP007,2025-11-29,2025-12-04,2025-12-04,300,300,Delivered
PO-12274,MED017,LOC003,SUP001,2025-11-29,2025-12-04,2025-12-04,1150,1150,Delivered
PO-12275,MED024,LOC002,SUP009,2025-11-29,2025-12-04,2025-12-04,730,730,Delivered
PO-12276,MED024,LOC004,SUP009,2025-11-29,2025-12-04,2025-12-04,250,250,Delivered
PO-12277,MED028,LOC001,SUP002,2025-11-29,2025-12-04,2025-12-04,720,720,Delivered
PO-12278,MED028,LOC006,SUP002,2025-11-29,2025-12-04,2025-12-04,540,540,Delivered
PO-12279,MED032,LOC002,SUP009,2025-11-29,2025-12-02,2025-12-02,260,260,Delivered
PO-12280,MED032,LOC003,SUP009,2025-11-29,2025-12-02,2025-12-02,510,510,Delivered
PO-12281,MED034,LOC003,SUP013,2025-11-29,2025-12-05,2025-12-05,260,260,Delivered
PO-12282,MED035,LOC001,SUP015,2025-11-29,2025-12-01,2025-12-01,290,290,Delivered
PO-12283,MED037,LOC006,SUP015,2025-11-29,2025-12-03,2025-12-03,2020,2020,Delivered
PO-12284,MED043,LOC001,SUP003,2025-11-29,2025-12-01,2025-12-01,290,290,Delivered
PO-12285,MED044,LOC002,SUP010,2025-11-29,2025-12-04,2025-12-04,210,210,Delivered
PO-12286,MED048,LOC006,SUP015,2025-11-29,2025-12-01,2025-12-01,420,420,Delivered
PO-12287,MED050,LOC002,SUP005,2025-11-29,2025-12-03,2025-12-03,1890,1890,Delivered
PO-12288,MED054,LOC004,SUP015,2025-11-29,2025-12-01,2025-12-01,70,70,Delivered
PO-12289,MED056,LOC006,SUP005,2025-11-29,2025-12-04,2025-12-04,670,670,Delivered
PO-12290,MED061,LOC006,SUP004,2025-11-29,2025-12-06,2025-12-06,910,910,Delivered
PO-12291,MED063,LOC002,SUP004,2025-11-29,2025-12-06,2025-12-06,190,190,Delivered
PO-12292,MED063,LOC004,SUP004,2025-11-29,2025-12-06,2025-12-06,70,70,Delivered
PO-12293,MED074,LOC006,SUP006,2025-11-29,2025-12-07,2025-12-07,80,80,Delivered
PO-12294,MED075,LOC002,SUP004,2025-11-29,2025-12-05,2025-12-05,320,320,Delivered
PO-12295,MED004,LOC001,SUP001,2025-11-30,2025-12-04,2025-12-04,490,490,Delivered
PO-12296,MED007,LOC004,SUP011,2025-11-30,2025-12-03,2025-12-03,250,250,Delivered
PO-12297,MED008,LOC004,SUP001,2025-11-30,2025-12-05,2025-12-05,80,80,Delivered
PO-12298,MED012,LOC006,SUP007,2025-11-30,2025-12-04,2025-12-04,590,590,Delivered
PO-12299,MED016,LOC004,SUP001,2025-11-30,2025-12-04,2025-12-04,370,370,Delivered
PO-12300,MED016,LOC006,SUP001,2025-11-30,2025-12-04,2025-12-04,1830,1830,Delivered
PO-12301,MED022,LOC003,SUP002,2025-11-30,2025-12-04,2025-12-04,860,860,Delivered
PO-12302,MED023,LOC004,SUP002,2025-11-30,2025-12-04,2025-12-04,280,280,Delivered
PO-12303,MED024,LOC001,SUP009,2025-11-30,2025-12-05,2025-12-05,1830,1830,Delivered
PO-12304,MED025,LOC003,SUP002,2025-11-30,2025-12-05,2025-12-05,2450,2450,Delivered
PO-12305,MED031,LOC007,SUP015,2025-11-30,2025-12-03,2025-12-03,80,80,Delivered
PO-12306,MED033,LOC005,SUP004,2025-11-30,2025-12-06,2025-12-06,70,70,Delivered
PO-12307,MED037,LOC001,SUP015,2025-11-30,2025-12-04,2025-12-04,2770,2770,Delivered
PO-12308,MED037,LOC004,SUP015,2025-11-30,2025-12-04,2025-12-04,340,340,Delivered
PO-12309,MED039,LOC002,SUP006,2025-11-30,2025-12-08,2025-12-08,50,50,Delivered
PO-12310,MED041,LOC004,SUP015,2025-11-30,2025-12-02,2025-12-02,50,50,Delivered
PO-12311,MED046,LOC004,SUP015,2025-11-30,2025-12-04,2025-12-04,160,160,Delivered
PO-12312,MED054,LOC002,SUP015,2025-11-30,2025-12-02,2025-12-02,190,190,Delivered
PO-12313,MED054,LOC003,SUP015,2025-11-30,2025-12-02,2025-12-02,300,300,Delivered
PO-12314,MED056,LOC004,SUP005,2025-11-30,2025-12-05,2025-12-05,310,310,Delivered
PO-12315,MED056,LOC005,SUP005,2025-11-30,2025-12-05,2025-12-05,260,260,Delivered
PO-12316,MED058,LOC003,SUP008,2025-11-30,2025-12-05,2025-12-05,620,620,Delivered
PO-12317,MED062,LOC001,SUP004,2025-11-30,2025-12-05,2025-12-05,1420,1420,Delivered
PO-12318,MED062,LOC002,SUP004,2025-11-30,2025-12-05,2025-12-05,550,550,Delivered
PO-12319,MED062,LOC006,SUP004,2025-11-30,2025-12-05,2025-12-05,1000,1000,Delivered
PO-12320,MED069,LOC005,SUP004,2025-11-30,2025-12-07,2025-12-07,1050,1050,Delivered
PO-12321,MED071,LOC003,SUP014,2025-11-30,2025-12-06,2025-12-06,130,130,Delivered
PO-12322,MED003,LOC006,SUP001,2025-12-01,2025-12-04,2025-12-04,410,410,Delivered
PO-12323,MED011,LOC001,SUP011,2025-12-01,2025-12-06,2025-12-06,460,460,Delivered
PO-12324,MED011,LOC004,SUP011,2025-12-01,2025-12-06,2025-12-06,70,70,Delivered
PO-12325,MED011,LOC007,SUP011,2025-12-01,2025-12-06,2025-12-06,90,90,Delivered
PO-12326,MED017,LOC002,SUP001,2025-12-01,2025-12-06,2025-12-06,650,650,Delivered
PO-12327,MED018,LOC007,SUP001,2025-12-01,2025-12-04,2025-12-04,130,130,Delivered
PO-12328,MED019,LOC002,SUP015,2025-12-01,2025-12-04,2025-12-04,520,520,Delivered
PO-12329,MED028,LOC003,SUP002,2025-12-01,2025-12-06,2025-12-06,590,590,Delivered
PO-12330,MED030,LOC002,SUP004,2025-12-01,2025-12-06,2025-12-06,120,120,Delivered
PO-12331,MED035,LOC004,SUP015,2025-12-01,2025-12-03,2025-12-03,50,50,Delivered
PO-12332,MED047,LOC002,SUP015,2025-12-01,2025-12-04,2025-12-04,320,320,Delivered
PO-12333,MED047,LOC003,SUP015,2025-12-01,2025-12-04,2025-12-04,600,600,Delivered
PO-12334,MED050,LOC007,SUP005,2025-12-01,2025-12-05,2025-12-05,290,290,Delivered
PO-12335,MED053,LOC004,SUP010,2025-12-01,2025-12-07,2025-12-07,50,50,Delivered
PO-12336,MED063,LOC006,SUP004,2025-12-01,2025-12-08,2025-12-08,350,350,Delivered
PO-12337,MED069,LOC002,SUP004,2025-12-01,2025-12-08,2025-12-08,1300,1300,Delivered
PO-12338,MED069,LOC003,SUP004,2025-12-01,2025-12-08,2025-12-08,2460,2460,Delivered
PO-12339,MED070,LOC002,SUP004,2025-12-01,2025-12-07,2025-12-07,190,190,Delivered
PO-12340,MED070,LOC005,SUP004,2025-12-01,2025-12-07,2025-12-08,190,190,Delayed
PO-12341,MED073,LOC002,SUP004,2025-12-01,2025-12-07,2025-12-07,100,100,Delivered
PO-12342,MED073,LOC005,SUP004,2025-12-01,2025-12-07,2025-12-07,70,70,Delivered
PO-12343,MED074,LOC001,SUP006,2025-12-01,2025-12-09,2025-12-09,100,100,Delivered
PO-12344,MED002,LOC003,SUP010,2025-12-02,2025-12-09,2025-12-09,460,460,Delivered
PO-12345,MED003,LOC005,SUP001,2025-12-02,2025-12-05,2025-12-05,120,120,Delivered
PO-12346,MED005,LOC005,SUP001,2025-12-02,2025-12-07,2025-12-07,120,120,Delivered
PO-12347,MED006,LOC003,SUP001,2025-12-02,2025-12-07,2025-12-07,900,900,Delivered
PO-12348,MED010,LOC006,SUP007,2025-12-02,2025-12-06,2025-12-06,680,680,Delivered
PO-12349,MED012,LOC001,SUP007,2025-12-02,2025-12-06,2025-12-06,840,840,Delivered
PO-12350,MED013,LOC006,SUP007,2025-12-02,2025-12-07,2025-12-07,220,220,Delivered
PO-12351,MED014,LOC002,SUP007,2025-12-02,2025-12-05,2025-12-05,200,200,Delivered
PO-12352,MED017,LOC004,SUP001,2025-12-02,2025-12-07,2025-12-07,210,210,Delivered
PO-12353,MED020,LOC002,SUP004,2025-12-02,2025-12-07,2025-12-07,400,400,Delivered
PO-12354,MED022,LOC007,SUP002,2025-12-02,2025-12-06,2025-12-06,60,60,Delivered
PO-12355,MED025,LOC002,SUP002,2025-12-02,2025-12-07,2025-12-07,1270,1270,Delivered
PO-12356,MED025,LOC004,SUP002,2025-12-02,2025-12-07,2025-12-07,430,430,Delivered
PO-12357,MED026,LOC007,SUP002,2025-12-02,2025-12-08,2025-12-08,130,130,Delivered
PO-12358,MED030,LOC006,SUP004,2025-12-02,2025-12-07,2025-12-07,170,170,Delivered
PO-12359,MED031,LOC005,SUP015,2025-12-02,2025-12-05,2025-12-05,450,450,Delivered
PO-12360,MED036,LOC004,SUP003,2025-12-02,2025-12-04,2025-12-04,320,320,Delivered
PO-12361,MED038,LOC003,SUP015,2025-12-02,2025-12-04,2025-12-04,90,90,Delivered
PO-12362,MED038,LOC004,SUP015,2025-12-02,2025-12-04,2025-12-04,50,50,Delivered
PO-12363,MED039,LOC001,SUP006,2025-12-02,2025-12-10,2025-12-10,70,70,Delivered
PO-12364,MED040,LOC001,SUP004,2025-12-02,2025-12-07,2025-12-07,170,170,Delivered
PO-12365,MED042,LOC004,SUP003,2025-12-02,2025-12-04,2025-12-04,110,110,Delivered
PO-12366,MED042,LOC005,SUP003,2025-12-02,2025-12-04,2025-12-04,300,300,Delivered
PO-12367,MED044,LOC001,SUP010,2025-12-02,2025-12-07,2025-12-07,580,580,Delivered
PO-12368,MED044,LOC003,SUP010,2025-12-02,2025-12-07,2025-12-08,410,410,Delayed
PO-12369,MED044,LOC004,SUP010,2025-12-02,2025-12-07,2025-12-07,80,80,Delivered
PO-12370,MED045,LOC002,SUP004,2025-12-02,2025-12-07,2025-12-10,300,300,Delayed
PO-12371,MED046,LOC006,SUP015,2025-12-02,2025-12-06,2025-12-06,840,840,Delivered
PO-12372,MED049,LOC004,SUP015,2025-12-02,2025-12-05,2025-12-05,310,310,Delivered
PO-12373,MED050,LOC005,SUP005,2025-12-02,2025-12-06,2025-12-06,1610,1610,Delivered
PO-12374,MED055,LOC005,SUP015,2025-12-02,2025-12-05,2025-12-05,380,380,Delivered
PO-12375,MED056,LOC003,SUP005,2025-12-02,2025-12-07,2025-12-07,670,670,Delivered
PO-12376,MED057,LOC001,SUP008,2025-12-02,2025-12-06,2025-12-06,730,730,Delivered
PO-12377,MED057,LOC006,SUP008,2025-12-02,2025-12-06,2025-12-07,570,570,Delayed
PO-12378,MED057,LOC007,SUP008,2025-12-02,2025-12-06,2025-12-06,50,50,Delivered
PO-12379,MED062,LOC003,SUP004,2025-12-02,2025-12-07,2025-12-07,1080,1080,Delivered
PO-12380,MED063,LOC003,SUP004,2025-12-02,2025-12-09,2025-12-09,380,380,Delivered
PO-12381,MED063,LOC005,SUP004,2025-12-02,2025-12-09,2025-12-09,180,180,Delivered
PO-12382,MED064,LOC004,SUP005,2025-12-02,2025-12-07,2025-12-09,330,330,Delayed
PO-12383,MED068,LOC007,SUP004,2025-12-02,2025-12-08,2025-12-08,280,280,Delivered
PO-12384,MED001,LOC002,SUP001,2025-12-03,2025-12-08,2025-12-08,380,380,Delivered
PO-12385,MED001,LOC005,SUP001,2025-12-03,2025-12-08,2025-12-08,330,330,Delivered
PO-12386,MED001,LOC006,SUP001,2025-12-03,2025-12-08,2025-12-08,960,960,Delivered
PO-12387,MED002,LOC001,SUP010,2025-12-03,2025-12-10,2025-12-10,570,570,Delivered
PO-12388,MED002,LOC002,SUP010,2025-12-03,2025-12-10,2025-12-10,250,250,Delivered
PO-12389,MED004,LOC006,SUP001,2025-12-03,2025-12-07,2025-12-07,480,480,Delivered
PO-12390,MED005,LOC003,SUP001,2025-12-03,2025-12-08,2025-12-08,250,250,Delivered
PO-12391,MED008,LOC005,SUP001,2025-12-03,2025-12-08,2025-12-08,210,210,Delivered
PO-12392,MED011,LOC003,SUP011,2025-12-03,2025-12-08,2025-12-08,330,330,Delivered
PO-12393,MED012,LOC007,SUP007,2025-12-03,2025-12-07,2025-12-07,60,60,Delivered
PO-12394,MED015,LOC005,SUP011,2025-12-03,2025-12-06,2025-12-06,210,210,Delivered
PO-12395,MED016,LOC007,SUP001,2025-12-03,2025-12-07,2025-12-07,160,160,Delivered
PO-12396,MED018,LOC004,SUP001,2025-12-03,2025-12-06,2025-12-06,290,290,Delivered
PO-12397,MED020,LOC004,SUP004,2025-12-03,2025-12-08,2025-12-08,160,160,Delivered
PO-12398,MED021,LOC003,SUP002,2025-12-03,2025-12-07,2025-12-07,1430,1430,Delivered
PO-12399,MED022,LOC001,SUP002,2025-12-03,2025-12-07,2025-12-07,1140,1140,Delivered
PO-12400,MED023,LOC002,SUP002,2025-12-03,2025-12-07,2025-12-07,680,680,Delivered
PO-12401,MED027,LOC001,SUP009,2025-12-03,2025-12-08,2025-12-08,1290,1290,Delivered
PO-12402,MED028,LOC004,SUP002,2025-12-03,2025-12-08,2025-12-08,130,130,Delivered
PO-12403,MED028,LOC007,SUP002,2025-12-03,2025-12-08,2025-12-08,50,50,Delivered
PO-12404,MED035,LOC005,SUP015,2025-12-03,2025-12-05,2025-12-05,110,110,Delivered
PO-12405,MED038,LOC001,SUP015,2025-12-03,2025-12-05,2025-12-05,140,140,Delivered
PO-12406,MED045,LOC003,SUP004,2025-12-03,2025-12-08,2025-12-08,640,640,Delivered
PO-12407,MED045,LOC005,SUP004,2025-12-03,2025-12-08,2025-12-08,250,250,Delivered
PO-12408,MED051,LOC004,SUP015,2025-12-03,2025-12-05,2025-12-05,550,550,Delivered
PO-12409,MED053,LOC006,SUP010,2025-12-03,2025-12-09,2025-12-10,320,320,Delayed
PO-12410,MED065,LOC003,SUP015,2025-12-03,2025-12-05,2025-12-05,720,720,Delivered
PO-12411,MED065,LOC005,SUP015,2025-12-03,2025-12-05,2025-12-05,310,310,Delivered
PO-12412,MED069,LOC001,SUP004,2025-12-03,2025-12-10,2025-12-10,3190,3190,Delivered
PO-12413,MED073,LOC004,SUP004,2025-12-03,2025-12-09,2025-12-09,50,50,Delivered
PO-12414,MED005,LOC002,SUP001,2025-12-04,2025-12-09,2025-12-09,160,160,Delivered
PO-12415,MED008,LOC007,SUP001,2025-12-04,2025-12-09,2025-12-09,140,140,Delivered
PO-12416,MED009,LOC001,SUP007,2025-12-04,2025-12-08,2025-12-08,1630,1630,Delivered
PO-12417,MED009,LOC002,SUP007,2025-12-04,2025-12-08,2025-12-08,680,680,Delivered
PO-12418,MED019,LOC001,SUP015,2025-12-04,2025-12-07,2025-12-07,1400,1400,Delivered
PO-12419,MED021,LOC004,SUP002,2025-12-04,2025-12-08,2025-12-08,240,240,Delivered
PO-12420,MED021,LOC006,SUP002,2025-12-04,2025-12-08,2025-12-08,1270,1270,Delivered
PO-12421,MED025,LOC001,SUP002,2025-12-04,2025-12-09,2025-12-09,3140,3140,Delivered
PO-12422,MED026,LOC003,SUP002,2025-12-04,2025-12-10,2025-12-10,1880,1880,Delivered
PO-12423,MED027,LOC003,SUP009,2025-12-04,2025-12-09,2025-12-09,1040,1040,Delivered
PO-12424,MED028,LOC002,SUP002,2025-12-04,2025-12-09,2025-12-09,280,280,Delivered
PO-12425,MED030,LOC004,SUP004,2025-12-04,2025-12-09,2025-12-11,50,50,Delayed
PO-12426,MED036,LOC002,SUP003,2025-12-04,2025-12-06,2025-12-06,910,910,Delivered
PO-12427,MED037,LOC002,SUP015,2025-12-04,2025-12-08,2025-12-08,1040,1040,Delivered
PO-12428,MED042,LOC002,SUP003,2025-12-04,2025-12-06,2025-12-06,350,350,Delivered
PO-12429,MED042,LOC006,SUP003,2025-12-04,2025-12-06,2025-12-06,590,590,Delivered
PO-12430,MED043,LOC003,SUP003,2025-12-04,2025-12-06,2025-12-06,260,260,Delivered
PO-12431,MED055,LOC004,SUP015,2025-12-04,2025-12-07,2025-12-07,160,160,Delivered
PO-12432,MED058,LOC002,SUP008,2025-12-04,2025-12-09,2025-12-09,320,320,Delivered
PO-12433,MED064,LOC005,SUP005,2025-12-04,2025-12-09,2025-12-09,830,830,Delivered
PO-12434,MED065,LOC004,SUP015,2025-12-04,2025-12-06,2025-12-06,160,160,Delivered
PO-12435,MED067,LOC003,SUP012,2025-12-04,2025-12-10,2025-12-10,730,730,Delivered
PO-12436,MED071,LOC002,SUP014,2025-12-04,2025-12-10,2025-12-10,80,80,Delivered
PO-12437,MED071,LOC005,SUP014,2025-12-04,2025-12-10,2025-12-10,50,50,Delivered
PO-12438,MED074,LOC003,SUP006,2025-12-04,2025-12-12,2025-12-12,80,80,Delivered
PO-12439,MED074,LOC005,SUP006,2025-12-04,2025-12-12,2025-12-12,50,50,Delivered
PO-12440,MED075,LOC007,SUP004,2025-12-04,2025-12-10,2025-12-10,50,50,Delivered
PO-12441,MED001,LOC004,SUP001,2025-12-05,2025-12-10,2025-12-10,110,110,Delivered
PO-12442,MED002,LOC004,SUP010,2025-12-05,2025-12-12,2025-12-12,100,100,Delivered
PO-12443,MED006,LOC005,SUP001,2025-12-05,2025-12-10,2025-12-10,340,340,Delivered
PO-12444,MED008,LOC002,SUP001,2025-12-05,2025-12-10,2025-12-10,270,270,Delivered
PO-12445,MED009,LOC006,SUP007,2025-12-05,2025-12-09,2025-12-09,1160,1160,Delivered
PO-12446,MED010,LOC003,SUP007,2025-12-05,2025-12-09,2025-12-09,820,820,Delivered
PO-12447,MED013,LOC002,SUP007,2025-12-05,2025-12-10,2025-12-10,140,140,Delivered
PO-12448,MED023,LOC005,SUP002,2025-12-05,2025-12-09,2025-12-09,550,550,Delivered
PO-12449,MED025,LOC006,SUP002,2025-12-05,2025-12-10,2025-12-10,2190,2190,Delivered
PO-12450,MED027,LOC006,SUP009,2025-12-05,2025-12-10,2025-12-11,790,790,Delayed
PO-12451,MED029,LOC004,SUP015,2025-12-05,2025-12-08,2025-12-08,50,50,Delivered
PO-12452,MED035,LOC007,SUP015,2025-12-05,2025-12-07,2025-12-07,50,50,Delivered
PO-12453,MED040,LOC003,SUP004,2025-12-05,2025-12-10,2025-12-10,160,160,Delivered
PO-12454,MED043,LOC002,SUP003,2025-12-05,2025-12-07,2025-12-07,130,130,Delivered
PO-12455,MED043,LOC004,SUP003,2025-12-05,2025-12-07,2025-12-07,50,50,Delivered
PO-12456,MED048,LOC002,SUP015,2025-12-05,2025-12-07,2025-12-07,200,200,Delivered
PO-12457,MED052,LOC005,SUP015,2025-12-05,2025-12-08,2025-12-08,160,160,Delivered
PO-12458,MED057,LOC005,SUP008,2025-12-05,2025-12-09,2025-12-09,260,260,Delivered
PO-12459,MED067,LOC006,SUP012,2025-12-05,2025-12-11,2025-12-11,750,750,Delivered
PO-12460,MED075,LOC001,SUP004,2025-12-05,2025-12-11,2025-12-11,810,810,Delivered
PO-12461,MED006,LOC002,SUP001,2025-12-06,2025-12-11,2025-12-11,420,420,Delivered
PO-12462,MED006,LOC006,SUP001,2025-12-06,2025-12-11,2025-12-11,1120,1120,Delivered
PO-12463,MED009,LOC004,SUP007,2025-12-06,2025-12-10,2025-12-10,260,260,Delivered
PO-12464,MED016,LOC001,SUP001,2025-12-06,2025-12-10,2025-12-10,2370,2370,Delivered
PO-12465,MED022,LOC005,SUP002,2025-12-06,2025-12-10,2025-12-10,350,350,Delivered
PO-12466,MED026,LOC001,SUP002,2025-12-06,2025-12-12,2025-12-12,2260,2260,Delivered
PO-12467,MED027,LOC004,SUP009,2025-12-06,2025-12-11,2025-12-11,210,210,Delivered
PO-12468,MED028,LOC005,SUP002,2025-12-06,2025-12-11,2025-12-11,220,220,Delivered
PO-12469,MED030,LOC001,SUP004,2025-12-06,2025-12-11,2025-12-11,210,210,Delivered
PO-12470,MED040,LOC006,SUP004,2025-12-06,2025-12-11,2025-12-11,130,130,Delivered
PO-12471,MED044,LOC005,SUP010,2025-12-06,2025-12-11,2025-12-11,140,140,Delivered
PO-12472,MED046,LOC001,SUP015,2025-12-06,2025-12-10,2025-12-10,1120,1120,Delivered
PO-12473,MED046,LOC002,SUP015,2025-12-06,2025-12-10,2025-12-10,480,480,Delivered
PO-12474,MED047,LOC006,SUP015,2025-12-06,2025-12-09,2025-12-09,520,520,Delivered
PO-12475,MED050,LOC006,SUP005,2025-12-06,2025-12-10,2025-12-10,3310,3310,Delivered
PO-12476,MED062,LOC004,SUP004,2025-12-06,2025-12-11,2025-12-11,220,220,Delivered
PO-12477,MED062,LOC005,SUP004,2025-12-06,2025-12-11,2025-12-11,450,450,Delivered
PO-12478,MED067,LOC004,SUP012,2025-12-06,2025-12-12,2025-12-12,160,160,Delivered
PO-12479,MED074,LOC002,SUP006,2025-12-06,2025-12-14,2025-12-16,50,50,Delayed
PO-12480,MED075,LOC005,SUP004,2025-12-06,2025-12-12,2025-12-12,270,270,Delivered
PO-12481,MED075,LOC006,SUP004,2025-12-06,2025-12-12,2025-12-12,610,610,Delivered
PO-12482,MED007,LOC003,SUP011,2025-12-07,2025-12-10,2025-12-10,1260,1260,Delivered
PO-12483,MED009,LOC007,SUP007,2025-12-07,2025-12-11,2025-12-11,90,90,Delivered
PO-12484,MED010,LOC002,SUP007,2025-12-07,2025-12-11,2025-12-11,400,400,Delivered
PO-12485,MED016,LOC003,SUP001,2025-12-07,2025-12-11,2025-12-11,1890,1890,Delivered
PO-12486,MED018,LOC001,SUP001,2025-12-07,2025-12-10,2025-12-10,2050,2050,Delivered
PO-12487,MED021,LOC002,SUP002,2025-12-07,2025-12-11,2025-12-11,650,650,Delivered
PO-12488,MED024,LOC005,SUP009,2025-12-07,2025-12-12,2025-12-12,630,630,Delivered
PO-12489,MED027,LOC005,SUP009,2025-12-07,2025-12-12,2025-12-12,380,380,Delivered
PO-12490,MED031,LOC004,SUP015,2025-12-07,2025-12-10,2025-12-10,210,210,Delivered
PO-12491,MED031,LOC006,SUP015,2025-12-07,2025-12-10,2025-12-10,1010,1010,Delivered
PO-12492,MED032,LOC007,SUP009,2025-12-07,2025-12-10,2025-12-10,50,50,Delivered
PO-12493,MED034,LOC005,SUP013,2025-12-07,2025-12-13,2025-12-13,110,110,Delivered
PO-12494,MED039,LOC003,SUP006,2025-12-07,2025-12-15,2025-12-15,50,50,Delivered
PO-12495,MED041,LOC002,SUP015,2025-12-07,2025-12-09,2025-12-09,100,100,Delivered
PO-12496,MED045,LOC006,SUP004,2025-12-07,2025-12-12,2025-12-12,600,600,Delivered
PO-12497,MED047,LOC004,SUP015,2025-12-07,2025-12-10,2025-12-10,110,110,Delivered
PO-12498,MED053,LOC001,SUP010,2025-12-07,2025-12-13,2025-12-13,290,290,Delivered
PO-12499,MED053,LOC002,SUP010,2025-12-07,2025-12-13,2025-12-13,110,110,Delivered
PO-12500,MED059,LOC004,SUP015,2025-12-07,2025-12-10,2025-12-10,80,80,Delivered
PO-12501,MED059,LOC007,SUP015,2025-12-07,2025-12-10,2025-12-10,50,50,Delivered
PO-12502,MED066,LOC001,SUP004,2025-12-07,2025-12-13,2025-12-16,1340,1340,Delayed
PO-12503,MED066,LOC004,SUP004,2025-12-07,2025-12-13,2025-12-13,180,180,Delivered
PO-12504,MED066,LOC006,SUP004,2025-12-07,2025-12-13,2025-12-13,940,940,Delivered
PO-12505,MED069,LOC006,SUP004,2025-12-07,2025-12-14,2025-12-14,3290,3290,Delivered
PO-12506,MED070,LOC006,SUP004,2025-12-07,2025-12-13,2025-12-13,440,440,Delivered
PO-12507,MED072,LOC006,SUP006,2025-12-07,2025-12-14,2025-12-17,60,60,Delayed
PO-12508,MED075,LOC003,SUP004,2025-12-07,2025-12-13,2025-12-13,610,610,Delivered
PO-12509,MED002,LOC005,SUP010,2025-12-08,2025-12-15,2025-12-15,220,220,Delivered
PO-12510,MED004,LOC002,SUP001,2025-12-08,2025-12-12,2025-12-12,160,160,Delivered
PO-12511,MED005,LOC006,SUP001,2025-12-08,2025-12-13,2025-12-13,370,370,Delivered
PO-12512,MED011,LOC002,SUP011,2025-12-08,2025-12-13,2025-12-13,180,180,Delivered
PO-12513,MED012,LOC002,SUP007,2025-12-08,2025-12-12,2025-12-12,350,350,Delivered
PO-12514,MED013,LOC005,SUP007,2025-12-08,2025-12-13,2025-12-13,110,110,Delivered
PO-12515,MED015,LOC006,SUP011,2025-12-08,2025-12-11,2025-12-11,430,430,Delivered
PO-12516,MED018,LOC006,SUP001,2025-12-08,2025-12-11,2025-12-11,1560,1560,Delivered
PO-12517,MED021,LOC001,SUP002,2025-12-08,2025-12-12,2025-12-12,1800,1800,Delivered
PO-12518,MED022,LOC006,SUP002,2025-12-08,2025-12-12,2025-12-12,710,710,Delivered
PO-12519,MED023,LOC003,SUP002,2025-12-08,2025-12-12,2025-12-12,1490,1490,Delivered
PO-12520,MED031,LOC001,SUP015,2025-12-08,2025-12-11,2025-12-11,1370,1370,Delivered
PO-12521,MED032,LOC001,SUP009,2025-12-08,2025-12-11,2025-12-11,650,650,Delivered
PO-12522,MED034,LOC006,SUP013,2025-12-08,2025-12-14,2025-12-14,230,230,Delivered
PO-12523,MED037,LOC003,SUP015,2025-12-08,2025-12-12,2025-12-12,2070,2070,Delivered
PO-12524,MED038,LOC006,SUP015,2025-12-08,2025-12-10,2025-12-10,100,100,Delivered
PO-12525,MED048,LOC005,SUP015,2025-12-08,2025-12-10,2025-12-10,170,170,Delivered
PO-12526,MED049,LOC006,SUP015,2025-12-08,2025-12-11,2025-12-11,1760,1760,Delivered
PO-12527,MED051,LOC001,SUP015,2025-12-08,2025-12-10,2025-12-10,3410,3410,Delivered
PO-12528,MED055,LOC003,SUP015,2025-12-08,2025-12-11,2025-12-11,870,870,Delivered
PO-12529,MED060,LOC003,SUP015,2025-12-08,2025-12-10,2025-12-10,70,70,Delivered
PO-12530,MED061,LOC001,SUP004,2025-12-08,2025-12-15,2025-12-15,1240,1240,Delivered
PO-12531,MED061,LOC002,SUP004,2025-12-08,2025-12-15,2025-12-15,510,510,Delivered
PO-12532,MED061,LOC003,SUP004,2025-12-08,2025-12-15,2025-12-15,970,970,Delivered
PO-12533,MED064,LOC007,SUP005,2025-12-08,2025-12-13,2025-12-13,160,160,Delivered
PO-12534,MED067,LOC005,SUP012,2025-12-08,2025-12-14,2025-12-14,350,350,Delivered
PO-12535,MED073,LOC006,SUP004,2025-12-08,2025-12-14,2025-12-14,160,160,Delivered
PO-12536,MED002,LOC006,SUP010,2025-12-09,2025-12-16,2025-12-16,640,640,Delivered
PO-12537,MED004,LOC004,SUP001,2025-12-09,2025-12-13,2025-12-13,80,80,Delivered
PO-12538,MED007,LOC007,SUP011,2025-12-09,2025-12-12,2025-12-12,360,360,Delivered
PO-12539,MED010,LOC001,SUP007,2025-12-09,2025-12-13,2025-12-15,1020,1020,Delayed
PO-12540,MED010,LOC005,SUP007,2025-12-09,2025-12-13,2025-12-13,350,350,Delivered
PO-12541,MED012,LOC003,SUP007,2025-12-09,2025-12-13,2025-12-13,620,620,Delivered
PO-12542,MED014,LOC006,SUP007,2025-12-09,2025-12-12,2025-12-12,330,330,Delivered
PO-12543,MED019,LOC003,SUP015,2025-12-09,2025-12-12,2025-12-12,1080,1080,Delivered
PO-12544,MED019,LOC006,SUP015,2025-12-09,2025-12-12,2025-12-12,930,930,Delivered
PO-12545,MED024,LOC006,SUP009,2025-12-09,2025-12-14,2025-12-14,1400,1400,Delivered
PO-12546,MED026,LOC004,SUP002,2025-12-09,2025-12-15,2025-12-15,310,310,Delivered
PO-12547,MED026,LOC006,SUP002,2025-12-09,2025-12-15,2025-12-15,1870,1870,Delivered
PO-12548,MED027,LOC007,SUP009,2025-12-09,2025-12-14,2025-12-14,60,60,Delivered
PO-12549,MED033,LOC006,SUP004,2025-12-09,2025-12-15,2025-12-15,140,140,Delivered
PO-12550,MED034,LOC001,SUP013,2025-12-09,2025-12-15,2025-12-15,350,350,Delivered
PO-12551,MED035,LOC002,SUP015,2025-12-09,2025-12-11,2025-12-11,130,130,Delivered
PO-12552,MED037,LOC007,SUP015,2025-12-09,2025-12-13,2025-12-13,170,170,Delivered
PO-12553,MED039,LOC002,SUP006,2025-12-09,2025-12-17,2025-12-17,50,50,Delivered
PO-12554,MED046,LOC007,SUP015,2025-12-09,2025-12-13,2025-12-13,70,70,Delivered
PO-12555,MED049,LOC003,SUP015,2025-12-09,2025-12-12,2025-12-12,2040,2040,Delivered
PO-12556,MED051,LOC003,SUP015,2025-12-09,2025-12-11,2025-12-11,2780,2780,Delivered
PO-12557,MED051,LOC006,SUP015,2025-12-09,2025-12-11,2025-12-11,2490,2490,Delivered
PO-12558,MED051,LOC007,SUP015,2025-12-09,2025-12-11,2025-12-11,200,200,Delivered
PO-12559,MED053,LOC003,SUP010,2025-12-09,2025-12-15,2025-12-15,270,270,Delivered
PO-12560,MED053,LOC005,SUP010,2025-12-09,2025-12-15,2025-12-15,100,100,Delivered
PO-12561,MED055,LOC001,SUP015,2025-12-09,2025-12-12,2025-12-12,1100,1100,Delivered
PO-12562,MED058,LOC007,SUP008,2025-12-09,2025-12-14,2025-12-17,50,50,Delayed
PO-12563,MED059,LOC006,SUP015,2025-12-09,2025-12-12,2025-12-12,470,470,Delivered
PO-12564,MED060,LOC002,SUP015,2025-12-09,2025-12-11,2025-12-11,50,50,Delivered
PO-12565,MED066,LOC003,SUP004,2025-12-09,2025-12-15,2025-12-15,1030,1030,Delivered
PO-12566,MED066,LOC007,SUP004,2025-12-09,2025-12-15,2025-12-15,100,100,Delivered
PO-12567,MED067,LOC001,SUP012,2025-12-09,2025-12-15,2025-12-15,970,970,Delivered
PO-12568,MED068,LOC001,SUP004,2025-12-09,2025-12-15,2025-12-15,4240,4240,Delivered
PO-12569,MED068,LOC004,SUP004,2025-12-09,2025-12-15,2025-12-15,640,640,Delivered
PO-12570,MED069,LOC004,SUP004,2025-12-09,2025-12-16,2025-12-16,450,450,Delivered
PO-12571,MED069,LOC007,SUP004,2025-12-09,2025-12-16,2025-12-16,200,200,Delivered
PO-12572,MED001,LOC001,SUP001,2025-12-10,2025-12-15,2025-12-15,920,920,Delivered
PO-12573,MED007,LOC002,SUP011,2025-12-10,2025-12-13,2025-12-13,610,610,Delivered
PO-12574,MED009,LOC003,SUP007,2025-12-10,2025-12-14,2025-12-14,1210,1210,Delivered
PO-12575,MED015,LOC001,SUP011,2025-12-10,2025-12-13,2025-12-13,630,630,Delivered
PO-12576,MED016,LOC002,SUP001,2025-12-10,2025-12-14,2025-12-14,950,950,Delivered
PO-12577,MED024,LOC004,SUP009,2025-12-10,2025-12-15,2025-12-15,280,280,Delivered
PO-12578,MED043,LOC006,SUP003,2025-12-10,2025-12-12,2025-12-12,230,230,Delivered
PO-12579,MED045,LOC004,SUP004,2025-12-10,2025-12-15,2025-12-15,100,100,Delivered
PO-12580,MED046,LOC003,SUP015,2025-12-10,2025-12-14,2025-12-14,840,840,Delivered
PO-12581,MED049,LOC007,SUP015,2025-12-10,2025-12-13,2025-12-13,140,140,Delivered
PO-12582,MED050,LOC001,SUP005,2025-12-10,2025-12-14,2025-12-15,4520,4520,Delayed
PO-12583,MED050,LOC003,SUP005,2025-12-10,2025-12-14,2025-12-14,3570,3570,Delivered
PO-12584,MED051,LOC002,SUP015,2025-12-10,2025-12-12,2025-12-12,1390,1390,Delivered
PO-12585,MED055,LOC006,SUP015,2025-12-10,2025-12-13,2025-12-13,770,770,Delivered
PO-12586,MED055,LOC007,SUP015,2025-12-10,2025-12-13,2025-12-13,70,70,Delivered
PO-12587,MED057,LOC003,SUP008,2025-12-10,2025-12-14,2025-12-14,580,580,Delivered
PO-12588,MED057,LOC004,SUP008,2025-12-10,2025-12-14,2025-12-14,280,280,Delivered
PO-12589,MED058,LOC005,SUP008,2025-12-10,2025-12-15,2025-12-15,260,260,Delivered
PO-12590,MED061,LOC004,SUP004,2025-12-10,2025-12-17,2025-12-17,200,200,Delivered
PO-12591,MED066,LOC002,SUP004,2025-12-10,2025-12-16,2025-12-16,450,450,Delivered
PO-12592,MED067,LOC002,SUP012,2025-12-10,2025-12-16,2025-12-16,400,400,Delivered
PO-12593,MED067,LOC007,SUP012,2025-12-10,2025-12-16,2025-12-16,70,70,Delivered
PO-12594,MED068,LOC005,SUP004,2025-12-10,2025-12-16,2025-12-16,1400,1400,Delivered
PO-12595,MED070,LOC001,SUP004,2025-12-10,2025-12-16,2025-12-16,590,590,Delivered
PO-12596,MED070,LOC003,SUP004,2025-12-10,2025-12-16,2025-12-16,410,410,Delivered
PO-12597,MED072,LOC005,SUP006,2025-12-10,2025-12-17,2025-12-17,50,50,Delivered
PO-12598,MED073,LOC007,SUP004,2025-12-10,2025-12-16,2025-12-16,50,50,Delivered
PO-12599,MED004,LOC003,SUP001,2025-12-11,2025-12-15,2025-12-15,320,320,Delivered
PO-12600,MED004,LOC005,SUP001,2025-12-11,2025-12-15,2025-12-17,150,150,Delayed
PO-12601,MED010,LOC007,SUP007,2025-12-11,2025-12-15,2025-12-15,60,60,Delivered
PO-12602,MED011,LOC005,SUP011,2025-12-11,2025-12-16,2025-12-16,140,140,Delivered
PO-12603,MED014,LOC003,SUP007,2025-12-11,2025-12-14,2025-12-14,420,420,Delivered
PO-12604,MED018,LOC003,SUP001,2025-12-11,2025-12-14,2025-12-14,1620,1620,Delivered
PO-12605,MED020,LOC006,SUP004,2025-12-11,2025-12-16,2025-12-16,730,730,Delivered
PO-12606,MED025,LOC005,SUP002,2025-12-11,2025-12-16,2025-12-17,1020,1020,Delayed
PO-12607,MED026,LOC005,SUP002,2025-12-11,2025-12-17,2025-12-17,760,760,Delivered
PO-12608,MED027,LOC002,SUP009,2025-12-11,2025-12-16,2025-12-16,520,520,Delivered
PO-12609,MED030,LOC005,SUP004,2025-12-11,2025-12-16,2025-12-16,90,90,Delivered
PO-12610,MED037,LOC005,SUP015,2025-12-11,2025-12-15,2025-12-15,820,820,Delivered
PO-12611,MED040,LOC005,SUP004,2025-12-11,2025-12-16,2025-12-16,50,50,Delivered
PO-12612,MED049,LOC002,SUP015,2025-12-11,2025-12-14,2025-12-14,990,990,Delivered
PO-12613,MED052,LOC002,SUP015,2025-12-11,2025-12-14,2025-12-14,170,170,Delivered
PO-12614,MED052,LOC004,SUP015,2025-12-11,2025-12-14,2025-12-14,60,60,Delivered
PO-12615,MED052,LOC006,SUP015,2025-12-11,2025-12-14,2025-12-14,300,300,Delivered
PO-12616,MED056,LOC001,SUP005,2025-12-11,2025-12-16,2025-12-16,840,840,Delivered
PO-12617,MED056,LOC004,SUP005,2025-12-11,2025-12-16,2025-12-16,360,360,Delivered
PO-12618,MED056,LOC007,SUP005,2025-12-11,2025-12-16,2025-12-16,60,60,Delivered
PO-12619,MED061,LOC006,SUP004,2025-12-11,2025-12-18,2025-12-18,910,910,Delivered
PO-12620,MED062,LOC007,SUP004,2025-12-11,2025-12-16,2025-12-16,90,90,Delivered
PO-12621,MED066,LOC005,SUP004,2025-12-11,2025-12-17,2025-12-17,410,410,Delivered
PO-12622,MED068,LOC002,SUP004,2025-12-11,2025-12-17,2025-12-18,1790,1790,Delayed
PO-12623,MED072,LOC003,SUP006,2025-12-11,2025-12-18,2025-12-18,60,60,Delivered
PO-12624,MED074,LOC001,SUP006,2025-12-11,2025-12-19,2025-12-19,100,100,Delivered
PO-12625,MED006,LOC001,SUP001,2025-12-12,2025-12-17,2025-12-17,1160,1160,Delivered
PO-12626,MED007,LOC001,SUP011,2025-12-12,2025-12-15,2025-12-15,1480,1480,Delivered
PO-12627,MED008,LOC001,SUP001,2025-12-12,2025-12-17,2025-12-17,590,590,Delivered
PO-12628,MED009,LOC005,SUP007,2025-12-12,2025-12-16,2025-12-16,570,570,Delivered
PO-12629,MED016,LOC005,SUP001,2025-12-12,2025-12-16,2025-12-16,810,810,Delivered
PO-12630,MED018,LOC002,SUP001,2025-12-12,2025-12-15,2025-12-15,870,870,Delivered
PO-12631,MED018,LOC005,SUP001,2025-12-12,2025-12-15,2025-12-15,730,730,Delivered
PO-12632,MED021,LOC007,SUP002,2025-12-12,2025-12-16,2025-12-16,120,120,Delivered
PO-12633,MED023,LOC001,SUP002,2025-12-12,2025-12-16,2025-12-16,1890,1890,Delivered
PO-12634,MED023,LOC006,SUP002,2025-12-12,2025-12-16,2025-12-18,1320,1320,Delayed
PO-12635,MED025,LOC007,SUP002,2025-12-12,2025-12-17,2025-12-17,180,180,Delivered
PO-12636,MED026,LOC002,SUP002,2025-12-12,2025-12-18,2025-12-18,900,900,Delivered
PO-12637,MED026,LOC007,SUP002,2025-12-12,2025-12-18,2025-12-18,160,160,Delivered
PO-12638,MED028,LOC001,SUP002,2025-12-12,2025-12-17,2025-12-17,780,780,Delivered
PO-12639,MED033,LOC002,SUP004,2025-12-12,2025-12-18,2025-12-18,80,80,Delivered
PO-12640,MED040,LOC002,SUP004,2025-12-12,2025-12-17,2025-12-17,60,60,Delivered
PO-12641,MED044,LOC006,SUP010,2025-12-12,2025-12-17,2025-12-17,410,410,Delivered
PO-12642,MED045,LOC001,SUP004,2025-12-12,2025-12-17,2025-12-17,800,800,Delivered
PO-12643,MED046,LOC005,SUP015,2025-12-12,2025-12-16,2025-12-16,390,390,Delivered
PO-12644,MED047,LOC001,SUP015,2025-12-12,2025-12-15,2025-12-15,720,720,Delivered
PO-12645,MED050,LOC004,SUP005,2025-12-12,2025-12-16,2025-12-16,1680,1680,Delivered
PO-12646,MED054,LOC005,SUP015,2025-12-12,2025-12-14,2025-12-14,140,140,Delivered
PO-12647,MED055,LOC002,SUP015,2025-12-12,2025-12-15,2025-12-15,410,410,Delivered
PO-12648,MED058,LOC004,SUP008,2025-12-12,2025-12-17,2025-12-17,280,280,Delivered
PO-12649,MED058,LOC006,SUP008,2025-12-12,2025-12-17,2025-12-17,590,590,Delivered
PO-12650,MED059,LOC001,SUP015,2025-12-12,2025-12-15,2025-12-15,680,680,Delivered
PO-12651,MED059,LOC002,SUP015,2025-12-12,2025-12-15,2025-12-15,290,290,Delivered
PO-12652,MED062,LOC002,SUP004,2025-12-12,2025-12-17,2025-12-17,610,610,Delivered
PO-12653,MED063,LOC001,SUP004,2025-12-12,2025-12-19,2025-12-19,450,450,Delivered
PO-12654,MED064,LOC001,SUP005,2025-12-12,2025-12-17,2025-12-17,2670,2670,Delivered
PO-12655,MED064,LOC004,SUP005,2025-12-12,2025-12-17,2025-12-17,420,420,Delivered
PO-12656,MED064,LOC006,SUP005,2025-12-12,2025-12-17,2025-12-17,1900,1900,Delivered
PO-12657,MED065,LOC006,SUP015,2025-12-12,2025-12-14,2025-12-14,700,700,Delivered
PO-12658,MED068,LOC003,SUP004,2025-12-12,2025-12-18,2025-12-18,3440,3440,Delivered
PO-12659,MED070,LOC002,SUP004,2025-12-12,2025-12-18,2025-12-18,220,220,Delivered
PO-12660,MED073,LOC005,SUP004,2025-12-12,2025-12-18,2025-12-18,80,80,Delivered
PO-12661,MED002,LOC001,SUP010,2025-12-13,2025-12-20,2025-12-20,610,610,Delivered
PO-12662,MED002,LOC003,SUP010,2025-12-13,2025-12-20,2025-12-20,500,500,Delivered
PO-12663,MED005,LOC003,SUP001,2025-12-13,2025-12-18,2025-12-18,280,280,Delivered
PO-12664,MED007,LOC006,SUP011,2025-12-13,2025-12-16,2025-12-16,1140,1140,Delivered
PO-12665,MED011,LOC006,SUP011,2025-12-13,2025-12-18,2025-12-18,330,330,Delivered
PO-12666,MED012,LOC004,SUP007,2025-12-13,2025-12-17,2025-12-17,140,140,Delivered
PO-12667,MED014,LOC001,SUP007,2025-12-13,2025-12-16,2025-12-16,530,530,Delivered
PO-12668,MED017,LOC007,SUP001,2025-12-13,2025-12-18,2025-12-18,90,90,Delivered
PO-12669,MED018,LOC007,SUP001,2025-12-13,2025-12-16,2025-12-16,150,150,Delivered
PO-12670,MED023,LOC007,SUP002,2025-12-13,2025-12-17,2025-12-17,110,110,Delivered
PO-12671,MED024,LOC007,SUP009,2025-12-13,2025-12-18,2025-12-18,110,110,Delivered
PO-12672,MED029,LOC001,SUP015,2025-12-13,2025-12-16,2025-12-16,310,310,Delivered
PO-12673,MED029,LOC003,SUP015,2025-12-13,2025-12-16,2025-12-16,250,250,Delivered
PO-12674,MED032,LOC006,SUP009,2025-12-13,2025-12-16,2025-12-16,510,510,Delivered
PO-12675,MED033,LOC001,SUP004,2025-12-13,2025-12-19,2025-12-19,180,180,Delivered
PO-12676,MED034,LOC003,SUP013,2025-12-13,2025-12-19,2025-12-19,260,260,Delivered
PO-12677,MED036,LOC001,SUP003,2025-12-13,2025-12-15,2025-12-15,2270,2270,Delivered
PO-12678,MED036,LOC006,SUP003,2025-12-13,2025-12-15,2025-12-15,1530,1530,Delivered
PO-12679,MED041,LOC005,SUP015,2025-12-13,2025-12-15,2025-12-15,70,70,Delivered
PO-12680,MED044,LOC002,SUP010,2025-12-13,2025-12-18,2025-12-18,220,220,Delivered
PO-12681,MED044,LOC007,SUP010,2025-12-13,2025-12-18,2025-12-18,50,50,Delivered
PO-12682,MED047,LOC005,SUP015,2025-12-13,2025-12-16,2025-12-16,240,240,Delivered
PO-12683,MED047,LOC007,SUP015,2025-12-13,2025-12-16,2025-12-16,50,50,Delivered
PO-12684,MED052,LOC001,SUP015,2025-12-13,2025-12-16,2025-12-16,420,420,Delivered
PO-12685,MED052,LOC003,SUP015,2025-12-13,2025-12-16,2025-12-16,340,340,Delivered
PO-12686,MED056,LOC005,SUP005,2025-12-13,2025-12-18,2025-12-18,280,280,Delivered
PO-12687,MED058,LOC001,SUP008,2025-12-13,2025-12-18,2025-12-18,740,740,Delivered
PO-12688,MED060,LOC001,SUP015,2025-12-13,2025-12-15,2025-12-15,80,80,Delivered
PO-12689,MED061,LOC005,SUP004,2025-12-13,2025-12-20,2025-12-20,360,360,Delivered
PO-12690,MED064,LOC003,SUP005,2025-12-13,2025-12-18,2025-12-18,2040,2040,Delivered
PO-12691,MED068,LOC006,SUP004,2025-12-13,2025-12-19,2025-12-19,4980,4980,Delivered
PO-12692,MED068,LOC007,SUP004,2025-12-13,2025-12-19,2025-12-19,280,280,Delivered
PO-12693,MED069,LOC005,SUP004,2025-12-13,2025-12-20,2025-12-20,1040,1040,Delivered
PO-12694,MED073,LOC003,SUP004,2025-12-13,2025-12-19,2025-12-19,170,170,Delivered
PO-12695,MED003,LOC003,SUP001,2025-12-14,2025-12-17,2025-12-17,270,270,Delivered
PO-12696,MED006,LOC004,SUP001,2025-12-14,2025-12-19,2025-12-19,140,140,Delivered
PO-12697,MED008,LOC004,SUP001,2025-12-14,2025-12-19,2025-12-19,80,80,Delivered
PO-12698,MED010,LOC004,SUP007,2025-12-14,2025-12-18,2025-12-18,150,150,Delivered
PO-12699,MED011,LOC007,SUP011,2025-12-14,2025-12-19,2025-12-19,100,100,Delivered
PO-12700,MED012,LOC005,SUP007,2025-12-14,2025-12-18,2025-12-19,250,250,Delayed
PO-12701,MED013,LOC003,SUP007,2025-12-14,2025-12-19,2025-12-19,250,250,Delivered
PO-12702,MED015,LOC003,SUP011,2025-12-14,2025-12-17,2025-12-17,500,500,Delivered
PO-12703,MED017,LOC001,SUP001,2025-12-14,2025-12-19,2025-12-19,1460,1460,Delivered
PO-12704,MED017,LOC003,SUP001,2025-12-14,2025-12-19,2025-12-19,1200,1200,Delivered
PO-12705,MED017,LOC005,SUP001,2025-12-14,2025-12-19,2025-12-19,500,500,Delivered
PO-12706,MED017,LOC006,SUP001,2025-12-14,2025-12-19,2025-12-19,1040,1040,Delivered
PO-12707,MED019,LOC005,SUP015,2025-12-14,2025-12-17,2025-12-17,450,450,Delivered
PO-12708,MED019,LOC007,SUP015,2025-12-14,2025-12-17,2025-12-17,80,80,Delivered
PO-12709,MED020,LOC003,SUP004,2025-12-14,2025-12-19,2025-12-19,800,800,Delivered
PO-12710,MED020,LOC005,SUP004,2025-12-14,2025-12-19,2025-12-19,340,340,Delivered
PO-12711,MED036,LOC003,SUP003,2025-12-14,2025-12-16,2025-12-16,1800,1800,Delivered
PO-12712,MED049,LOC004,SUP015,2025-12-14,2025-12-17,2025-12-17,410,410,Delivered
PO-12713,MED051,LOC005,SUP015,2025-12-14,2025-12-16,2025-12-16,1150,1150,Delivered
PO-12714,MED059,LOC005,SUP015,2025-12-14,2025-12-17,2025-12-17,220,220,Delivered
PO-12715,MED060,LOC004,SUP015,2025-12-14,2025-12-16,2025-12-16,50,50,Delivered
PO-12716,MED063,LOC002,SUP004,2025-12-14,2025-12-21,2025-12-21,190,190,Delivered
PO-12717,MED063,LOC004,SUP004,2025-12-14,2025-12-21,2025-12-21,70,70,Delivered
PO-12718,MED063,LOC006,SUP004,2025-12-14,2025-12-21,2025-12-21,350,350,Delivered
PO-12719,MED064,LOC002,SUP005,2025-12-14,2025-12-19,2025-12-19,1020,1020,Delivered
PO-12720,MED069,LOC002,SUP004,2025-12-14,2025-12-21,2025-12-21,1210,1210,Delivered
PO-12721,MED002,LOC002,SUP010,2025-12-15,2025-12-22,2025-12-22,250,250,Delivered
PO-12722,MED003,LOC001,SUP001,2025-12-15,2025-12-18,2025-12-18,360,360,Delivered
PO-12723,MED008,LOC003,SUP001,2025-12-15,2025-12-20,2025-12-20,450,450,Delivered
PO-12724,MED008,LOC006,SUP001,2025-12-15,2025-12-20,2025-12-20,450,450,Delivered
PO-12725,MED013,LOC001,SUP007,2025-12-15,2025-12-20,2025-12-20,300,300,Delivered
PO-12726,MED014,LOC005,SUP007,2025-12-15,2025-12-18,2025-12-18,190,190,Delivered
PO-12727,MED019,LOC004,SUP015,2025-12-15,2025-12-18,2025-12-18,170,170,Delivered
PO-12728,MED020,LOC001,SUP004,2025-12-15,2025-12-20,2025-12-20,1020,1020,Delivered
PO-12729,MED022,LOC004,SUP002,2025-12-15,2025-12-19,2025-12-19,150,150,Delivered
PO-12730,MED023,LOC004,SUP002,2025-12-15,2025-12-19,2025-12-19,320,320,Delivered
PO-12731,MED024,LOC003,SUP009,2025-12-15,2025-12-20,2025-12-21,1450,1450,Delayed
PO-12732,MED025,LOC004,SUP002,2025-12-15,2025-12-20,2025-12-20,440,440,Delivered
PO-12733,MED028,LOC006,SUP002,2025-12-15,2025-12-20,2025-12-20,540,540,Delivered
PO-12734,MED029,LOC002,SUP015,2025-12-15,2025-12-18,2025-12-18,110,110,Delivered
PO-12735,MED031,LOC003,SUP015,2025-12-15,2025-12-18,2025-12-18,1150,1150,Delivered
PO-12736,MED032,LOC002,SUP009,2025-12-15,2025-12-18,2025-12-18,260,260,Delivered
PO-12737,MED034,LOC002,SUP013,2025-12-15,2025-12-21,2025-12-21,120,120,Delivered
PO-12738,MED037,LOC004,SUP015,2025-12-15,2025-12-19,2025-12-19,390,390,Delivered
PO-12739,MED038,LOC005,SUP015,2025-12-15,2025-12-17,2025-12-17,50,50,Delivered
PO-12740,MED039,LOC004,SUP006,2025-12-15,2025-12-23,2025-12-23,50,50,Delivered
PO-12741,MED039,LOC005,SUP006,2025-12-15,2025-12-23,2025-12-23,50,50,Delivered
PO-12742,MED042,LOC003,SUP003,2025-12-15,2025-12-17,2025-12-17,680,680,Delivered
PO-12743,MED044,LOC005,SUP010,2025-12-15,2025-12-20,2025-12-20,210,210,Delivered
PO-12744,MED046,LOC004,SUP015,2025-12-15,2025-12-19,2025-12-19,180,180,Delivered
PO-12745,MED049,LOC001,SUP015,2025-12-15,2025-12-18,2025-12-18,2510,2510,Delivered
PO-12746,MED049,LOC005,SUP015,2025-12-15,2025-12-18,2025-12-18,880,880,Delivered
PO-12747,MED057,LOC002,SUP008,2025-12-15,2025-12-19,2025-12-19,240,240,Delivered
PO-12748,MED062,LOC001,SUP004,2025-12-15,2025-12-20,2025-12-20,1420,1420,Delivered
PO-12749,MED065,LOC007,SUP015,2025-12-15,2025-12-17,2025-12-17,60,60,Delivered
PO-12750,MED071,LOC001,SUP014,2025-12-15,2025-12-21,2025-12-21,160,160,Delivered
PO-12751,MED071,LOC006,SUP014,2025-12-15,2025-12-21,2025-12-21,110,110,Delivered
PO-12752,MED073,LOC001,SUP004,2025-12-15,2025-12-21,2025-12-21,210,210,Delivered
PO-12753,MED074,LOC003,SUP006,2025-12-15,2025-12-23,2025-12-23,90,90,Delivered
PO-12754,MED074,LOC006,SUP006,2025-12-15,2025-12-23,2025-12-23,70,70,Delivered
PO-12755,MED075,LOC002,SUP004,2025-12-15,2025-12-21,2025-12-21,340,340,Delivered
PO-12756,MED001,LOC005,SUP001,2025-12-16,2025-12-21,2025-12-21,340,340,Delivered
PO-12757,MED003,LOC004,SUP001,2025-12-16,2025-12-19,2025-12-19,50,50,Delivered
PO-12758,MED003,LOC005,SUP001,2025-12-16,2025-12-19,2025-12-19,150,150,Delivered
PO-12759,MED007,LOC005,SUP011,2025-12-16,2025-12-19,2025-12-19,460,460,Delivered
PO-12760,MED012,LOC006,SUP007,2025-12-16,2025-12-20,2025-12-20,660,660,Delivered
PO-12761,MED013,LOC004,SUP007,2025-12-16,2025-12-21,2025-12-21,50,50,Delivered
PO-12762,MED015,LOC002,SUP011,2025-12-16,2025-12-19,2025-12-19,250,250,Delivered
PO-12763,MED017,LOC004,SUP001,2025-12-16,2025-12-21,2025-12-21,240,240,Delivered
PO-12764,MED019,LOC002,SUP015,2025-12-16,2025-12-19,2025-12-19,550,550,Delivered
PO-12765,MED020,LOC007,SUP004,2025-12-16,2025-12-21,2025-12-21,220,220,Delivered
PO-12766,MED021,LOC005,SUP002,2025-12-16,2025-12-20,2025-12-23,550,550,Delayed
PO-12767,MED022,LOC003,SUP002,2025-12-16,2025-12-20,2025-12-20,840,840,Delivered
PO-12768,MED022,LOC007,SUP002,2025-12-16,2025-12-20,2025-12-20,70,70,Delivered
PO-12769,MED023,LOC002,SUP002,2025-12-16,2025-12-20,2025-12-20,790,790,Delivered
PO-12770,MED024,LOC001,SUP009,2025-12-16,2025-12-21,2025-12-21,1800,1800,Delivered
PO-12771,MED027,LOC006,SUP009,2025-12-16,2025-12-21,2025-12-21,900,900,Delivered
PO-12772,MED031,LOC007,SUP015,2025-12-16,2025-12-19,2025-12-19,90,90,Delivered
PO-12773,MED032,LOC003,SUP009,2025-12-16,2025-12-19,2025-12-19,530,530,Delivered
PO-12774,MED033,LOC003,SUP004,2025-12-16,2025-12-22,2025-12-22,130,130,Delivered
PO-12775,MED033,LOC004,SUP004,2025-12-16,2025-12-22,2025-12-22,50,50,Delivered
PO-12776,MED035,LOC003,SUP015,2025-12-16,2025-12-18,2025-12-18,200,200,Delivered
PO-12777,MED037,LOC006,SUP015,2025-12-16,2025-12-20,2025-12-20,1950,1950,Delivered
PO-12778,MED038,LOC003,SUP015,2025-12-16,2025-12-18,2025-12-18,120,120,Delivered
PO-12779,MED039,LOC006,SUP006,2025-12-16,2025-12-24,2025-12-24,80,80,Delivered
PO-12780,MED044,LOC003,SUP010,2025-12-16,2025-12-21,2025-12-21,440,440,Delivered
PO-12781,MED045,LOC002,SUP004,2025-12-16,2025-12-21,2025-12-21,310,310,Delivered
PO-12782,MED045,LOC007,SUP004,2025-12-16,2025-12-21,2025-12-24,60,60,Delayed
PO-12783,MED048,LOC004,SUP015,2025-12-16,2025-12-18,2025-12-18,70,70,Delivered
PO-12784,MED056,LOC002,SUP005,2025-12-16,2025-12-21,2025-12-21,340,340,Delivered
PO-12785,MED056,LOC003,SUP005,2025-12-16,2025-12-21,2025-12-21,720,720,Delivered
PO-12786,MED056,LOC006,SUP005,2025-12-16,2025-12-21,2025-12-21,620,620,Delivered
PO-12787,MED058,LOC003,SUP008,2025-12-16,2025-12-21,2025-12-21,590,590,Delivered
PO-12788,MED062,LOC006,SUP004,2025-12-16,2025-12-21,2025-12-21,960,960,Delivered
PO-12789,MED069,LOC001,SUP004,2025-12-16,2025-12-23,2025-12-23,3120,3120,Delivered
PO-12790,MED069,LOC003,SUP004,2025-12-16,2025-12-23,2025-12-23,2490,2490,Delivered
PO-12791,MED001,LOC003,SUP001,2025-12-17,2025-12-22,2025-12-22,720,720,Delivered
PO-12792,MED001,LOC004,SUP001,2025-12-17,2025-12-22,2025-12-22,150,150,Delivered
PO-12793,MED001,LOC006,SUP001,2025-12-17,2025-12-22,2025-12-22,1010,1010,Delivered
PO-12794,MED005,LOC001,SUP001,2025-12-17,2025-12-22,2025-12-22,340,340,Delivered
PO-12795,MED005,LOC004,SUP001,2025-12-17,2025-12-22,2025-12-22,50,50,Delivered
PO-12796,MED005,LOC005,SUP001,2025-12-17,2025-12-22,2025-12-22,150,150,Delivered
PO-12797,MED006,LOC003,SUP001,2025-12-17,2025-12-22,2025-12-22,880,880,Delivered
PO-12798,MED007,LOC004,SUP011,2025-12-17,2025-12-20,2025-12-20,240,240,Delivered
PO-12799,MED008,LOC005,SUP001,2025-12-17,2025-12-22,2025-12-22,230,230,Delivered
PO-12800,MED016,LOC006,SUP001,2025-12-17,2025-12-21,2025-12-21,1770,1770,Delivered
PO-12801,MED022,LOC002,SUP002,2025-12-17,2025-12-21,2025-12-21,370,370,Delivered
PO-12802,MED024,LOC002,SUP009,2025-12-17,2025-12-22,2025-12-22,710,710,Delivered
PO-12803,MED028,LOC002,SUP002,2025-12-17,2025-12-22,2025-12-22,300,300,Delivered
PO-12804,MED028,LOC007,SUP002,2025-12-17,2025-12-22,2025-12-22,50,50,Delivered
PO-12805,MED030,LOC003,SUP004,2025-12-17,2025-12-22,2025-12-22,170,170,Delivered
PO-12806,MED031,LOC005,SUP015,2025-12-17,2025-12-20,2025-12-20,480,480,Delivered
PO-12807,MED032,LOC005,SUP009,2025-12-17,2025-12-20,2025-12-20,220,220,Delivered
PO-12808,MED033,LOC005,SUP004,2025-12-17,2025-12-23,2025-12-23,70,70,Delivered
PO-12809,MED036,LOC004,SUP003,2025-12-17,2025-12-19,2025-12-19,380,380,Delivered
PO-12810,MED036,LOC005,SUP003,2025-12-17,2025-12-19,2025-12-19,740,740,Delivered
PO-12811,MED036,LOC007,SUP003,2025-12-17,2025-12-19,2025-12-19,140,140,Delivered
PO-12812,MED042,LOC001,SUP003,2025-12-17,2025-12-19,2025-12-19,810,810,Delivered
PO-12813,MED045,LOC005,SUP004,2025-12-17,2025-12-22,2025-12-22,280,280,Delivered
PO-12814,MED048,LOC001,SUP015,2025-12-17,2025-12-19,2025-12-19,530,530,Delivered
PO-12815,MED048,LOC003,SUP015,2025-12-17,2025-12-19,2025-12-19,410,410,Delivered
PO-12816,MED054,LOC001,SUP015,2025-12-17,2025-12-19,2025-12-19,430,430,Delivered
PO-12817,MED057,LOC007,SUP008,2025-12-17,2025-12-21,2025-12-21,60,60,Delivered
PO-12818,MED061,LOC007,SUP004,2025-12-17,2025-12-24,2025-12-24,70,70,Delivered
PO-12819,MED062,LOC003,SUP004,2025-12-17,2025-12-22,2025-12-22,1090,1090,Delivered
PO-12820,MED067,LOC003,SUP012,2025-12-17,2025-12-23,2025-12-23,810,810,Delivered
PO-12821,MED070,LOC005,SUP004,2025-12-17,2025-12-23,2025-12-23,190,190,Delivered
PO-12822,MED072,LOC006,SUP006,2025-12-17,2025-12-24,2025-12-24,80,80,Delivered
PO-12823,MED004,LOC006,SUP001,2025-12-18,2025-12-22,2025-12-22,520,520,Delivered
PO-12824,MED010,LOC006,SUP007,2025-12-18,2025-12-22,2025-12-22,680,680,Delivered
PO-12825,MED011,LOC004,SUP011,2025-12-18,2025-12-23,2025-12-23,70,70,Delivered
PO-12826,MED012,LOC001,SUP007,2025-12-18,2025-12-22,2025-12-22,860,860,Delivered
PO-12827,MED014,LOC002,SUP007,2025-12-18,2025-12-21,2025-12-22,210,210,Delayed
PO-12828,MED015,LOC004,SUP011,2025-12-18,2025-12-21,2025-12-21,80,80,Delivered
PO-12829,MED016,LOC004,SUP001,2025-12-18,2025-12-22,2025-12-22,370,370,Delivered
PO-12830,MED017,LOC002,SUP001,2025-12-18,2025-12-23,2025-12-23,590,590,Delivered
PO-12831,MED023,LOC005,SUP002,2025-12-18,2025-12-22,2025-12-22,660,660,Delivered
PO-12832,MED025,LOC003,SUP002,2025-12-18,2025-12-23,2025-12-23,2440,2440,Delivered
PO-12833,MED025,LOC006,SUP002,2025-12-18,2025-12-23,2025-12-23,2330,2330,Delivered
PO-12834,MED026,LOC003,SUP002,2025-12-18,2025-12-24,2025-12-27,1850,1850,Delayed
PO-12835,MED028,LOC003,SUP002,2025-12-18,2025-12-23,2025-12-23,540,540,Delivered
PO-12836,MED029,LOC005,SUP015,2025-12-18,2025-12-21,2025-12-21,100,100,Delivered
PO-12837,MED030,LOC006,SUP004,2025-12-18,2025-12-23,2025-12-23,160,160,Delivered
PO-12838,MED031,LOC002,SUP015,2025-12-18,2025-12-21,2025-12-21,550,550,Delivered
PO-12839,MED032,LOC004,SUP009,2025-12-18,2025-12-21,2025-12-21,100,100,Delivered
PO-12840,MED034,LOC004,SUP013,2025-12-18,2025-12-24,2025-12-24,50,50,Delivered
PO-12841,MED035,LOC001,SUP015,2025-12-18,2025-12-20,2025-12-20,270,270,Delivered
PO-12842,MED035,LOC006,SUP015,2025-12-18,2025-12-20,2025-12-20,210,210,Delivered
PO-12843,MED040,LOC006,SUP004,2025-12-18,2025-12-23,2025-12-23,130,130,Delivered
PO-12844,MED042,LOC007,SUP003,2025-12-18,2025-12-20,2025-12-20,50,50,Delivered
PO-12845,MED044,LOC001,SUP010,2025-12-18,2025-12-23,2025-12-23,530,530,Delivered
PO-12846,MED044,LOC004,SUP010,2025-12-18,2025-12-23,2025-12-23,80,80,Delivered
PO-12847,MED046,LOC006,SUP015,2025-12-18,2025-12-22,2025-12-22,860,860,Delivered
PO-12848,MED047,LOC003,SUP015,2025-12-18,2025-12-21,2025-12-21,610,610,Delivered
PO-12849,MED050,LOC002,SUP005,2025-12-18,2025-12-22,2025-12-22,1780,1780,Delivered
PO-12850,MED053,LOC006,SUP010,2025-12-18,2025-12-24,2025-12-26,350,350,Delayed
PO-12851,MED054,LOC003,SUP015,2025-12-18,2025-12-20,2025-12-20,320,320,Delivered
PO-12852,MED057,LOC001,SUP008,2025-12-18,2025-12-22,2025-12-22,710,710,Delivered
PO-12853,MED057,LOC006,SUP008,2025-12-18,2025-12-22,2025-12-22,560,560,Delivered
PO-12854,MED059,LOC003,SUP015,2025-12-18,2025-12-21,2025-12-21,490,490,Delivered
PO-12855,MED060,LOC005,SUP015,2025-12-18,2025-12-20,2025-12-20,50,50,Delivered
PO-12856,MED063,LOC003,SUP004,2025-12-18,2025-12-25,2025-12-25,390,390,Delivered
PO-12857,MED065,LOC002,SUP015,2025-12-18,2025-12-20,2025-12-20,360,360,Delivered
PO-12858,MED071,LOC003,SUP014,2025-12-18,2025-12-24,2025-12-24,110,110,Delivered
PO-12859,MED001,LOC002,SUP001,2025-12-19,2025-12-24,2025-12-24,360,360,Delivered
PO-12860,MED002,LOC007,SUP010,2025-12-19,2025-12-26,2025-12-26,50,50,Delivered
PO-12861,MED006,LOC006,SUP001,2025-12-19,2025-12-24,2025-12-27,1190,1190,Delayed
PO-12862,MED011,LOC001,SUP011,2025-12-19,2025-12-24,2025-12-24,440,440,Delivered
PO-12863,MED011,LOC003,SUP011,2025-12-19,2025-12-24,2025-12-24,320,320,Delivered
PO-12864,MED014,LOC004,SUP007,2025-12-19,2025-12-22,2025-12-22,80,80,Delivered
PO-12865,MED020,LOC002,SUP004,2025-12-19,2025-12-24,2025-12-24,370,370,Delivered
PO-12866,MED021,LOC004,SUP002,2025-12-19,2025-12-23,2025-12-23,250,250,Delivered
PO-12867,MED025,LOC002,SUP002,2025-12-19,2025-12-24,2025-12-24,1210,1210,Delivered
PO-12868,MED028,LOC004,SUP002,2025-12-19,2025-12-24,2025-12-24,120,120,Delivered
PO-12869,MED037,LOC001,SUP015,2025-12-19,2025-12-23,2025-12-23,2540,2540,Delivered
PO-12870,MED039,LOC001,SUP006,2025-12-19,2025-12-27,2025-12-27,50,50,Delivered
PO-12871,MED039,LOC003,SUP006,2025-12-19,2025-12-27,2025-12-27,50,50,Delivered
PO-12872,MED040,LOC001,SUP004,2025-12-19,2025-12-24,2025-12-24,180,180,Delivered
PO-12873,MED041,LOC001,SUP015,2025-12-19,2025-12-21,2025-12-21,240,240,Delivered
PO-12874,MED043,LOC001,SUP003,2025-12-19,2025-12-21,2025-12-21,270,270,Delivered
PO-12875,MED054,LOC002,SUP015,2025-12-19,2025-12-21,2025-12-21,190,190,Delivered
PO-12876,MED060,LOC003,SUP015,2025-12-19,2025-12-21,2025-12-21,90,90,Delivered
PO-12877,MED064,LOC005,SUP005,2025-12-19,2025-12-24,2025-12-24,840,840,Delivered
PO-12878,MED065,LOC001,SUP015,2025-12-19,2025-12-21,2025-12-21,890,890,Delivered
PO-12879,MED066,LOC007,SUP004,2025-12-19,2025-12-25,2025-12-25,100,100,Delivered
PO-12880,MED074,LOC005,SUP006,2025-12-19,2025-12-27,2025-12-27,50,50,Delivered
PO-12881,MED075,LOC001,SUP004,2025-12-19,2025-12-25,2025-12-25,860,860,Delivered
PO-12882,MED075,LOC007,SUP004,2025-12-19,2025-12-25,2025-12-25,50,50,Delivered
PO-12883,MED002,LOC004,SUP010,2025-12-20,2025-12-27,2025-12-27,90,90,Delivered
PO-12884,MED002,LOC006,SUP010,2025-12-20,2025-12-27,2025-12-27,740,740,Delivered
PO-12885,MED003,LOC002,SUP001,2025-12-20,2025-12-23,2025-12-23,150,150,Delivered
PO-12886,MED005,LOC002,SUP001,2025-12-20,2025-12-25,2025-12-25,170,170,Delivered
PO-12887,MED006,LOC002,SUP001,2025-12-20,2025-12-25,2025-12-25,460,460,Delivered
PO-12888,MED008,LOC004,SUP001,2025-12-20,2025-12-25,2025-12-25,120,120,Delivered
PO-12889,MED009,LOC002,SUP007,2025-12-20,2025-12-24,2025-12-24,680,680,Delivered
PO-12890,MED009,LOC007,SUP007,2025-12-20,2025-12-24,2025-12-24,100,100,Delivered
PO-12891,MED013,LOC002,SUP007,2025-12-20,2025-12-25,2025-12-25,140,140,Delivered
PO-12892,MED013,LOC006,SUP007,2025-12-20,2025-12-25,2025-12-26,200,200,Delayed
PO-12893,MED016,LOC007,SUP001,2025-12-20,2025-12-24,2025-12-24,160,160,Delivered
PO-12894,MED018,LOC004,SUP001,2025-12-20,2025-12-23,2025-12-23,290,290,Delivered
PO-12895,MED021,LOC006,SUP002,2025-12-20,2025-12-24,2025-12-24,1320,1320,Delivered
PO-12896,MED025,LOC001,SUP002,2025-12-20,2025-12-25,2025-12-25,3040,3040,Delivered
PO-12897,MED026,LOC001,SUP002,2025-12-20,2025-12-26,2025-12-26,2380,2380,Delivered
PO-12898,MED027,LOC001,SUP009,2025-12-20,2025-12-25,2025-12-25,1220,1220,Delivered
PO-12899,MED027,LOC003,SUP009,2025-12-20,2025-12-25,2025-12-25,970,970,Delivered
PO-12900,MED029,LOC006,SUP015,2025-12-20,2025-12-23,2025-12-23,200,200,Delivered
PO-12901,MED030,LOC001,SUP004,2025-12-20,2025-12-25,2025-12-25,230,230,Delivered
PO-12902,MED030,LOC004,SUP004,2025-12-20,2025-12-25,2025-12-25,50,50,Delivered
PO-12903,MED038,LOC001,SUP015,2025-12-20,2025-12-22,2025-12-22,150,150,Delivered
PO-12904,MED040,LOC004,SUP004,2025-12-20,2025-12-25,2025-12-25,50,50,Delivered
PO-12905,MED041,LOC006,SUP015,2025-12-20,2025-12-22,2025-12-22,180,180,Delivered
PO-12906,MED043,LOC004,SUP003,2025-12-20,2025-12-22,2025-12-22,60,60,Delivered
PO-12907,MED045,LOC003,SUP004,2025-12-20,2025-12-25,2025-12-28,580,580,Delayed
PO-12908,MED047,LOC002,SUP015,2025-12-20,2025-12-23,2025-12-23,300,300,Delivered
PO-12909,MED048,LOC007,SUP015,2025-12-20,2025-12-22,2025-12-22,50,50,Delivered
PO-12910,MED050,LOC005,SUP005,2025-12-20,2025-12-24,2025-12-24,1420,1420,Delivered
PO-12911,MED053,LOC001,SUP010,2025-12-20,2025-12-26,2025-12-26,300,300,Delivered
PO-12912,MED053,LOC004,SUP010,2025-12-20,2025-12-26,2025-12-26,50,50,Delivered
PO-12913,MED067,LOC006,SUP012,2025-12-20,2025-12-26,2025-12-26,750,750,Delivered
PO-12914,MED069,LOC006,SUP004,2025-12-20,2025-12-27,2025-12-27,3620,3620,Delivered
PO-12915,MED071,LOC004,SUP014,2025-12-20,2025-12-26,2025-12-26,50,50,Delivered
PO-12916,MED073,LOC002,SUP004,2025-12-20,2025-12-26,2025-12-26,90,90,Delivered
PO-12917,MED003,LOC006,SUP001,2025-12-21,2025-12-24,2025-12-24,380,380,Delivered
PO-12918,MED006,LOC005,SUP001,2025-12-21,2025-12-26,2025-12-26,340,340,Delivered
PO-12919,MED009,LOC001,SUP007,2025-12-21,2025-12-25,2025-12-25,1600,1600,Delivered
PO-12920,MED012,LOC002,SUP007,2025-12-21,2025-12-25,2025-12-25,380,380,Delivered
PO-12921,MED015,LOC005,SUP011,2025-12-21,2025-12-24,2025-12-24,220,220,Delivered
PO-12922,MED021,LOC002,SUP002,2025-12-21,2025-12-25,2025-12-25,700,700,Delivered
PO-12923,MED021,LOC003,SUP002,2025-12-21,2025-12-25,2025-12-25,1330,1330,Delivered
PO-12924,MED027,LOC005,SUP009,2025-12-21,2025-12-26,2025-12-28,380,380,Delayed
PO-12925,MED037,LOC002,SUP015,2025-12-21,2025-12-25,2025-12-25,1090,1090,Delivered
PO-12926,MED042,LOC006,SUP003,2025-12-21,2025-12-23,2025-12-25,660,660,Delayed
PO-12927,MED048,LOC006,SUP015,2025-12-21,2025-12-23,2025-12-23,380,380,Delivered
PO-12928,MED050,LOC007,SUP005,2025-12-21,2025-12-25,2025-12-25,270,270,Delivered
PO-12929,MED054,LOC006,SUP015,2025-12-21,2025-12-23,2025-12-23,270,270,Delivered
PO-12930,MED054,LOC007,SUP015,2025-12-21,2025-12-23,2025-12-23,50,50,Delivered
PO-12931,MED057,LOC005,SUP008,2025-12-21,2025-12-25,2025-12-25,260,260,Delivered
PO-12932,MED063,LOC007,SUP004,2025-12-21,2025-12-28,2025-12-28,50,50,Delivered
PO-12933,MED066,LOC006,SUP004,2025-12-21,2025-12-27,2025-12-27,950,950,Delivered
PO-12934,MED068,LOC004,SUP004,2025-12-21,2025-12-27,2025-12-27,670,670,Delivered
PO-12935,MED074,LOC002,SUP006,2025-12-21,2025-12-29,2025-12-29,50,50,Delivered
PO-12936,MED004,LOC001,SUP001,2025-12-22,2025-12-26,2025-12-26,420,420,Delivered
PO-12937,MED004,LOC002,SUP001,2025-12-22,2025-12-26,2025-12-26,190,190,Delivered
PO-12938,MED010,LOC003,SUP007,2025-12-22,2025-12-26,2025-12-27,780,780,Delayed
PO-12939,MED016,LOC001,SUP001,2025-12-22,2025-12-26,2025-12-26,2470,2470,Delivered
PO-12940,MED022,LOC001,SUP002,2025-12-22,2025-12-26,2025-12-26,950,950,Delivered
PO-12941,MED028,LOC005,SUP002,2025-12-22,2025-12-27,2025-12-27,210,210,Delivered
PO-12942,MED034,LOC005,SUP013,2025-12-22,2025-12-28,2025-12-28,110,110,Delivered
PO-12943,MED042,LOC005,SUP003,2025-12-22,2025-12-24,2025-12-24,270,270,Delivered
PO-12944,MED043,LOC003,SUP003,2025-12-22,2025-12-24,2025-12-24,270,270,Delivered
PO-12945,MED043,LOC005,SUP003,2025-12-22,2025-12-24,2025-12-24,90,90,Delivered
PO-12946,MED046,LOC001,SUP015,2025-12-22,2025-12-26,2025-12-26,1180,1180,Delivered
PO-12947,MED047,LOC006,SUP015,2025-12-22,2025-12-25,2025-12-25,560,560,Delivered
PO-12948,MED053,LOC002,SUP010,2025-12-22,2025-12-28,2025-12-28,110,110,Delivered
PO-12949,MED058,LOC002,SUP008,2025-12-22,2025-12-27,2025-12-27,280,280,Delivered
PO-12950,MED061,LOC001,SUP004,2025-12-22,2025-12-29,2025-12-29,1170,1170,Delivered
PO-12951,MED070,LOC003,SUP004,2025-12-22,2025-12-28,2025-12-28,450,450,Delivered
PO-12952,MED070,LOC006,SUP004,2025-12-22,2025-12-28,2025-12-28,410,410,Delivered
PO-12953,MED072,LOC001,SUP006,2025-12-22,2025-12-29,2025-12-31,70,70,Delayed
PO-12954,MED075,LOC005,SUP004,2025-12-22,2025-12-28,2025-12-28,250,250,Delivered
PO-12955,MED008,LOC002,SUP001,2025-12-23,2025-12-28,2025-12-28,290,290,Delivered
PO-12956,MED009,LOC006,SUP007,2025-12-23,2025-12-27,2025-12-27,1060,1060,Delivered
PO-12957,MED015,LOC007,SUP011,2025-12-23,2025-12-26,2025-12-26,110,110,Delivered
PO-12958,MED019,LOC001,SUP015,2025-12-23,2025-12-26,2025-12-26,1240,1240,Delivered
PO-12959,MED031,LOC006,SUP015,2025-12-23,2025-12-26,2025-12-26,1040,1040,Delivered
PO-12960,MED035,LOC004,SUP015,2025-12-23,2025-12-25,2025-12-25,50,50,Delivered
PO-12961,MED040,LOC002,SUP004,2025-12-23,2025-12-28,2025-12-30,80,80,Delayed
PO-12962,MED041,LOC003,SUP015,2025-12-23,2025-12-25,2025-12-25,180,180,Delivered
PO-12963,MED041,LOC004,SUP015,2025-12-23,2025-12-25,2025-12-25,50,50,Delivered
PO-12964,MED058,LOC005,SUP008,2025-12-23,2025-12-28,2025-12-28,280,280,Delivered
PO-12965,MED061,LOC002,SUP004,2025-12-23,2025-12-30,2025-12-30,510,510,Delivered
PO-12966,MED061,LOC003,SUP004,2025-12-23,2025-12-30,2025-12-30,930,930,Delivered
PO-12967,MED061,LOC005,SUP004,2025-12-23,2025-12-30,2025-12-30,400,400,Delivered
PO-12968,MED065,LOC003,SUP015,2025-12-23,2025-12-25,2025-12-25,750,750,Delivered
PO-12969,MED066,LOC003,SUP004,2025-12-23,2025-12-29,2025-12-29,980,980,Delivered
PO-12970,MED066,LOC004,SUP004,2025-12-23,2025-12-29,2025-12-29,190,190,Delivered
PO-12971,MED067,LOC001,SUP012,2025-12-23,2025-12-29,2025-12-29,980,980,Delivered
PO-12972,MED069,LOC007,SUP004,2025-12-23,2025-12-30,2025-12-30,190,190,Delivered
PO-12973,MED075,LOC003,SUP004,2025-12-23,2025-12-29,2025-12-29,620,620,Delivered
PO-12974,MED075,LOC006,SUP004,2025-12-23,2025-12-29,2025-12-29,600,600,Delivered
PO-12975,MED008,LOC007,SUP001,2025-12-24,2025-12-29,2025-12-29,120,120,Delivered
PO-12976,MED012,LOC003,SUP007,2025-12-24,2025-12-28,2025-12-28,630,630,Delivered
PO-12977,MED020,LOC004,SUP004,2025-12-24,2025-12-29,2025-12-29,140,140,Delivered
PO-12978,MED026,LOC004,SUP002,2025-12-24,2025-12-30,2025-12-30,340,340,Delivered
PO-12979,MED027,LOC007,SUP009,2025-12-24,2025-12-29,2025-12-29,60,60,Delivered
PO-12980,MED030,LOC002,SUP004,2025-12-24,2025-12-29,2025-12-29,90,90,Delivered
PO-12981,MED033,LOC002,SUP004,2025-12-24,2025-12-30,2026-01-02,100,100,Delayed
PO-12982,MED034,LOC006,SUP013,2025-12-24,2025-12-30,2025-12-30,230,230,Delivered
PO-12983,MED036,LOC002,SUP003,2025-12-24,2025-12-26,2025-12-26,950,950,Delivered
PO-12984,MED037,LOC003,SUP015,2025-12-24,2025-12-28,2025-12-30,2050,2050,Delayed
PO-12985,MED038,LOC002,SUP015,2025-12-24,2025-12-26,2025-12-26,50,50,Delivered
PO-12986,MED040,LOC005,SUP004,2025-12-24,2025-12-29,2025-12-29,60,60,Delivered
PO-12987,MED045,LOC004,SUP004,2025-12-24,2025-12-29,2025-12-29,130,130,Delivered
PO-12988,MED050,LOC006,SUP005,2025-12-24,2025-12-28,2025-12-28,3020,3020,Delivered
PO-12989,MED052,LOC005,SUP015,2025-12-24,2025-12-27,2025-12-27,140,140,Delivered
PO-12990,MED053,LOC005,SUP010,2025-12-24,2025-12-30,2025-12-30,100,100,Delivered
PO-12991,MED055,LOC004,SUP015,2025-12-24,2025-12-27,2025-12-27,140,140,Delivered
PO-12992,MED059,LOC004,SUP015,2025-12-24,2025-12-27,2025-12-27,90,90,Delivered
PO-12993,MED061,LOC004,SUP004,2025-12-24,2025-12-31,2026-01-01,190,190,Delayed
PO-12994,MED062,LOC005,SUP004,2025-12-24,2025-12-29,2025-12-29,400,400,Delivered
PO-12995,MED066,LOC001,SUP004,2025-12-24,2025-12-30,2025-12-30,1140,1140,Delivered
PO-12996,MED068,LOC001,SUP004,2025-12-24,2025-12-30,2025-12-30,4050,4050,Delivered
PO-12997,MED069,LOC004,SUP004,2025-12-24,2025-12-31,2025-12-31,450,450,Delivered
PO-12998,MED071,LOC005,SUP014,2025-12-24,2025-12-30,2025-12-30,50,50,Delivered
PO-12999,MED073,LOC004,SUP004,2025-12-24,2025-12-30,2025-12-30,50,50,Delivered
PO-13000,MED016,LOC003,SUP001,2025-12-25,2025-12-29,2025-12-29,1860,1860,Delivered
PO-13001,MED018,LOC001,SUP001,2025-12-25,2025-12-28,2025-12-28,1960,1960,Delivered
PO-13002,MED024,LOC005,SUP009,2025-12-25,2025-12-30,2025-12-30,560,560,Delivered
PO-13003,MED034,LOC001,SUP013,2025-12-25,2025-12-31,2025-12-31,330,330,Delivered
PO-13004,MED034,LOC007,SUP013,2025-12-25,2025-12-31,2025-12-31,50,50,Delivered
PO-13005,MED041,LOC002,SUP015,2025-12-25,2025-12-27,2025-12-27,100,100,Delivered
PO-13006,MED042,LOC002,SUP003,2025-12-25,2025-12-27,2025-12-27,330,330,Delivered
PO-13007,MED042,LOC004,SUP003,2025-12-25,2025-12-27,2025-12-27,110,110,Delivered
PO-13008,MED048,LOC002,SUP015,2025-12-25,2025-12-27,2025-12-27,170,170,Delivered
PO-13009,MED049,LOC007,SUP015,2025-12-25,2025-12-28,2025-12-28,160,160,Delivered
PO-13010,MED055,LOC005,SUP015,2025-12-25,2025-12-28,2025-12-28,300,300,Delivered
PO-13011,MED060,LOC002,SUP015,2025-12-25,2025-12-27,2025-12-27,50,50,Delivered
PO-13012,MED066,LOC002,SUP004,2025-12-25,2025-12-31,2025-12-31,440,440,Delivered
PO-13013,MED073,LOC003,SUP004,2025-12-25,2025-12-31,2025-12-31,200,200,Delivered
PO-13014,MED073,LOC006,SUP004,2025-12-25,2025-12-31,2025-12-31,150,150,Delivered
PO-13015,MED007,LOC003,SUP011,2025-12-26,2025-12-29,2025-12-29,1180,1180,Delivered
PO-13016,MED009,LOC003,SUP007,2025-12-26,2025-12-30,2025-12-30,1260,1260,Delivered
PO-13017,MED009,LOC004,SUP007,2025-12-26,2025-12-30,2025-12-30,210,210,Delivered
PO-13018,MED010,LOC001,SUP007,2025-12-26,2025-12-30,2025-12-30,970,970,Delivered
PO-13019,MED011,LOC002,SUP011,2025-12-26,2025-12-31,2025-12-31,170,170,Delivered
PO-13020,MED014,LOC006,SUP007,2025-12-26,2025-12-29,2025-12-29,350,350,Delivered
PO-13021,MED016,LOC002,SUP001,2025-12-26,2025-12-30,2025-12-30,940,940,Delivered
PO-13022,MED022,LOC005,SUP002,2025-12-26,2025-12-30,2025-12-30,310,310,Delivered
PO-13023,MED022,LOC006,SUP002,2025-12-26,2025-12-30,2025-12-31,660,660,Delayed
PO-13024,MED023,LOC003,SUP002,2025-12-26,2025-12-30,2025-12-30,1380,1380,Delivered
PO-13025,MED031,LOC001,SUP015,2025-12-26,2025-12-29,2025-12-29,1310,1310,Delivered
PO-13026,MED032,LOC001,SUP009,2025-12-26,2025-12-29,2025-12-29,610,610,Delivered
PO-13027,MED044,LOC002,SUP010,2025-12-26,2025-12-31,2025-12-31,240,240,Delivered
PO-13028,MED045,LOC006,SUP004,2025-12-26,2025-12-31,2025-12-31,550,550,Delivered
PO-13029,MED046,LOC003,SUP015,2025-12-26,2025-12-30,2025-12-30,900,900,Delivered
PO-13030,MED049,LOC006,SUP015,2025-12-26,2025-12-29,2025-12-29,1740,1740,Delivered
PO-13031,MED051,LOC007,SUP015,2025-12-26,2025-12-28,2025-12-28,220,220,Delivered
PO-13032,MED052,LOC006,SUP015,2025-12-26,2025-12-29,2025-12-29,320,320,Delivered
PO-13033,MED055,LOC003,SUP015,2025-12-26,2025-12-29,2025-12-29,840,840,Delivered
PO-13034,MED060,LOC006,SUP015,2025-12-26,2025-12-28,2025-12-28,70,70,Delivered
PO-13035,MED063,LOC005,SUP004,2025-12-26,2026-01-02,2026-01-02,140,140,Delivered
PO-13036,MED064,LOC007,SUP005,2025-12-26,2025-12-31,2025-12-31,170,170,Delivered
PO-13037,MED065,LOC005,SUP015,2025-12-26,2025-12-28,2025-12-28,260,260,Delivered
PO-13038,MED067,LOC005,SUP012,2025-12-26,2026-01-01,2026-01-01,300,300,Delivered
PO-13039,MED067,LOC007,SUP012,2025-12-26,2026-01-01,2026-01-01,70,70,Delivered
PO-13040,MED002,LOC005,SUP010,2025-12-27,2026-01-03,2026-01-03,180,180,Delivered
PO-13041,MED004,LOC003,SUP001,2025-12-27,2025-12-31,2025-12-31,350,350,Delivered
PO-13042,MED008,LOC003,SUP001,2025-12-27,2026-01-01,2026-01-01,510,510,Delivered
PO-13043,MED010,LOC002,SUP007,2025-12-27,2025-12-31,2025-12-31,360,360,Delivered
PO-13044,MED015,LOC006,SUP011,2025-12-27,2025-12-30,2025-12-30,410,410,Delivered
PO-13045,MED017,LOC005,SUP001,2025-12-27,2026-01-01,2026-01-01,510,510,Delivered
PO-13046,MED021,LOC001,SUP002,2025-12-27,2025-12-31,2025-12-31,1600,1600,Delivered
PO-13047,MED026,LOC002,SUP002,2025-12-27,2026-01-02,2026-01-02,850,850,Delivered
PO-13048,MED033,LOC003,SUP004,2025-12-27,2026-01-02,2026-01-02,150,150,Delivered
PO-13049,MED051,LOC001,SUP015,2025-12-27,2025-12-29,2025-12-29,3210,3210,Delivered
PO-13050,MED054,LOC004,SUP015,2025-12-27,2025-12-29,2025-12-29,50,50,Delivered
PO-13051,MED057,LOC004,SUP008,2025-12-27,2025-12-31,2025-12-31,280,280,Delivered
PO-13052,MED068,LOC002,SUP004,2025-12-27,2026-01-02,2026-01-02,1650,1650,Delivered
PO-13053,MED068,LOC005,SUP004,2025-12-27,2026-01-02,2026-01-02,1270,1270,Delivered
PO-13054,MED005,LOC006,SUP001,2025-12-28,2026-01-02,2026-01-02,330,330,Delivered
PO-13055,MED033,LOC006,SUP004,2025-12-28,2026-01-03,2026-01-03,110,110,Delivered
PO-13056,MED034,LOC003,SUP013,2025-12-28,2026-01-03,2026-01-03,260,260,Delivered
PO-13057,MED040,LOC003,SUP004,2025-12-28,2026-01-02,2026-01-02,130,130,Delivered
PO-13058,MED048,LOC005,SUP015,2025-12-28,2025-12-30,2025-12-30,150,150,Delivered
PO-13059,MED049,LOC002,SUP015,2025-12-28,2025-12-31,2025-12-31,1000,1000,Delivered
PO-13060,MED049,LOC003,SUP015,2025-12-28,2025-12-31,2025-12-31,1780,1780,Delivered
PO-13061,MED050,LOC003,SUP005,2025-12-28,2026-01-01,2026-01-01,3350,3350,Delivered
PO-13062,MED051,LOC003,SUP015,2025-12-28,2025-12-30,2025-12-30,2610,2610,Delivered
PO-13063,MED051,LOC004,SUP015,2025-12-28,2025-12-30,2025-12-30,390,390,Delivered
PO-13064,MED056,LOC001,SUP005,2025-12-28,2026-01-02,2026-01-02,830,830,Delivered
PO-13065,MED057,LOC003,SUP008,2025-12-28,2026-01-01,2026-01-01,550,550,Delivered
PO-13066,MED063,LOC001,SUP004,2025-12-28,2026-01-04,2026-01-04,440,440,Delivered
PO-13067,MED065,LOC004,SUP015,2025-12-28,2025-12-30,2025-12-30,130,130,Delivered
PO-13068,MED067,LOC002,SUP012,2025-12-28,2026-01-03,2026-01-03,390,390,Delivered
PO-13069,MED067,LOC004,SUP012,2025-12-28,2026-01-03,2026-01-03,140,140,Delivered
PO-13070,MED068,LOC003,SUP004,2025-12-28,2026-01-03,2026-01-03,3150,3150,Delivered
PO-13071,MED070,LOC001,SUP004,2025-12-28,2026-01-03,2026-01-03,500,500,Delivered
PO-13072,MED001,LOC001,SUP001,2025-12-29,2026-01-03,2026-01-03,810,810,Delivered
PO-13073,MED007,LOC007,SUP011,2025-12-29,2026-01-01,2026-01-01,330,330,Delivered
PO-13074,MED010,LOC004,SUP007,2025-12-29,2026-01-02,2026-01-02,160,160,Delivered
PO-13075,MED011,LOC005,SUP011,2025-12-29,2026-01-03,2026-01-03,130,130,Delivered
PO-13076,MED011,LOC007,SUP011,2025-12-29,2026-01-03,2026-01-03,100,100,Delivered
PO-13077,MED013,LOC004,SUP007,2025-12-29,2026-01-03,2026-01-03,50,50,Delivered
PO-13078,MED019,LOC007,SUP015,2025-12-29,2026-01-01,2026-01-01,90,90,Delivered
PO-13079,MED020,LOC006,SUP004,2025-12-29,2026-01-03,2026-01-03,650,650,Delivered
PO-13080,MED023,LOC006,SUP002,2025-12-29,2026-01-02,2026-01-02,1270,1270,Delivered
PO-13081,MED024,LOC006,SUP009,2025-12-29,2026-01-03,2026-01-06,1230,1230,Delayed
PO-13082,MED025,LOC005,SUP002,2025-12-29,2026-01-03,2026-01-03,900,900,Delivered
PO-13083,MED026,LOC006,SUP002,2025-12-29,2026-01-04,2026-01-04,1410,1410,Delivered
PO-13084,MED034,LOC002,SUP013,2025-12-29,2026-01-04,2026-01-04,130,130,Delivered
PO-13085,MED035,LOC005,SUP015,2025-12-29,2025-12-31,2025-12-31,90,90,Delivered
PO-13086,MED051,LOC006,SUP015,2025-12-29,2025-12-31,2025-12-31,2250,2250,Delivered
PO-13087,MED061,LOC007,SUP004,2025-12-29,2026-01-05,2026-01-05,80,80,Delivered
PO-13088,MED066,LOC005,SUP004,2025-12-29,2026-01-04,2026-01-04,350,350,Delivered
PO-13089,MED069,LOC002,SUP004,2025-12-29,2026-01-05,2026-01-05,1130,1130,Delivered
PO-13090,MED071,LOC006,SUP014,2025-12-29,2026-01-04,2026-01-04,100,100,Delivered
PO-13091,MED073,LOC001,SUP004,2025-12-29,2026-01-04,2026-01-04,230,230,Delivered
PO-13092,MED002,LOC003,SUP010,2025-12-30,2026-01-06,2026-01-06,450,450,Delivered
PO-13093,MED010,LOC005,SUP007,2025-12-30,2026-01-03,2026-01-03,280,280,Delivered
PO-13094,MED012,LOC005,SUP007,2025-12-30,2026-01-03,2026-01-03,250,250,Delivered
PO-13095,MED016,LOC005,SUP001,2025-12-30,2026-01-03,2026-01-03,750,750,Delivered
PO-13096,MED019,LOC006,SUP015,2025-12-30,2026-01-02,2026-01-02,790,790,Delivered
PO-13097,MED024,LOC004,SUP009,2025-12-30,2026-01-04,2026-01-04,240,240,Delivered
PO-13098,MED027,LOC004,SUP009,2025-12-30,2026-01-04,2026-01-04,170,170,Delivered
PO-13099,MED030,LOC005,SUP004,2025-12-30,2026-01-04,2026-01-05,90,90,Delayed
PO-13100,MED031,LOC004,SUP015,2025-12-30,2026-01-02,2026-01-02,180,180,Delivered
PO-13101,MED037,LOC005,SUP015,2025-12-30,2026-01-03,2026-01-03,750,750,Delivered
PO-13102,MED038,LOC006,SUP015,2025-12-30,2026-01-01,2026-01-01,90,90,Delivered
PO-13103,MED043,LOC002,SUP003,2025-12-30,2026-01-01,2026-01-01,110,110,Delivered
PO-13104,MED046,LOC002,SUP015,2025-12-30,2026-01-03,2026-01-03,360,360,Delivered
PO-13105,MED050,LOC001,SUP005,2025-12-30,2026-01-03,2026-01-03,4070,4070,Delivered
PO-13106,MED053,LOC003,SUP010,2025-12-30,2026-01-05,2026-01-05,200,200,Delivered
PO-13107,MED057,LOC002,SUP008,2025-12-30,2026-01-03,2026-01-04,270,270,Delayed
PO-13108,MED058,LOC004,SUP008,2025-12-30,2026-01-04,2026-01-04,250,250,Delivered
PO-13109,MED059,LOC006,SUP015,2025-12-30,2026-01-02,2026-01-02,390,390,Delivered
PO-13110,MED061,LOC006,SUP004,2025-12-30,2026-01-06,2026-01-06,720,720,Delivered
PO-13111,MED074,LOC003,SUP006,2025-12-30,2026-01-07,2026-01-07,80,80,Delivered
PO-13112,MED075,LOC002,SUP004,2025-12-30,2026-01-05,2026-01-05,310,310,Delivered
PO-13113,MED004,LOC005,SUP001,2025-12-31,2026-01-04,2026-01-04,130,130,Delivered
PO-13114,MED007,LOC002,SUP011,2025-12-31,2026-01-03,2026-01-03,530,530,Delivered
PO-13115,MED008,LOC001,SUP001,2025-12-31,2026-01-05,2026-01-05,520,520,Delivered
PO-13116,MED013,LOC005,SUP007,2025-12-31,2026-01-05,2026-01-05,90,90,Delivered
PO-13117,MED014,LOC007,SUP007,2025-12-31,2026-01-03,2026-01-03,50,50,Delivered
PO-13118,MED015,LOC001,SUP011,2025-12-31,2026-01-03,2026-01-03,550,550,Delivered
PO-13119,MED017,LOC001,SUP001,2025-12-31,2026-01-05,2026-01-05,1370,1370,Delivered
PO-13120,MED018,LOC006,SUP001,2025-12-31,2026-01-03,2026-01-03,1220,1220,Delivered
PO-13121,MED026,LOC005,SUP002,2025-12-31,2026-01-06,2026-01-06,640,640,Delivered
PO-13122,MED039,LOC001,SUP006,2025-12-31,2026-01-08,2026-01-08,50,50,Delivered
PO-13123,MED041,LOC005,SUP015,2025-12-31,2026-01-02,2026-01-02,70,70,Delivered
PO-13124,MED047,LOC005,SUP015,2025-12-31,2026-01-03,2026-01-03,220,220,Delivered
PO-13125,MED051,LOC002,SUP015,2025-12-31,2026-01-02,2026-01-02,1140,1140,Delivered
PO-13126,MED052,LOC007,SUP015,2025-12-31,2026-01-03,2026-01-03,50,50,Delivered
PO-13127,MED055,LOC006,SUP015,2025-12-31,2026-01-03,2026-01-03,670,670,Delivered
PO-13128,MED062,LOC004,SUP004,2025-12-31,2026-01-05,2026-01-05,170,170,Delivered
PO-13129,MED063,LOC002,SUP004,2025-12-31,2026-01-07,2026-01-07,170,170,Delivered
PO-13130,MED064,LOC001,SUP005,2025-12-31,2026-01-05,2026-01-05,2330,2330,Delivered
PO-13131,MED064,LOC003,SUP005,2025-12-31,2026-01-05,2026-01-05,1790,1790,Delivered
PO-13132,MED064,LOC006,SUP005,2025-12-31,2026-01-05,2026-01-05,1700,1700,Delivered
PO-13133,MED070,LOC002,SUP004,2025-12-31,2026-01-06,2026-01-09,190,190,Delayed
PO-13134,MED071,LOC001,SUP014,2025-12-31,2026-01-06,2026-01-06,150,150,Delivered
PO-13135,MED072,LOC003,SUP006,2025-12-31,2026-01-07,2026-01-07,50,50,Delivered
PO-13136,MED002,LOC001,SUP010,2026-01-01,2026-01-08,2026-01-08,510,510,Delivered
PO-13137,MED006,LOC001,SUP001,2026-01-01,2026-01-06,2026-01-06,940,940,Delivered
PO-13138,MED007,LOC001,SUP011,2026-01-01,2026-01-04,2026-01-04,1310,1310,Delivered
PO-13139,MED010,LOC007,SUP007,2026-01-01,2026-01-05,2026-01-05,50,50,Delivered
PO-13140,MED013,LOC003,SUP007,2026-01-01,2026-01-06,2026-01-06,240,240,Delivered
PO-13141,MED013,LOC007,SUP007,2026-01-01,2026-01-06,2026-01-06,50,50,Delivered
PO-13142,MED018,LOC003,SUP001,2026-01-01,2026-01-04,2026-01-04,1460,1460,Delivered
PO-13143,MED019,LOC003,SUP015,2026-01-01,2026-01-04,2026-01-04,870,870,Delivered
PO-13144,MED023,LOC001,SUP002,2026-01-01,2026-01-05,2026-01-05,1670,1670,Delivered
PO-13145,MED024,LOC003,SUP009,2026-01-01,2026-01-06,2026-01-06,1280,1280,Delivered
PO-13146,MED025,LOC007,SUP002,2026-01-01,2026-01-06,2026-01-06,170,170,Delivered
PO-13147,MED029,LOC003,SUP015,2026-01-01,2026-01-04,2026-01-04,230,230,Delivered
PO-13148,MED032,LOC007,SUP009,2026-01-01,2026-01-04,2026-01-04,50,50,Delivered
PO-13149,MED033,LOC001,SUP004,2026-01-01,2026-01-07,2026-01-07,160,160,Delivered
PO-13150,MED035,LOC002,SUP015,2026-01-01,2026-01-03,2026-01-03,110,110,Delivered
PO-13151,MED052,LOC002,SUP015,2026-01-01,2026-01-04,2026-01-04,150,150,Delivered
PO-13152,MED055,LOC002,SUP015,2026-01-01,2026-01-04,2026-01-04,350,350,Delivered
PO-13153,MED055,LOC007,SUP015,2026-01-01,2026-01-04,2026-01-04,60,60,Delivered
PO-13154,MED058,LOC001,SUP008,2026-01-01,2026-01-06,2026-01-06,690,690,Delivered
PO-13155,MED058,LOC003,SUP008,2026-01-01,2026-01-06,2026-01-06,610,610,Delivered
PO-13156,MED059,LOC007,SUP015,2026-01-01,2026-01-04,2026-01-04,50,50,Delivered
PO-13157,MED063,LOC006,SUP004,2026-01-01,2026-01-08,2026-01-08,300,300,Delivered
PO-13158,MED065,LOC007,SUP015,2026-01-01,2026-01-03,2026-01-03,70,70,Delivered
PO-13159,MED068,LOC006,SUP004,2026-01-01,2026-01-07,2026-01-07,3910,3910,Delivered
PO-13160,MED069,LOC003,SUP004,2026-01-01,2026-01-08,2026-01-08,2200,2200,Delivered
PO-13161,MED071,LOC002,SUP014,2026-01-01,2026-01-07,2026-01-09,60,60,Delayed
PO-13162,MED071,LOC003,SUP014,2026-01-01,2026-01-07,2026-01-07,110,110,Delivered
PO-13163,MED001,LOC003,SUP001,2026-01-02,2026-01-07,2026-01-07,670,670,Delivered
PO-13164,MED007,LOC005,SUP011,2026-01-02,2026-01-05,2026-01-07,490,490,Delayed
PO-13165,MED013,LOC001,SUP007,2026-01-02,2026-01-07,2026-01-07,280,280,Delivered
PO-13166,MED015,LOC004,SUP011,2026-01-02,2026-01-05,2026-01-05,90,90,Delivered
PO-13167,MED017,LOC006,SUP001,2026-01-02,2026-01-07,2026-01-07,900,900,Delivered
PO-13168,MED020,LOC003,SUP004,2026-01-02,2026-01-07,2026-01-07,660,660,Delivered
PO-13169,MED022,LOC002,SUP002,2026-01-02,2026-01-06,2026-01-06,370,370,Delivered
PO-13170,MED023,LOC007,SUP002,2026-01-02,2026-01-06,2026-01-06,100,100,Delivered
PO-13171,MED027,LOC002,SUP009,2026-01-02,2026-01-07,2026-01-07,430,430,Delivered
PO-13172,MED028,LOC001,SUP002,2026-01-02,2026-01-07,2026-01-07,680,680,Delivered
PO-13173,MED029,LOC001,SUP015,2026-01-02,2026-01-05,2026-01-05,290,290,Delivered
PO-13174,MED029,LOC002,SUP015,2026-01-02,2026-01-05,2026-01-05,120,120,Delivered
PO-13175,MED039,LOC006,SUP006,2026-01-02,2026-01-10,2026-01-10,60,60,Delivered
PO-13176,MED044,LOC006,SUP010,2026-01-02,2026-01-07,2026-01-07,330,330,Delivered
PO-13177,MED045,LOC001,SUP004,2026-01-02,2026-01-07,2026-01-07,690,690,Delivered
PO-13178,MED046,LOC005,SUP015,2026-01-02,2026-01-06,2026-01-06,320,320,Delivered
PO-13179,MED047,LOC001,SUP015,2026-01-02,2026-01-05,2026-01-05,670,670,Delivered
PO-13180,MED052,LOC001,SUP015,2026-01-02,2026-01-05,2026-01-05,400,400,Delivered
PO-13181,MED055,LOC001,SUP015,2026-01-02,2026-01-05,2026-01-05,830,830,Delivered
PO-13182,MED056,LOC005,SUP005,2026-01-02,2026-01-07,2026-01-07,240,240,Delivered
PO-13183,MED059,LOC001,SUP015,2026-01-02,2026-01-05,2026-01-05,560,560,Delivered
PO-13184,MED059,LOC002,SUP015,2026-01-02,2026-01-05,2026-01-05,230,230,Delivered
PO-13185,MED063,LOC004,SUP004,2026-01-02,2026-01-09,2026-01-09,60,60,Delivered
PO-13186,MED064,LOC002,SUP005,2026-01-02,2026-01-07,2026-01-10,920,920,Delayed
PO-13187,MED068,LOC007,SUP004,2026-01-02,2026-01-08,2026-01-08,220,220,Delivered
PO-13188,MED072,LOC004,SUP006,2026-01-02,2026-01-09,2026-01-09,50,50,Delivered
PO-13189,MED002,LOC002,SUP010,2026-01-03,2026-01-10,2026-01-10,200,200,Delivered
PO-13190,MED003,LOC003,SUP001,2026-01-03,2026-01-06,2026-01-06,250,250,Delivered
PO-13191,MED003,LOC004,SUP001,2026-01-03,2026-01-06,2026-01-06,50,50,Delivered
PO-13192,MED005,LOC001,SUP001,2026-01-03,2026-01-08,2026-01-08,300,300,Delivered
PO-13193,MED005,LOC003,SUP001,2026-01-03,2026-01-08,2026-01-08,220,220,Delivered
PO-13194,MED006,LOC004,SUP001,2026-01-03,2026-01-08,2026-01-08,130,130,Delivered
PO-13195,MED011,LOC006,SUP011,2026-01-03,2026-01-08,2026-01-08,290,290,Delivered
PO-13196,MED017,LOC003,SUP001,2026-01-03,2026-01-08,2026-01-08,960,960,Delivered
PO-13197,MED019,LOC004,SUP015,2026-01-03,2026-01-06,2026-01-06,170,170,Delivered
PO-13198,MED019,LOC005,SUP015,2026-01-03,2026-01-06,2026-01-06,400,400,Delivered
PO-13199,MED020,LOC005,SUP004,2026-01-03,2026-01-08,2026-01-08,270,270,Delivered
PO-13200,MED029,LOC004,SUP015,2026-01-03,2026-01-06,2026-01-06,50,50,Delivered
PO-13201,MED032,LOC006,SUP009,2026-01-03,2026-01-06,2026-01-06,450,450,Delivered
PO-13202,MED035,LOC003,SUP015,2026-01-03,2026-01-05,2026-01-05,210,210,Delivered
PO-13203,MED036,LOC006,SUP003,2026-01-03,2026-01-05,2026-01-05,1540,1540,Delivered
PO-13204,MED045,LOC002,SUP004,2026-01-03,2026-01-08,2026-01-08,310,310,Delivered
PO-13205,MED050,LOC004,SUP005,2026-01-03,2026-01-07,2026-01-07,1310,1310,Delivered
PO-13206,MED058,LOC006,SUP008,2026-01-03,2026-01-08,2026-01-08,550,550,Delivered
PO-13207,MED058,LOC007,SUP008,2026-01-03,2026-01-08,2026-01-08,50,50,Delivered
PO-13208,MED062,LOC001,SUP004,2026-01-03,2026-01-08,2026-01-08,1170,1170,Delivered
PO-13209,MED063,LOC003,SUP004,2026-01-03,2026-01-10,2026-01-10,360,360,Delivered
PO-13210,MED065,LOC006,SUP015,2026-01-03,2026-01-05,2026-01-05,650,650,Delivered
PO-13211,MED069,LOC001,SUP004,2026-01-03,2026-01-10,2026-01-10,2860,2860,Delivered
PO-13212,MED069,LOC005,SUP004,2026-01-03,2026-01-10,2026-01-10,810,810,Delivered
PO-13213,MED074,LOC001,SUP006,2026-01-03,2026-01-11,2026-01-11,80,80,Delivered
PO-13214,MED001,LOC006,SUP001,2026-01-04,2026-01-09,2026-01-09,880,880,Delivered
PO-13215,MED005,LOC004,SUP001,2026-01-04,2026-01-09,2026-01-09,50,50,Delivered
PO-13216,MED007,LOC006,SUP011,2026-01-04,2026-01-07,2026-01-07,950,950,Delivered
PO-13217,MED008,LOC006,SUP001,2026-01-04,2026-01-09,2026-01-09,360,360,Delivered
PO-13218,MED014,LOC001,SUP007,2026-01-04,2026-01-07,2026-01-07,430,430,Delivered
PO-13219,MED018,LOC002,SUP001,2026-01-04,2026-01-07,2026-01-07,680,680,Delivered
PO-13220,MED020,LOC001,SUP004,2026-01-04,2026-01-09,2026-01-09,890,890,Delivered
PO-13221,MED021,LOC005,SUP002,2026-01-04,2026-01-08,2026-01-08,470,470,Delivered
PO-13222,MED024,LOC001,SUP009,2026-01-04,2026-01-09,2026-01-09,1590,1590,Delivered
PO-13223,MED025,LOC004,SUP002,2026-01-04,2026-01-09,2026-01-09,370,370,Delivered
PO-13224,MED027,LOC006,SUP009,2026-01-04,2026-01-09,2026-01-09,810,810,Delivered
PO-13225,MED028,LOC006,SUP002,2026-01-04,2026-01-09,2026-01-09,440,440,Delivered
PO-13226,MED036,LOC001,SUP003,2026-01-04,2026-01-06,2026-01-06,1890,1890,Delivered
PO-13227,MED036,LOC003,SUP003,2026-01-04,2026-01-06,2026-01-06,1550,1550,Delivered
PO-13228,MED047,LOC004,SUP015,2026-01-04,2026-01-07,2026-01-07,80,80,Delivered
PO-13229,MED048,LOC004,SUP015,2026-01-04,2026-01-06,2026-01-06,70,70,Delivered
PO-13230,MED052,LOC004,SUP015,2026-01-04,2026-01-07,2026-01-07,50,50,Delivered
PO-13231,MED062,LOC002,SUP004,2026-01-04,2026-01-09,2026-01-09,460,460,Delivered
PO-13232,MED062,LOC006,SUP004,2026-01-04,2026-01-09,2026-01-09,950,950,Delivered
PO-13233,MED067,LOC003,SUP012,2026-01-04,2026-01-10,2026-01-10,770,770,Delivered
PO-13234,MED073,LOC002,SUP004,2026-01-04,2026-01-10,2026-01-10,90,90,Delivered
PO-13235,MED073,LOC005,SUP004,2026-01-04,2026-01-10,2026-01-10,60,60,Delivered
PO-13236,MED074,LOC006,SUP006,2026-01-04,2026-01-12,2026-01-12,70,70,Delivered
PO-13237,MED001,LOC002,SUP001,2026-01-05,2026-01-10,2026-01-10,340,340,Delivered
PO-13238,MED001,LOC004,SUP001,2026-01-05,2026-01-10,2026-01-10,140,140,Delivered
PO-13239,MED003,LOC001,SUP001,2026-01-05,2026-01-08,2026-01-08,310,310,Delivered
PO-13240,MED004,LOC004,SUP001,2026-01-05,2026-01-09,2026-01-09,60,60,Delivered
PO-13241,MED009,LOC005,SUP007,2026-01-05,2026-01-09,2026-01-09,440,440,Delivered
PO-13242,MED011,LOC003,SUP011,2026-01-05,2026-01-10,2026-01-10,330,330,Delivered
PO-13243,MED012,LOC007,SUP007,2026-01-05,2026-01-09,2026-01-09,50,50,Delivered
PO-13244,MED013,LOC006,SUP007,2026-01-05,2026-01-10,2026-01-10,220,220,Delivered
PO-13245,MED014,LOC003,SUP007,2026-01-05,2026-01-08,2026-01-08,340,340,Delivered
PO-13246,MED015,LOC002,SUP011,2026-01-05,2026-01-08,2026-01-08,200,200,Delivered
PO-13247,MED015,LOC003,SUP011,2026-01-05,2026-01-08,2026-01-08,410,410,Delivered
PO-13248,MED017,LOC002,SUP001,2026-01-05,2026-01-10,2026-01-10,520,520,Delivered
PO-13249,MED020,LOC007,SUP004,2026-01-05,2026-01-10,2026-01-10,180,180,Delivered
PO-13250,MED024,LOC002,SUP009,2026-01-05,2026-01-10,2026-01-10,640,640,Delivered
PO-13251,MED024,LOC007,SUP009,2026-01-05,2026-01-10,2026-01-10,90,90,Delivered
PO-13252,MED028,LOC002,SUP002,2026-01-05,2026-01-10,2026-01-10,280,280,Delivered
PO-13253,MED028,LOC003,SUP002,2026-01-05,2026-01-10,2026-01-10,540,540,Delivered
PO-13254,MED030,LOC003,SUP004,2026-01-05,2026-01-10,2026-01-13,170,170,Delayed
PO-13255,MED031,LOC003,SUP015,2026-01-05,2026-01-08,2026-01-11,1010,1010,Delayed
PO-13256,MED032,LOC003,SUP009,2026-01-05,2026-01-08,2026-01-08,470,470,Delivered
PO-13257,MED034,LOC005,SUP013,2026-01-05,2026-01-11,2026-01-11,110,110,Delivered
PO-13258,MED037,LOC004,SUP015,2026-01-05,2026-01-09,2026-01-09,340,340,Delivered
PO-13259,MED044,LOC003,SUP010,2026-01-05,2026-01-10,2026-01-12,360,360,Delayed
PO-13260,MED046,LOC007,SUP015,2026-01-05,2026-01-09,2026-01-09,70,70,Delivered
PO-13261,MED047,LOC007,SUP015,2026-01-05,2026-01-08,2026-01-08,50,50,Delivered
PO-13262,MED049,LOC001,SUP015,2026-01-05,2026-01-08,2026-01-08,2270,2270,Delivered
PO-13263,MED052,LOC003,SUP015,2026-01-05,2026-01-08,2026-01-08,260,260,Delivered
PO-13264,MED053,LOC002,SUP010,2026-01-05,2026-01-11,2026-01-11,130,130,Delivered
PO-13265,MED054,LOC005,SUP015,2026-01-05,2026-01-07,2026-01-07,120,120,Delivered
PO-13266,MED056,LOC002,SUP005,2026-01-05,2026-01-10,2026-01-10,300,300,Delivered
PO-13267,MED056,LOC006,SUP005,2026-01-05,2026-01-10,2026-01-10,500,500,Delivered
PO-13268,MED056,LOC007,SUP005,2026-01-05,2026-01-10,2026-01-10,50,50,Delivered
PO-13269,MED060,LOC001,SUP015,2026-01-05,2026-01-07,2026-01-07,90,90,Delivered
PO-13270,MED010,LOC006,SUP007,2026-01-06,2026-01-10,2026-01-10,620,620,Delivered
PO-13271,MED012,LOC006,SUP007,2026-01-06,2026-01-10,2026-01-10,530,530,Delivered
PO-13272,MED017,LOC004,SUP001,2026-01-06,2026-01-11,2026-01-11,200,200,Delivered
PO-13273,MED018,LOC005,SUP001,2026-01-06,2026-01-09,2026-01-09,650,650,Delivered
PO-13274,MED020,LOC002,SUP004,2026-01-06,2026-01-11,2026-01-11,380,380,Delivered
PO-13275,MED021,LOC007,SUP002,2026-01-06,2026-01-10,2026-01-10,110,110,Delivered
PO-13276,MED025,LOC002,SUP002,2026-01-06,2026-01-11,2026-01-11,1140,1140,Delivered
PO-13277,MED025,LOC003,SUP002,2026-01-06,2026-01-11,2026-01-11,2360,2360,Delivered
PO-13278,MED026,LOC003,SUP002,2026-01-06,2026-01-12,2026-01-12,1690,1690,Delivered
PO-13279,MED026,LOC007,SUP002,2026-01-06,2026-01-12,2026-01-12,140,140,Delivered
PO-13280,MED027,LOC007,SUP009,2026-01-06,2026-01-11,2026-01-11,80,80,Delivered
PO-13281,MED029,LOC006,SUP015,2026-01-06,2026-01-09,2026-01-09,210,210,Delivered
PO-13282,MED030,LOC001,SUP004,2026-01-06,2026-01-11,2026-01-14,220,220,Delayed
PO-13283,MED031,LOC002,SUP015,2026-01-06,2026-01-09,2026-01-09,510,510,Delivered
PO-13284,MED031,LOC007,SUP015,2026-01-06,2026-01-09,2026-01-09,80,80,Delivered
PO-13285,MED036,LOC005,SUP003,2026-01-06,2026-01-08,2026-01-08,700,700,Delivered
PO-13286,MED037,LOC006,SUP015,2026-01-06,2026-01-10,2026-01-10,1660,1660,Delivered
PO-13287,MED042,LOC003,SUP003,2026-01-06,2026-01-08,2026-01-08,570,570,Delivered
PO-13288,MED043,LOC006,SUP003,2026-01-06,2026-01-08,2026-01-10,160,160,Delayed
PO-13289,MED044,LOC001,SUP010,2026-01-06,2026-01-11,2026-01-11,500,500,Delivered
PO-13290,MED045,LOC003,SUP004,2026-01-06,2026-01-11,2026-01-11,590,590,Delivered
PO-13291,MED050,LOC002,SUP005,2026-01-06,2026-01-10,2026-01-10,1520,1520,Delivered
PO-13292,MED051,LOC005,SUP015,2026-01-06,2026-01-08,2026-01-08,1020,1020,Delivered
PO-13293,MED054,LOC001,SUP015,2026-01-06,2026-01-08,2026-01-08,400,400,Delivered
PO-13294,MED056,LOC003,SUP005,2026-01-06,2026-01-11,2026-01-11,570,570,Delivered
PO-13295,MED056,LOC004,SUP005,2026-01-06,2026-01-11,2026-01-11,290,290,Delivered
PO-13296,MED062,LOC003,SUP004,2026-01-06,2026-01-11,2026-01-11,920,920,Delivered
PO-13297,MED062,LOC007,SUP004,2026-01-06,2026-01-11,2026-01-13,80,80,Delayed
PO-13298,MED064,LOC004,SUP005,2026-01-06,2026-01-11,2026-01-14,310,310,Delayed
PO-13299,MED070,LOC005,SUP004,2026-01-06,2026-01-12,2026-01-12,150,150,Delivered
PO-13300,MED071,LOC005,SUP014,2026-01-06,2026-01-12,2026-01-12,60,60,Delivered
PO-13301,MED072,LOC002,SUP006,2026-01-06,2026-01-13,2026-01-14,50,50,Delayed
PO-13302,MED002,LOC007,SUP010,2026-01-07,2026-01-14,2026-01-14,50,50,Delivered
PO-13303,MED006,LOC003,SUP001,2026-01-07,2026-01-12,2026-01-12,750,750,Delivered
PO-13304,MED006,LOC005,SUP001,2026-01-07,2026-01-12,2026-01-12,330,330,Delivered
PO-13305,MED008,LOC007,SUP001,2026-01-07,2026-01-12,2026-01-12,140,140,Delivered
PO-13306,MED016,LOC006,SUP001,2026-01-07,2026-01-11,2026-01-11,1520,1520,Delivered
PO-13307,MED019,LOC002,SUP015,2026-01-07,2026-01-10,2026-01-10,490,490,Delivered
PO-13308,MED022,LOC003,SUP002,2026-01-07,2026-01-11,2026-01-11,670,670,Delivered
PO-13309,MED023,LOC005,SUP002,2026-01-07,2026-01-11,2026-01-11,570,570,Delivered
PO-13310,MED025,LOC001,SUP002,2026-01-07,2026-01-12,2026-01-12,2990,2990,Delivered
PO-13311,MED027,LOC001,SUP009,2026-01-07,2026-01-12,2026-01-12,1170,1170,Delivered
PO-13312,MED028,LOC005,SUP002,2026-01-07,2026-01-12,2026-01-12,220,220,Delivered
PO-13313,MED032,LOC002,SUP009,2026-01-07,2026-01-10,2026-01-10,220,220,Delivered
PO-13314,MED035,LOC001,SUP015,2026-01-07,2026-01-09,2026-01-09,280,280,Delivered
PO-13315,MED037,LOC007,SUP015,2026-01-07,2026-01-11,2026-01-11,120,120,Delivered
PO-13316,MED042,LOC001,SUP003,2026-01-07,2026-01-09,2026-01-09,750,750,Delivered
PO-13317,MED042,LOC007,SUP003,2026-01-07,2026-01-09,2026-01-09,70,70,Delivered
PO-13318,MED043,LOC001,SUP003,2026-01-07,2026-01-09,2026-01-09,290,290,Delivered
PO-13319,MED044,LOC005,SUP010,2026-01-07,2026-01-12,2026-01-12,150,150,Delivered
PO-13320,MED045,LOC005,SUP004,2026-01-07,2026-01-12,2026-01-12,240,240,Delivered
PO-13321,MED047,LOC003,SUP015,2026-01-07,2026-01-10,2026-01-10,580,580,Delivered
PO-13322,MED048,LOC003,SUP015,2026-01-07,2026-01-09,2026-01-09,400,400,Delivered
PO-13323,MED049,LOC004,SUP015,2026-01-07,2026-01-10,2026-01-10,340,340,Delivered
PO-13324,MED049,LOC005,SUP015,2026-01-07,2026-01-10,2026-01-10,730,730,Delivered
PO-13325,MED053,LOC006,SUP010,2026-01-07,2026-01-13,2026-01-13,280,280,Delivered
PO-13326,MED054,LOC003,SUP015,2026-01-07,2026-01-09,2026-01-09,300,300,Delivered
PO-13327,MED057,LOC001,SUP008,2026-01-07,2026-01-11,2026-01-11,660,660,Delivered
PO-13328,MED061,LOC001,SUP004,2026-01-07,2026-01-14,2026-01-14,1160,1160,Delivered
PO-13329,MED067,LOC006,SUP012,2026-01-07,2026-01-13,2026-01-13,700,700,Delivered
PO-13330,MED069,LOC006,SUP004,2026-01-07,2026-01-14,2026-01-14,2960,2960,Delivered
PO-13331,MED075,LOC007,SUP004,2026-01-07,2026-01-13,2026-01-13,50,50,Delivered
PO-13332,MED003,LOC002,SUP001,2026-01-08,2026-01-11,2026-01-11,150,150,Delivered
PO-13333,MED004,LOC006,SUP001,2026-01-08,2026-01-12,2026-01-12,470,470,Delivered
PO-13334,MED005,LOC005,SUP001,2026-01-08,2026-01-13,2026-01-13,120,120,Delivered
PO-13335,MED006,LOC002,SUP001,2026-01-08,2026-01-13,2026-01-13,400,400,Delivered
PO-13336,MED006,LOC006,SUP001,2026-01-08,2026-01-13,2026-01-13,1060,1060,Delivered
PO-13337,MED011,LOC001,SUP011,2026-01-08,2026-01-13,2026-01-13,400,400,Delivered
PO-13338,MED011,LOC004,SUP011,2026-01-08,2026-01-13,2026-01-13,60,60,Delivered
PO-13339,MED012,LOC001,SUP007,2026-01-08,2026-01-12,2026-01-12,710,710,Delivered
PO-13340,MED015,LOC007,SUP011,2026-01-08,2026-01-11,2026-01-11,120,120,Delivered
PO-13341,MED017,LOC007,SUP001,2026-01-08,2026-01-13,2026-01-13,60,60,Delivered
PO-13342,MED021,LOC003,SUP002,2026-01-08,2026-01-12,2026-01-12,1310,1310,Delivered
PO-13343,MED022,LOC001,SUP002,2026-01-08,2026-01-12,2026-01-14,970,970,Delayed
PO-13344,MED023,LOC002,SUP002,2026-01-08,2026-01-12,2026-01-12,620,620,Delivered
PO-13345,MED023,LOC004,SUP002,2026-01-08,2026-01-12,2026-01-12,240,240,Delivered
PO-13346,MED026,LOC001,SUP002,2026-01-08,2026-01-14,2026-01-14,2230,2230,Delivered
PO-13347,MED027,LOC005,SUP009,2026-01-08,2026-01-13,2026-01-13,350,350,Delivered
PO-13348,MED030,LOC006,SUP004,2026-01-08,2026-01-13,2026-01-13,140,140,Delivered
PO-13349,MED031,LOC005,SUP015,2026-01-08,2026-01-11,2026-01-11,470,470,Delivered
PO-13350,MED032,LOC005,SUP009,2026-01-08,2026-01-11,2026-01-11,180,180,Delivered
PO-13351,MED033,LOC005,SUP004,2026-01-08,2026-01-14,2026-01-14,50,50,Delivered
PO-13352,MED038,LOC002,SUP015,2026-01-08,2026-01-10,2026-01-10,60,60,Delivered
PO-13353,MED038,LOC003,SUP015,2026-01-08,2026-01-10,2026-01-10,100,100,Delivered
PO-13354,MED039,LOC005,SUP006,2026-01-08,2026-01-16,2026-01-16,50,50,Delivered
PO-13355,MED044,LOC007,SUP010,2026-01-08,2026-01-13,2026-01-16,50,50,Delayed
PO-13356,MED046,LOC004,SUP015,2026-01-08,2026-01-12,2026-01-12,150,150,Delivered
PO-13357,MED046,LOC006,SUP015,2026-01-08,2026-01-12,2026-01-12,820,820,Delivered
PO-13358,MED048,LOC001,SUP015,2026-01-08,2026-01-10,2026-01-10,450,450,Delivered
PO-13359,MED053,LOC001,SUP010,2026-01-08,2026-01-14,2026-01-14,300,300,Delivered
PO-13360,MED058,LOC002,SUP008,2026-01-08,2026-01-13,2026-01-13,270,270,Delivered
PO-13361,MED059,LOC003,SUP015,2026-01-08,2026-01-11,2026-01-11,430,430,Delivered
PO-13362,MED061,LOC003,SUP004,2026-01-08,2026-01-15,2026-01-15,870,870,Delivered
PO-13363,MED062,LOC004,SUP004,2026-01-08,2026-01-13,2026-01-13,220,220,Delivered
PO-13364,MED063,LOC005,SUP004,2026-01-08,2026-01-15,2026-01-15,140,140,Delivered
PO-13365,MED064,LOC005,SUP005,2026-01-08,2026-01-13,2026-01-13,800,800,Delivered
PO-13366,MED066,LOC001,SUP004,2026-01-08,2026-01-14,2026-01-16,1190,1190,Delayed
PO-13367,MED069,LOC004,SUP004,2026-01-08,2026-01-15,2026-01-15,420,420,Delivered
PO-13368,MED072,LOC001,SUP006,2026-01-08,2026-01-15,2026-01-15,70,70,Delivered
PO-13369,MED073,LOC006,SUP004,2026-01-08,2026-01-14,2026-01-14,160,160,Delivered
PO-13370,MED075,LOC001,SUP004,2026-01-08,2026-01-14,2026-01-14,690,690,Delivered
PO-13371,MED075,LOC003,SUP004,2026-01-08,2026-01-14,2026-01-14,550,550,Delivered
PO-13372,MED075,LOC006,SUP004,2026-01-08,2026-01-14,2026-01-14,570,570,Delivered
PO-13373,MED001,LOC005,SUP001,2026-01-09,2026-01-14,2026-01-14,280,280,Delivered
PO-13374,MED002,LOC004,SUP010,2026-01-09,2026-01-16,2026-01-16,70,70,Delivered
PO-13375,MED002,LOC006,SUP010,2026-01-09,2026-01-16,2026-01-16,600,600,Delivered
PO-13376,MED003,LOC006,SUP001,2026-01-09,2026-01-12,2026-01-12,350,350,Delivered
PO-13377,MED005,LOC006,SUP001,2026-01-09,2026-01-14,2026-01-14,390,390,Delivered
PO-13378,MED009,LOC001,SUP007,2026-01-09,2026-01-13,2026-01-13,1570,1570,Delivered
PO-13379,MED009,LOC002,SUP007,2026-01-09,2026-01-13,2026-01-13,620,620,Delivered
PO-13380,MED009,LOC006,SUP007,2026-01-09,2026-01-13,2026-01-13,1090,1090,Delivered
PO-13381,MED011,LOC002,SUP011,2026-01-09,2026-01-14,2026-01-14,170,170,Delivered
PO-13382,MED016,LOC004,SUP001,2026-01-09,2026-01-13,2026-01-13,290,290,Delivered
PO-13383,MED020,LOC004,SUP004,2026-01-09,2026-01-14,2026-01-14,140,140,Delivered
PO-13384,MED022,LOC004,SUP002,2026-01-09,2026-01-13,2026-01-13,130,130,Delivered
PO-13385,MED022,LOC007,SUP002,2026-01-09,2026-01-13,2026-01-13,60,60,Delivered
PO-13386,MED025,LOC006,SUP002,2026-01-09,2026-01-14,2026-01-14,2040,2040,Delivered
PO-13387,MED026,LOC004,SUP002,2026-01-09,2026-01-15,2026-01-17,290,290,Delayed
PO-13388,MED027,LOC003,SUP009,2026-01-09,2026-01-14,2026-01-14,830,830,Delivered
PO-13389,MED027,LOC004,SUP009,2026-01-09,2026-01-14,2026-01-14,200,200,Delivered
PO-13390,MED034,LOC004,SUP013,2026-01-09,2026-01-15,2026-01-15,50,50,Delivered
PO-13391,MED036,LOC007,SUP003,2026-01-09,2026-01-11,2026-01-11,130,130,Delivered
PO-13392,MED037,LOC001,SUP015,2026-01-09,2026-01-13,2026-01-13,2350,2350,Delivered
PO-13393,MED039,LOC001,SUP006,2026-01-09,2026-01-17,2026-01-19,60,60,Delayed
PO-13394,MED040,LOC001,SUP004,2026-01-09,2026-01-14,2026-01-17,160,160,Delayed
PO-13395,MED040,LOC007,SUP004,2026-01-09,2026-01-14,2026-01-14,50,50,Delivered
PO-13396,MED043,LOC007,SUP003,2026-01-09,2026-01-11,2026-01-11,50,50,Delivered
PO-13397,MED044,LOC004,SUP010,2026-01-09,2026-01-14,2026-01-14,70,70,Delivered
PO-13398,MED045,LOC007,SUP004,2026-01-09,2026-01-14,2026-01-14,60,60,Delivered
PO-13399,MED047,LOC002,SUP015,2026-01-09,2026-01-12,2026-01-12,270,270,Delivered
PO-13400,MED048,LOC002,SUP015,2026-01-09,2026-01-11,2026-01-11,200,200,Delivered
PO-13401,MED050,LOC005,SUP005,2026-01-09,2026-01-13,2026-01-13,1410,1410,Delivered
PO-13402,MED050,LOC007,SUP005,2026-01-09,2026-01-13,2026-01-13,230,230,Delivered
PO-13403,MED053,LOC003,SUP010,2026-01-09,2026-01-15,2026-01-15,270,270,Delivered
PO-13404,MED053,LOC004,SUP010,2026-01-09,2026-01-15,2026-01-15,50,50,Delivered
PO-13405,MED054,LOC006,SUP015,2026-01-09,2026-01-11,2026-01-11,250,250,Delivered
PO-13406,MED055,LOC005,SUP015,2026-01-09,2026-01-12,2026-01-12,310,310,Delivered
PO-13407,MED057,LOC006,SUP008,2026-01-09,2026-01-13,2026-01-13,480,480,Delivered
PO-13408,MED059,LOC005,SUP015,2026-01-09,2026-01-12,2026-01-12,180,180,Delivered
PO-13409,MED061,LOC002,SUP004,2026-01-09,2026-01-16,2026-01-16,460,460,Delivered
PO-13410,MED061,LOC005,SUP004,2026-01-09,2026-01-16,2026-01-18,360,360,Delayed
PO-13411,MED061,LOC006,SUP004,2026-01-09,2026-01-16,2026-01-16,860,860,Delivered
PO-13412,MED062,LOC005,SUP004,2026-01-09,2026-01-14,2026-01-14,410,410,Delivered
PO-13413,MED065,LOC002,SUP015,2026-01-09,2026-01-11,2026-01-11,310,310,Delivered
PO-13414,MED066,LOC003,SUP004,2026-01-09,2026-01-15,2026-01-15,890,890,Delivered
PO-13415,MED067,LOC005,SUP012,2026-01-09,2026-01-15,2026-01-15,320,320,Delivered
PO-13416,MED068,LOC001,SUP004,2026-01-09,2026-01-15,2026-01-15,3930,3930,Delivered
PO-13417,MED069,LOC007,SUP004,2026-01-09,2026-01-16,2026-01-16,200,200,Delivered
PO-13418,MED070,LOC001,SUP004,2026-01-09,2026-01-15,2026-01-15,540,540,Delivered
PO-13419,MED070,LOC003,SUP004,2026-01-09,2026-01-15,2026-01-15,370,370,Delivered
PO-13420,MED075,LOC005,SUP004,2026-01-09,2026-01-15,2026-01-16,240,240,Delayed
PO-13421,MED009,LOC007,SUP007,2026-01-10,2026-01-14,2026-01-14,100,100,Delivered
PO-13422,MED010,LOC003,SUP007,2026-01-10,2026-01-14,2026-01-14,780,780,Delivered
PO-13423,MED012,LOC004,SUP007,2026-01-10,2026-01-14,2026-01-14,110,110,Delivered
PO-13424,MED016,LOC001,SUP001,2026-01-10,2026-01-14,2026-01-14,2360,2360,Delivered
PO-13425,MED016,LOC003,SUP001,2026-01-10,2026-01-14,2026-01-14,1890,1890,Delivered
PO-13426,MED018,LOC004,SUP001,2026-01-10,2026-01-13,2026-01-13,290,290,Delivered
PO-13427,MED021,LOC002,SUP002,2026-01-10,2026-01-14,2026-01-14,630,630,Delivered
PO-13428,MED021,LOC006,SUP002,2026-01-10,2026-01-14,2026-01-14,1200,1200,Delivered
PO-13429,MED022,LOC005,SUP002,2026-01-10,2026-01-14,2026-01-14,350,350,Delivered
PO-13430,MED022,LOC006,SUP002,2026-01-10,2026-01-14,2026-01-14,730,730,Delivered
PO-13431,MED028,LOC004,SUP002,2026-01-10,2026-01-15,2026-01-15,110,110,Delivered
PO-13432,MED029,LOC005,SUP015,2026-01-10,2026-01-13,2026-01-13,100,100,Delivered
PO-13433,MED033,LOC006,SUP004,2026-01-10,2026-01-16,2026-01-16,130,130,Delivered
PO-13434,MED034,LOC006,SUP013,2026-01-10,2026-01-16,2026-01-16,220,220,Delivered
PO-13435,MED035,LOC006,SUP015,2026-01-10,2026-01-12,2026-01-12,190,190,Delivered
PO-13436,MED039,LOC006,SUP006,2026-01-10,2026-01-18,2026-01-18,80,80,Delivered
PO-13437,MED042,LOC004,SUP003,2026-01-10,2026-01-12,2026-01-12,120,120,Delivered
PO-13438,MED059,LOC004,SUP015,2026-01-10,2026-01-13,2026-01-13,90,90,Delivered
PO-13439,MED061,LOC004,SUP004,2026-01-10,2026-01-17,2026-01-17,180,180,Delivered
PO-13440,MED063,LOC002,SUP004,2026-01-10,2026-01-17,2026-01-17,200,200,Delivered
PO-13441,MED063,LOC004,SUP004,2026-01-10,2026-01-17,2026-01-17,80,80,Delivered
PO-13442,MED065,LOC001,SUP015,2026-01-10,2026-01-12,2026-01-12,800,800,Delivered
PO-13443,MED065,LOC003,SUP015,2026-01-10,2026-01-12,2026-01-12,750,750,Delivered
PO-13444,MED066,LOC005,SUP004,2026-01-10,2026-01-16,2026-01-16,390,390,Delivered
PO-13445,MED066,LOC006,SUP004,2026-01-10,2026-01-16,2026-01-16,820,820,Delivered
PO-13446,MED067,LOC001,SUP012,2026-01-10,2026-01-16,2026-01-16,930,930,Delivered
PO-13447,MED068,LOC005,SUP004,2026-01-10,2026-01-16,2026-01-16,1280,1280,Delivered
PO-13448,MED070,LOC006,SUP004,2026-01-10,2026-01-16,2026-01-16,380,380,Delivered
PO-13449,MED071,LOC002,SUP014,2026-01-10,2026-01-16,2026-01-16,70,70,Delivered
PO-13450,MED072,LOC006,SUP006,2026-01-10,2026-01-17,2026-01-17,60,60,Delivered
PO-13451,MED001,LOC001,SUP001,2026-01-11,2026-01-16,2026-01-16,870,870,Delivered
PO-13452,MED002,LOC005,SUP010,2026-01-11,2026-01-18,2026-01-18,180,180,Delivered
PO-13453,MED004,LOC002,SUP001,2026-01-11,2026-01-15,2026-01-15,180,180,Delivered
PO-13454,MED008,LOC002,SUP001,2026-01-11,2026-01-16,2026-01-16,240,240,Delivered
PO-13455,MED008,LOC005,SUP001,2026-01-11,2026-01-16,2026-01-16,180,180,Delivered
PO-13456,MED012,LOC003,SUP007,2026-01-11,2026-01-15,2026-01-15,680,680,Delivered
PO-13457,MED021,LOC004,SUP002,2026-01-11,2026-01-15,2026-01-15,220,220,Delivered
PO-13458,MED024,LOC005,SUP009,2026-01-11,2026-01-16,2026-01-16,560,560,Delivered
PO-13459,MED026,LOC002,SUP002,2026-01-11,2026-01-17,2026-01-17,840,840,Delivered
PO-13460,MED026,LOC005,SUP002,2026-01-11,2026-01-17,2026-01-17,740,740,Delivered
PO-13461,MED026,LOC006,SUP002,2026-01-11,2026-01-17,2026-01-17,1640,1640,Delivered
PO-13462,MED028,LOC007,SUP002,2026-01-11,2026-01-16,2026-01-16,50,50,Delivered
PO-13463,MED041,LOC001,SUP015,2026-01-11,2026-01-13,2026-01-13,230,230,Delivered
PO-13464,MED041,LOC006,SUP015,2026-01-11,2026-01-13,2026-01-13,160,160,Delivered
PO-13465,MED045,LOC006,SUP004,2026-01-11,2026-01-16,2026-01-16,560,560,Delivered
PO-13466,MED046,LOC001,SUP015,2026-01-11,2026-01-15,2026-01-15,1150,1150,Delivered
PO-13467,MED046,LOC002,SUP015,2026-01-11,2026-01-15,2026-01-15,410,410,Delivered
PO-13468,MED047,LOC006,SUP015,2026-01-11,2026-01-14,2026-01-14,520,520,Delivered
PO-13469,MED050,LOC006,SUP005,2026-01-11,2026-01-15,2026-01-15,3010,3010,Delivered
PO-13470,MED052,LOC005,SUP015,2026-01-11,2026-01-14,2026-01-14,150,150,Delivered
PO-13471,MED057,LOC007,SUP008,2026-01-11,2026-01-15,2026-01-15,50,50,Delivered
PO-13472,MED066,LOC002,SUP004,2026-01-11,2026-01-17,2026-01-17,460,460,Delivered
PO-13473,MED066,LOC004,SUP004,2026-01-11,2026-01-17,2026-01-18,160,160,Delayed
PO-13474,MED067,LOC004,SUP012,2026-01-11,2026-01-17,2026-01-17,160,160,Delivered
PO-13475,MED068,LOC002,SUP004,2026-01-11,2026-01-17,2026-01-17,1640,1640,Delivered
PO-13476,MED068,LOC003,SUP004,2026-01-11,2026-01-17,2026-01-17,3240,3240,Delivered
PO-13477,MED068,LOC004,SUP004,2026-01-11,2026-01-17,2026-01-17,590,590,Delivered
PO-13478,MED068,LOC006,SUP004,2026-01-11,2026-01-17,2026-01-20,4380,4380,Delayed
PO-13479,MED069,LOC002,SUP004,2026-01-11,2026-01-18,2026-01-18,1250,1250,Delivered
PO-13480,MED070,LOC002,SUP004,2026-01-11,2026-01-17,2026-01-17,220,220,Delivered
PO-13481,MED074,LOC001,SUP006,2026-01-11,2026-01-19,2026-01-19,110,110,Delivered
PO-13482,MED002,LOC001,SUP010,2026-01-12,2026-01-19,2026-01-19,600,600,Delivered
PO-13483,MED007,LOC007,SUP011,2026-01-12,2026-01-15,2026-01-15,380,380,Delivered
PO-13484,MED008,LOC001,SUP001,2026-01-12,2026-01-17,2026-01-17,640,640,Delivered
PO-13485,MED009,LOC004,SUP007,2026-01-12,2026-01-16,2026-01-16,220,220,Delivered
PO-13486,MED010,LOC001,SUP007,2026-01-12,2026-01-16,2026-01-16,990,990,Delivered
PO-13487,MED010,LOC005,SUP007,2026-01-12,2026-01-16,2026-01-16,330,330,Delivered
PO-13488,MED010,LOC007,SUP007,2026-01-12,2026-01-16,2026-01-16,60,60,Delivered
PO-13489,MED013,LOC002,SUP007,2026-01-12,2026-01-17,2026-01-18,120,120,Delayed
PO-13490,MED014,LOC002,SUP007,2026-01-12,2026-01-15,2026-01-15,180,180,Delivered
PO-13491,MED014,LOC005,SUP007,2026-01-12,2026-01-15,2026-01-15,160,160,Delivered
PO-13492,MED015,LOC005,SUP011,2026-01-12,2026-01-15,2026-01-15,190,190,Delivered
PO-13493,MED015,LOC006,SUP011,2026-01-12,2026-01-15,2026-01-17,450,450,Delayed
PO-13494,MED018,LOC001,SUP001,2026-01-12,2026-01-15,2026-01-15,2140,2140,Delivered
PO-13495,MED019,LOC001,SUP015,2026-01-12,2026-01-15,2026-01-15,1270,1270,Delivered
PO-13496,MED021,LOC001,SUP002,2026-01-12,2026-01-16,2026-01-16,1570,1570,Delivered
PO-13497,MED024,LOC004,SUP009,2026-01-12,2026-01-17,2026-01-17,280,280,Delivered
PO-13498,MED024,LOC006,SUP009,2026-01-12,2026-01-17,2026-01-17,1350,1350,Delivered
PO-13499,MED025,LOC005,SUP002,2026-01-12,2026-01-17,2026-01-17,980,980,Delivered
PO-13500,MED031,LOC001,SUP015,2026-01-12,2026-01-15,2026-01-15,1350,1350,Delivered
PO-13501,MED032,LOC004,SUP009,2026-01-12,2026-01-15,2026-01-15,70,70,Delivered
PO-13502,MED034,LOC003,SUP013,2026-01-12,2026-01-18,2026-01-18,250,250,Delivered
PO-13503,MED037,LOC002,SUP015,2026-01-12,2026-01-16,2026-01-16,980,980,Delivered
PO-13504,MED042,LOC006,SUP003,2026-01-12,2026-01-14,2026-01-14,620,620,Delivered
PO-13505,MED045,LOC004,SUP004,2026-01-12,2026-01-17,2026-01-17,120,120,Delivered
PO-13506,MED048,LOC006,SUP015,2026-01-12,2026-01-14,2026-01-14,330,330,Delivered
PO-13507,MED053,LOC005,SUP010,2026-01-12,2026-01-18,2026-01-18,90,90,Delivered
PO-13508,MED057,LOC002,SUP008,2026-01-12,2026-01-16,2026-01-16,310,310,Delivered
PO-13509,MED058,LOC004,SUP008,2026-01-12,2026-01-17,2026-01-17,280,280,Delivered
PO-13510,MED061,LOC007,SUP004,2026-01-12,2026-01-19,2026-01-19,80,80,Delivered
PO-13511,MED063,LOC001,SUP004,2026-01-12,2026-01-19,2026-01-19,420,420,Delivered
PO-13512,MED064,LOC006,SUP005,2026-01-12,2026-01-17,2026-01-17,1860,1860,Delivered
PO-13513,MED064,LOC007,SUP005,2026-01-12,2026-01-17,2026-01-17,160,160,Delivered
PO-13514,MED069,LOC005,SUP004,2026-01-12,2026-01-19,2026-01-19,910,910,Delivered
PO-13515,MED072,LOC005,SUP006,2026-01-12,2026-01-19,2026-01-19,50,50,Delivered
PO-13516,MED002,LOC002,SUP010,2026-01-13,2026-01-20,2026-01-20,240,240,Delivered
PO-13517,MED002,LOC003,SUP010,2026-01-13,2026-01-20,2026-01-20,480,480,Delivered
PO-13518,MED004,LOC001,SUP001,2026-01-13,2026-01-17,2026-01-17,370,370,Delivered
PO-13519,MED007,LOC004,SUP011,2026-01-13,2026-01-16,2026-01-16,180,180,Delivered
PO-13520,MED009,LOC003,SUP007,2026-01-13,2026-01-17,2026-01-17,1250,1250,Delivered
PO-13521,MED010,LOC002,SUP007,2026-01-13,2026-01-17,2026-01-17,380,380,Delivered
PO-13522,MED011,LOC005,SUP011,2026-01-13,2026-01-18,2026-01-18,160,160,Delivered
PO-13523,MED013,LOC001,SUP007,2026-01-13,2026-01-18,2026-01-18,330,330,Delivered
PO-13524,MED016,LOC002,SUP001,2026-01-13,2026-01-17,2026-01-17,960,960,Delivered
PO-13525,MED016,LOC007,SUP001,2026-01-13,2026-01-17,2026-01-17,130,130,Delivered
PO-13526,MED018,LOC006,SUP001,2026-01-13,2026-01-16,2026-01-16,1510,1510,Delivered
PO-13527,MED018,LOC007,SUP001,2026-01-13,2026-01-16,2026-01-16,110,110,Delivered
PO-13528,MED019,LOC006,SUP015,2026-01-13,2026-01-16,2026-01-16,920,920,Delivered
PO-13529,MED020,LOC003,SUP004,2026-01-13,2026-01-18,2026-01-19,750,750,Delayed
PO-13530,MED020,LOC006,SUP004,2026-01-13,2026-01-18,2026-01-18,670,670,Delivered
PO-13531,MED023,LOC003,SUP002,2026-01-13,2026-01-17,2026-01-17,1360,1360,Delivered
PO-13532,MED032,LOC001,SUP009,2026-01-13,2026-01-16,2026-01-16,680,680,Delivered
PO-13533,MED033,LOC001,SUP004,2026-01-13,2026-01-19,2026-01-19,180,180,Delivered
PO-13534,MED034,LOC001,SUP013,2026-01-13,2026-01-19,2026-01-19,310,310,Delivered
PO-13535,MED036,LOC002,SUP003,2026-01-13,2026-01-15,2026-01-15,900,900,Delivered
PO-13536,MED036,LOC004,SUP003,2026-01-13,2026-01-15,2026-01-15,300,300,Delivered
PO-13537,MED037,LOC003,SUP015,2026-01-13,2026-01-17,2026-01-17,1950,1950,Delivered
PO-13538,MED038,LOC005,SUP015,2026-01-13,2026-01-15,2026-01-15,50,50,Delivered
PO-13539,MED040,LOC005,SUP004,2026-01-13,2026-01-18,2026-01-18,60,60,Delivered
PO-13540,MED041,LOC003,SUP015,2026-01-13,2026-01-15,2026-01-15,160,160,Delivered
PO-13541,MED042,LOC005,SUP003,2026-01-13,2026-01-15,2026-01-15,270,270,Delivered
PO-13542,MED043,LOC002,SUP003,2026-01-13,2026-01-15,2026-01-15,120,120,Delivered
PO-13543,MED043,LOC005,SUP003,2026-01-13,2026-01-15,2026-01-15,90,90,Delivered
PO-13544,MED044,LOC006,SUP010,2026-01-13,2026-01-18,2026-01-18,400,400,Delivered
PO-13545,MED046,LOC003,SUP015,2026-01-13,2026-01-17,2026-01-17,870,870,Delivered
PO-13546,MED047,LOC004,SUP015,2026-01-13,2026-01-16,2026-01-16,110,110,Delivered
PO-13547,MED049,LOC006,SUP015,2026-01-13,2026-01-16,2026-01-16,1880,1880,Delivered
PO-13548,MED051,LOC004,SUP015,2026-01-13,2026-01-15,2026-01-15,460,460,Delivered
PO-13549,MED054,LOC002,SUP015,2026-01-13,2026-01-15,2026-01-15,170,170,Delivered
PO-13550,MED055,LOC003,SUP015,2026-01-13,2026-01-16,2026-01-16,820,820,Delivered
PO-13551,MED055,LOC004,SUP015,2026-01-13,2026-01-16,2026-01-16,140,140,Delivered
PO-13552,MED056,LOC001,SUP005,2026-01-13,2026-01-18,2026-01-18,820,820,Delivered
PO-13553,MED056,LOC007,SUP005,2026-01-13,2026-01-18,2026-01-18,70,70,Delivered
PO-13554,MED057,LOC003,SUP008,2026-01-13,2026-01-17,2026-01-17,560,560,Delivered
PO-13555,MED057,LOC005,SUP008,2026-01-13,2026-01-17,2026-01-17,220,220,Delivered
PO-13556,MED058,LOC001,SUP008,2026-01-13,2026-01-18,2026-01-18,730,730,Delivered
PO-13557,MED063,LOC006,SUP004,2026-01-13,2026-01-20,2026-01-20,330,330,Delivered
PO-13558,MED065,LOC005,SUP015,2026-01-13,2026-01-15,2026-01-15,290,290,Delivered
PO-13559,MED067,LOC002,SUP012,2026-01-13,2026-01-19,2026-01-19,360,360,Delivered
PO-13560,MED069,LOC001,SUP004,2026-01-13,2026-01-20,2026-01-20,2970,2970,Delivered
PO-13561,MED069,LOC003,SUP004,2026-01-13,2026-01-20,2026-01-20,2490,2490,Delivered
PO-13562,MED072,LOC003,SUP006,2026-01-13,2026-01-20,2026-01-20,50,50,Delivered
PO-13563,MED074,LOC005,SUP006,2026-01-13,2026-01-21,2026-01-21,50,50,Delivered
PO-13564,MED074,LOC006,SUP006,2026-01-13,2026-01-21,2026-01-21,90,90,Delivered
PO-13565,MED004,LOC003,SUP001,2026-01-14,2026-01-18,2026-01-18,320,320,Delivered
PO-13566,MED005,LOC003,SUP001,2026-01-14,2026-01-19,2026-01-19,280,280,Delivered
PO-13567,MED006,LOC001,SUP001,2026-01-14,2026-01-19,2026-01-19,1040,1040,Delivered
PO-13568,MED006,LOC004,SUP001,2026-01-14,2026-01-19,2026-01-19,150,150,Delivered
PO-13569,MED007,LOC003,SUP011,2026-01-14,2026-01-17,2026-01-17,1080,1080,Delivered
PO-13570,MED008,LOC003,SUP001,2026-01-14,2026-01-19,2026-01-19,500,500,Delivered
PO-13571,MED008,LOC004,SUP001,2026-01-14,2026-01-19,2026-01-19,110,110,Delivered
PO-13572,MED008,LOC006,SUP001,2026-01-14,2026-01-19,2026-01-19,490,490,Delivered
PO-13573,MED011,LOC007,SUP011,2026-01-14,2026-01-19,2026-01-19,120,120,Delivered
PO-13574,MED013,LOC003,SUP007,2026-01-14,2026-01-19,2026-01-19,260,260,Delivered
PO-13575,MED013,LOC005,SUP007,2026-01-14,2026-01-19,2026-01-22,100,100,Delayed
PO-13576,MED014,LOC004,SUP007,2026-01-14,2026-01-17,2026-01-17,70,70,Delivered
PO-13577,MED016,LOC005,SUP001,2026-01-14,2026-01-18,2026-01-18,770,770,Delivered
PO-13578,MED017,LOC005,SUP001,2026-01-14,2026-01-19,2026-01-19,480,480,Delivered
PO-13579,MED017,LOC006,SUP001,2026-01-14,2026-01-19,2026-01-19,1100,1100,Delivered
PO-13580,MED022,LOC002,SUP002,2026-01-14,2026-01-18,2026-01-18,430,430,Delivered
PO-13581,MED023,LOC001,SUP002,2026-01-14,2026-01-18,2026-01-18,1850,1850,Delivered
PO-13582,MED023,LOC006,SUP002,2026-01-14,2026-01-18,2026-01-18,1370,1370,Delivered
PO-13583,MED024,LOC007,SUP009,2026-01-14,2026-01-19,2026-01-19,110,110,Delivered
PO-13584,MED025,LOC004,SUP002,2026-01-14,2026-01-19,2026-01-19,430,430,Delivered
PO-13585,MED028,LOC001,SUP002,2026-01-14,2026-01-19,2026-01-19,790,790,Delivered
PO-13586,MED029,LOC004,SUP015,2026-01-14,2026-01-17,2026-01-17,60,60,Delivered
PO-13587,MED029,LOC007,SUP015,2026-01-14,2026-01-17,2026-01-17,50,50,Delivered
PO-13588,MED031,LOC006,SUP015,2026-01-14,2026-01-17,2026-01-17,930,930,Delivered
PO-13589,MED038,LOC006,SUP015,2026-01-14,2026-01-16,2026-01-16,110,110,Delivered
PO-13590,MED040,LOC006,SUP004,2026-01-14,2026-01-19,2026-01-19,120,120,Delivered
PO-13591,MED042,LOC002,SUP003,2026-01-14,2026-01-16,2026-01-16,310,310,Delivered
PO-13592,MED049,LOC003,SUP015,2026-01-14,2026-01-17,2026-01-17,1950,1950,Delivered
PO-13593,MED050,LOC001,SUP005,2026-01-14,2026-01-18,2026-01-18,4360,4360,Delivered
PO-13594,MED050,LOC003,SUP005,2026-01-14,2026-01-18,2026-01-18,3310,3310,Delivered
PO-13595,MED050,LOC004,SUP005,2026-01-14,2026-01-18,2026-01-18,1710,1710,Delivered
PO-13596,MED051,LOC001,SUP015,2026-01-14,2026-01-16,2026-01-16,3200,3200,Delivered
PO-13597,MED052,LOC004,SUP015,2026-01-14,2026-01-17,2026-01-17,70,70,Delivered
PO-13598,MED054,LOC004,SUP015,2026-01-14,2026-01-16,2026-01-16,60,60,Delivered
PO-13599,MED056,LOC005,SUP005,2026-01-14,2026-01-19,2026-01-19,280,280,Delivered
PO-13600,MED058,LOC005,SUP008,2026-01-14,2026-01-19,2026-01-19,230,230,Delivered
PO-13601,MED064,LOC001,SUP005,2026-01-14,2026-01-19,2026-01-21,2630,2630,Delayed
PO-13602,MED064,LOC002,SUP005,2026-01-14,2026-01-19,2026-01-19,1130,1130,Delivered
PO-13603,MED067,LOC003,SUP012,2026-01-14,2026-01-20,2026-01-20,820,820,Delivered
PO-13604,MED071,LOC001,SUP014,2026-01-14,2026-01-20,2026-01-20,150,150,Delivered
PO-13605,MED071,LOC003,SUP014,2026-01-14,2026-01-20,2026-01-20,130,130,Delivered
PO-13606,MED073,LOC001,SUP004,2026-01-14,2026-01-20,2026-01-20,220,220,Delivered
PO-13607,MED073,LOC002,SUP004,2026-01-14,2026-01-20,2026-01-20,100,100,Delivered
PO-13608,MED074,LOC002,SUP006,2026-01-14,2026-01-22,2026-01-22,50,50,Delivered
PO-13609,MED074,LOC004,SUP006,2026-01-14,2026-01-22,2026-01-24,50,50,Delayed
PO-13610,MED003,LOC005,SUP001,2026-01-15,2026-01-18,2026-01-18,110,110,Delivered
PO-13611,MED005,LOC002,SUP001,2026-01-15,2026-01-20,2026-01-20,150,150,Delivered
PO-13612,MED007,LOC002,SUP011,2026-01-15,2026-01-18,2026-01-18,650,650,Delivered
PO-13613,MED012,LOC002,SUP007,2026-01-15,2026-01-19,2026-01-19,310,310,Delivered
PO-13614,MED014,LOC006,SUP007,2026-01-15,2026-01-18,2026-01-18,360,360,Delivered
PO-13615,MED015,LOC001,SUP011,2026-01-15,2026-01-18,2026-01-18,620,620,Delivered
PO-13616,MED017,LOC001,SUP001,2026-01-15,2026-01-20,2026-01-20,1490,1490,Delivered
PO-13617,MED017,LOC003,SUP001,2026-01-15,2026-01-20,2026-01-20,1170,1170,Delivered
PO-13618,MED017,LOC007,SUP001,2026-01-15,2026-01-20,2026-01-20,80,80,Delivered
PO-13619,MED019,LOC003,SUP015,2026-01-15,2026-01-18,2026-01-18,1080,1080,Delivered
PO-13620,MED019,LOC007,SUP015,2026-01-15,2026-01-18,2026-01-18,90,90,Delivered
PO-13621,MED020,LOC001,SUP004,2026-01-15,2026-01-20,2026-01-20,1070,1070,Delivered
PO-13622,MED020,LOC005,SUP004,2026-01-15,2026-01-20,2026-01-20,360,360,Delivered
PO-13623,MED024,LOC001,SUP009,2026-01-15,2026-01-20,2026-01-20,1860,1860,Delivered
PO-13624,MED027,LOC002,SUP009,2026-01-15,2026-01-20,2026-01-20,490,490,Delivered
PO-13625,MED028,LOC006,SUP002,2026-01-15,2026-01-20,2026-01-20,590,590,Delivered
PO-13626,MED031,LOC004,SUP015,2026-01-15,2026-01-18,2026-01-18,210,210,Delivered
PO-13627,MED032,LOC006,SUP009,2026-01-15,2026-01-18,2026-01-18,500,500,Delivered
PO-13628,MED033,LOC002,SUP004,2026-01-15,2026-01-21,2026-01-21,70,70,Delivered
PO-13629,MED033,LOC003,SUP004,2026-01-15,2026-01-21,2026-01-22,140,140,Delayed
PO-13630,MED037,LOC005,SUP015,2026-01-15,2026-01-19,2026-01-19,770,770,Delivered
PO-13631,MED039,LOC003,SUP006,2026-01-15,2026-01-23,2026-01-26,50,50,Delayed
PO-13632,MED040,LOC003,SUP004,2026-01-15,2026-01-20,2026-01-20,130,130,Delivered
PO-13633,MED045,LOC001,SUP004,2026-01-15,2026-01-20,2026-01-20,770,770,Delivered
PO-13634,MED046,LOC005,SUP015,2026-01-15,2026-01-19,2026-01-19,370,370,Delivered
PO-13635,MED049,LOC002,SUP015,2026-01-15,2026-01-18,2026-01-18,1120,1120,Delivered
PO-13636,MED051,LOC002,SUP015,2026-01-15,2026-01-17,2026-01-17,1320,1320,Delivered
PO-13637,MED051,LOC003,SUP015,2026-01-15,2026-01-17,2026-01-17,2830,2830,Delivered
PO-13638,MED051,LOC006,SUP015,2026-01-15,2026-01-17,2026-01-17,2420,2420,Delivered
PO-13639,MED052,LOC002,SUP015,2026-01-15,2026-01-18,2026-01-18,170,170,Delivered
PO-13640,MED052,LOC006,SUP015,2026-01-15,2026-01-18,2026-01-18,300,300,Delivered
PO-13641,MED055,LOC006,SUP015,2026-01-15,2026-01-18,2026-01-18,760,760,Delivered
PO-13642,MED055,LOC007,SUP015,2026-01-15,2026-01-18,2026-01-18,70,70,Delivered
PO-13643,MED058,LOC003,SUP008,2026-01-15,2026-01-20,2026-01-20,620,620,Delivered
PO-13644,MED058,LOC006,SUP008,2026-01-15,2026-01-20,2026-01-20,560,560,Delivered
PO-13645,MED059,LOC001,SUP015,2026-01-15,2026-01-18,2026-01-18,680,680,Delivered
PO-13646,MED059,LOC002,SUP015,2026-01-15,2026-01-18,2026-01-18,290,290,Delivered
PO-13647,MED059,LOC006,SUP015,2026-01-15,2026-01-18,2026-01-18,450,450,Delivered
PO-13648,MED062,LOC001,SUP004,2026-01-15,2026-01-20,2026-01-20,1360,1360,Delivered
PO-13649,MED062,LOC002,SUP004,2026-01-15,2026-01-20,2026-01-21,550,550,Delayed
PO-13650,MED064,LOC003,SUP005,2026-01-15,2026-01-20,2026-01-20,1980,1980,Delivered
PO-13651,MED065,LOC004,SUP015,2026-01-15,2026-01-17,2026-01-17,130,130,Delivered
PO-13652,MED066,LOC007,SUP004,2026-01-15,2026-01-21,2026-01-21,70,70,Delivered
PO-13653,MED068,LOC007,SUP004,2026-01-15,2026-01-21,2026-01-21,270,270,Delivered
PO-13654,MED073,LOC005,SUP004,2026-01-15,2026-01-21,2026-01-21,70,70,Delivered
PO-13655,MED074,LOC003,SUP006,2026-01-15,2026-01-23,2026-01-23,70,70,Delivered
PO-13656,MED001,LOC003,SUP001,2026-01-16,2026-01-21,2026-01-21,680,680,Delivered
PO-13657,MED004,LOC005,SUP001,2026-01-16,2026-01-20,2026-01-20,160,160,Delivered
PO-13658,MED007,LOC001,SUP011,2026-01-16,2026-01-19,2026-01-19,1570,1570,Delivered
PO-13659,MED007,LOC005,SUP011,2026-01-16,2026-01-19,2026-01-19,590,590,Delivered
PO-13660,MED011,LOC006,SUP011,2026-01-16,2026-01-21,2026-01-21,340,340,Delivered
PO-13661,MED012,LOC005,SUP007,2026-01-16,2026-01-20,2026-01-20,260,260,Delivered
PO-13662,MED015,LOC004,SUP011,2026-01-16,2026-01-19,2026-01-19,100,100,Delivered
PO-13663,MED018,LOC002,SUP001,2026-01-16,2026-01-19,2026-01-20,840,840,Delayed
PO-13664,MED018,LOC003,SUP001,2026-01-16,2026-01-19,2026-01-19,1550,1550,Delivered
PO-13665,MED019,LOC005,SUP015,2026-01-16,2026-01-19,2026-01-19,480,480,Delivered
PO-13666,MED020,LOC007,SUP004,2026-01-16,2026-01-21,2026-01-21,240,240,Delivered
PO-13667,MED023,LOC007,SUP002,2026-01-16,2026-01-20,2026-01-20,130,130,Delivered
PO-13668,MED024,LOC003,SUP009,2026-01-16,2026-01-21,2026-01-23,1370,1370,Delayed
PO-13669,MED027,LOC006,SUP009,2026-01-16,2026-01-21,2026-01-21,920,920,Delivered
PO-13670,MED028,LOC003,SUP002,2026-01-16,2026-01-21,2026-01-21,610,610,Delivered
PO-13671,MED028,LOC005,SUP002,2026-01-16,2026-01-21,2026-01-21,270,270,Delivered
PO-13672,MED029,LOC001,SUP015,2026-01-16,2026-01-19,2026-01-19,350,350,Delivered
PO-13673,MED029,LOC003,SUP015,2026-01-16,2026-01-19,2026-01-19,250,250,Delivered
PO-13674,MED030,LOC002,SUP004,2026-01-16,2026-01-21,2026-01-21,80,80,Delivered
PO-13675,MED035,LOC004,SUP015,2026-01-16,2026-01-18,2026-01-18,50,50,Delivered
PO-13676,MED038,LOC001,SUP015,2026-01-16,2026-01-18,2026-01-18,120,120,Delivered
PO-13677,MED041,LOC002,SUP015,2026-01-16,2026-01-18,2026-01-18,100,100,Delivered
PO-13678,MED044,LOC002,SUP010,2026-01-16,2026-01-21,2026-01-21,220,220,Delivered
PO-13679,MED045,LOC002,SUP004,2026-01-16,2026-01-21,2026-01-21,320,320,Delivered
PO-13680,MED047,LOC001,SUP015,2026-01-16,2026-01-19,2026-01-19,810,810,Delivered
PO-13681,MED047,LOC005,SUP015,2026-01-16,2026-01-19,2026-01-19,240,240,Delivered
PO-13682,MED049,LOC007,SUP015,2026-01-16,2026-01-19,2026-01-19,150,150,Delivered
PO-13683,MED052,LOC001,SUP015,2026-01-16,2026-01-19,2026-01-19,480,480,Delivered
PO-13684,MED053,LOC007,SUP010,2026-01-16,2026-01-22,2026-01-22,50,50,Delivered
PO-13685,MED055,LOC001,SUP015,2026-01-16,2026-01-19,2026-01-19,1010,1010,Delivered
PO-13686,MED055,LOC002,SUP015,2026-01-16,2026-01-19,2026-01-19,420,420,Delivered
PO-13687,MED056,LOC002,SUP005,2026-01-16,2026-01-21,2026-01-21,370,370,Delivered
PO-13688,MED056,LOC006,SUP005,2026-01-16,2026-01-21,2026-01-21,630,630,Delivered
PO-13689,MED058,LOC007,SUP008,2026-01-16,2026-01-21,2026-01-21,50,50,Delivered
PO-13690,MED060,LOC001,SUP015,2026-01-16,2026-01-18,2026-01-18,110,110,Delivered
PO-13691,MED060,LOC003,SUP015,2026-01-16,2026-01-18,2026-01-18,70,70,Delivered
PO-13692,MED062,LOC003,SUP004,2026-01-16,2026-01-21,2026-01-21,1180,1180,Delivered
PO-13693,MED062,LOC006,SUP004,2026-01-16,2026-01-21,2026-01-21,1050,1050,Delivered
PO-13694,MED063,LOC003,SUP004,2026-01-16,2026-01-23,2026-01-23,380,380,Delivered
PO-13695,MED069,LOC006,SUP004,2026-01-16,2026-01-23,2026-01-23,3470,3470,Delivered
PO-13696,MED001,LOC006,SUP001,2026-01-17,2026-01-22,2026-01-22,980,980,Delivered
PO-13697,MED004,LOC004,SUP001,2026-01-17,2026-01-21,2026-01-21,70,70,Delivered
PO-13698,MED005,LOC001,SUP001,2026-01-17,2026-01-22,2026-01-22,320,320,Delivered
PO-13699,MED005,LOC004,SUP001,2026-01-17,2026-01-22,2026-01-22,60,60,Delivered
PO-13700,MED007,LOC006,SUP011,2026-01-17,2026-01-20,2026-01-20,1130,1130,Delivered
PO-13701,MED011,LOC004,SUP011,2026-01-17,2026-01-22,2026-01-22,80,80,Delivered
PO-13702,MED019,LOC004,SUP015,2026-01-17,2026-01-20,2026-01-20,190,190,Delivered
PO-13703,MED025,LOC007,SUP002,2026-01-17,2026-01-22,2026-01-22,160,160,Delivered
PO-13704,MED026,LOC003,SUP002,2026-01-17,2026-01-23,2026-01-23,1790,1790,Delivered
PO-13705,MED026,LOC007,SUP002,2026-01-17,2026-01-23,2026-01-23,150,150,Delivered
PO-13706,MED030,LOC003,SUP004,2026-01-17,2026-01-22,2026-01-22,190,190,Delivered
PO-13707,MED030,LOC004,SUP004,2026-01-17,2026-01-22,2026-01-22,50,50,Delivered
PO-13708,MED030,LOC006,SUP004,2026-01-17,2026-01-22,2026-01-25,180,180,Delayed
PO-13709,MED035,LOC005,SUP015,2026-01-17,2026-01-19,2026-01-19,90,90,Delivered
PO-13710,MED043,LOC006,SUP003,2026-01-17,2026-01-19,2026-01-19,220,220,Delivered
PO-13711,MED044,LOC003,SUP010,2026-01-17,2026-01-22,2026-01-22,430,430,Delivered
PO-13712,MED048,LOC005,SUP015,2026-01-17,2026-01-19,2026-01-19,150,150,Delivered
PO-13713,MED057,LOC004,SUP008,2026-01-17,2026-01-21,2026-01-21,250,250,Delivered
PO-13714,MED067,LOC006,SUP012,2026-01-17,2026-01-23,2026-01-24,840,840,Delayed
PO-13715,MED067,LOC007,SUP012,2026-01-17,2026-01-23,2026-01-23,60,60,Delivered
PO-13716,MED070,LOC005,SUP004,2026-01-17,2026-01-23,2026-01-23,170,170,Delivered
PO-13717,MED071,LOC006,SUP014,2026-01-17,2026-01-23,2026-01-23,100,100,Delivered
PO-13718,MED075,LOC002,SUP004,2026-01-17,2026-01-23,2026-01-23,280,280,Delivered
PO-13719,MED001,LOC002,SUP001,2026-01-18,2026-01-23,2026-01-23,380,380,Delivered
PO-13720,MED002,LOC006,SUP010,2026-01-18,2026-01-25,2026-01-25,660,660,Delivered
PO-13721,MED003,LOC001,SUP001,2026-01-18,2026-01-21,2026-01-21,380,380,Delivered
PO-13722,MED003,LOC003,SUP001,2026-01-18,2026-01-21,2026-01-21,260,260,Delivered
PO-13723,MED003,LOC004,SUP001,2026-01-18,2026-01-21,2026-01-21,50,50,Delivered
PO-13724,MED012,LOC006,SUP007,2026-01-18,2026-01-22,2026-01-22,600,600,Delivered
PO-13725,MED013,LOC004,SUP007,2026-01-18,2026-01-23,2026-01-23,60,60,Delivered
PO-13726,MED014,LOC001,SUP007,2026-01-18,2026-01-21,2026-01-21,480,480,Delivered
PO-13727,MED016,LOC006,SUP001,2026-01-18,2026-01-22,2026-01-22,1790,1790,Delivered
PO-13728,MED024,LOC002,SUP009,2026-01-18,2026-01-23,2026-01-23,680,680,Delivered
PO-13729,MED026,LOC001,SUP002,2026-01-18,2026-01-24,2026-01-24,2390,2390,Delivered
PO-13730,MED029,LOC002,SUP015,2026-01-18,2026-01-21,2026-01-21,120,120,Delivered
PO-13731,MED035,LOC002,SUP015,2026-01-18,2026-01-20,2026-01-20,120,120,Delivered
PO-13732,MED036,LOC001,SUP003,2026-01-18,2026-01-20,2026-01-20,2380,2380,Delivered
PO-13733,MED036,LOC006,SUP003,2026-01-18,2026-01-20,2026-01-20,1670,1670,Delivered
PO-13734,MED041,LOC004,SUP015,2026-01-18,2026-01-20,2026-01-20,50,50,Delivered
PO-13735,MED044,LOC001,SUP010,2026-01-18,2026-01-23,2026-01-23,550,550,Delivered
PO-13736,MED045,LOC005,SUP004,2026-01-18,2026-01-23,2026-01-26,270,270,Delayed
PO-13737,MED046,LOC004,SUP015,2026-01-18,2026-01-22,2026-01-22,190,190,Delivered
PO-13738,MED049,LOC001,SUP015,2026-01-18,2026-01-21,2026-01-21,2550,2550,Delivered
PO-13739,MED056,LOC004,SUP005,2026-01-18,2026-01-23,2026-01-25,310,310,Delayed
PO-13740,MED060,LOC005,SUP015,2026-01-18,2026-01-20,2026-01-20,50,50,Delivered
PO-13741,MED060,LOC006,SUP015,2026-01-18,2026-01-20,2026-01-20,60,60,Delivered
PO-13742,MED061,LOC001,SUP004,2026-01-18,2026-01-25,2026-01-25,1290,1290,Delivered
PO-13743,MED062,LOC007,SUP004,2026-01-18,2026-01-23,2026-01-23,90,90,Delivered
PO-13744,MED064,LOC004,SUP005,2026-01-18,2026-01-23,2026-01-23,350,350,Delivered
PO-13745,MED069,LOC004,SUP004,2026-01-18,2026-01-25,2026-01-25,460,460,Delivered
PO-13746,MED073,LOC003,SUP004,2026-01-18,2026-01-24,2026-01-24,170,170,Delivered
PO-13747,MED075,LOC001,SUP004,2026-01-18,2026-01-24,2026-01-24,830,830,Delivered
PO-13748,MED006,LOC003,SUP001,2026-01-19,2026-01-24,2026-01-24,820,820,Delivered
PO-13749,MED009,LOC005,SUP007,2026-01-19,2026-01-23,2026-01-23,530,530,Delivered
PO-13750,MED010,LOC006,SUP007,2026-01-19,2026-01-23,2026-01-23,690,690,Delivered
PO-13751,MED013,LOC006,SUP007,2026-01-19,2026-01-24,2026-01-24,220,220,Delivered
PO-13752,MED018,LOC005,SUP001,2026-01-19,2026-01-22,2026-01-22,690,690,Delivered
PO-13753,MED020,LOC002,SUP004,2026-01-19,2026-01-24,2026-01-24,390,390,Delivered
PO-13754,MED021,LOC005,SUP002,2026-01-19,2026-01-23,2026-01-23,560,560,Delivered
PO-13755,MED025,LOC002,SUP002,2026-01-19,2026-01-24,2026-01-24,1270,1270,Delivered
PO-13756,MED025,LOC003,SUP002,2026-01-19,2026-01-24,2026-01-24,2360,2360,Delivered
PO-13757,MED031,LOC003,SUP015,2026-01-19,2026-01-22,2026-01-22,1070,1070,Delivered
PO-13758,MED035,LOC003,SUP015,2026-01-19,2026-01-21,2026-01-21,230,230,Delivered
PO-13759,MED036,LOC003,SUP003,2026-01-19,2026-01-21,2026-01-21,1820,1820,Delivered
PO-13760,MED037,LOC006,SUP015,2026-01-19,2026-01-23,2026-01-23,1880,1880,Delivered
PO-13761,MED037,LOC007,SUP015,2026-01-19,2026-01-23,2026-01-23,160,160,Delivered
PO-13762,MED041,LOC007,SUP015,2026-01-19,2026-01-21,2026-01-21,50,50,Delivered
PO-13763,MED044,LOC005,SUP010,2026-01-19,2026-01-24,2026-01-24,180,180,Delivered
PO-13764,MED045,LOC003,SUP004,2026-01-19,2026-01-24,2026-01-24,650,650,Delivered
PO-13765,MED052,LOC003,SUP015,2026-01-19,2026-01-22,2026-01-22,320,320,Delivered
PO-13766,MED053,LOC006,SUP010,2026-01-19,2026-01-25,2026-01-26,310,310,Delayed
PO-13767,MED056,LOC003,SUP005,2026-01-19,2026-01-24,2026-01-24,640,640,Delivered
PO-13768,MED061,LOC002,SUP004,2026-01-19,2026-01-26,2026-01-26,510,510,Delivered
PO-13769,MED061,LOC003,SUP004,2026-01-19,2026-01-26,2026-01-26,910,910,Delivered
PO-13770,MED064,LOC005,SUP005,2026-01-19,2026-01-24,2026-01-24,880,880,Delivered
PO-13771,MED065,LOC006,SUP015,2026-01-19,2026-01-21,2026-01-21,690,690,Delivered
PO-13772,MED066,LOC004,SUP004,2026-01-19,2026-01-25,2026-01-27,220,220,Delayed
PO-13773,MED001,LOC004,SUP001,2026-01-20,2026-01-25,2026-01-25,150,150,Delivered
PO-13774,MED006,LOC005,SUP001,2026-01-20,2026-01-25,2026-01-25,380,380,Delivered
PO-13775,MED008,LOC007,SUP001,2026-01-20,2026-01-25,2026-01-25,150,150,Delivered
PO-13776,MED010,LOC004,SUP007,2026-01-20,2026-01-24,2026-01-24,170,170,Delivered
PO-13777,MED011,LOC003,SUP011,2026-01-20,2026-01-25,2026-01-25,340,340,Delivered
PO-13778,MED012,LOC001,SUP007,2026-01-20,2026-01-24,2026-01-25,860,860,Delayed
PO-13779,MED015,LOC002,SUP011,2026-01-20,2026-01-23,2026-01-23,220,220,Delivered
PO-13780,MED015,LOC003,SUP011,2026-01-20,2026-01-23,2026-01-23,450,450,Delivered
PO-13781,MED017,LOC002,SUP001,2026-01-20,2026-01-25,2026-01-26,520,520,Delayed
PO-13782,MED025,LOC001,SUP002,2026-01-20,2026-01-25,2026-01-25,3160,3160,Delivered
PO-13783,MED025,LOC006,SUP002,2026-01-20,2026-01-25,2026-01-26,2230,2230,Delayed
PO-13784,MED027,LOC001,SUP009,2026-01-20,2026-01-25,2026-01-25,1270,1270,Delivered
PO-13785,MED027,LOC005,SUP009,2026-01-20,2026-01-25,2026-01-25,420,420,Delivered
PO-13786,MED028,LOC002,SUP002,2026-01-20,2026-01-25,2026-01-25,280,280,Delivered
PO-13787,MED032,LOC002,SUP009,2026-01-20,2026-01-23,2026-01-23,260,260,Delivered
PO-13788,MED032,LOC003,SUP009,2026-01-20,2026-01-23,2026-01-23,550,550,Delivered
PO-13789,MED033,LOC005,SUP004,2026-01-20,2026-01-26,2026-01-26,60,60,Delivered
PO-13790,MED034,LOC002,SUP013,2026-01-20,2026-01-26,2026-01-26,120,120,Delivered
PO-13791,MED034,LOC004,SUP013,2026-01-20,2026-01-26,2026-01-26,60,60,Delivered
PO-13792,MED041,LOC005,SUP015,2026-01-20,2026-01-22,2026-01-22,70,70,Delivered
PO-13793,MED048,LOC004,SUP015,2026-01-20,2026-01-22,2026-01-22,80,80,Delivered
PO-13794,MED050,LOC002,SUP005,2026-01-20,2026-01-24,2026-01-24,1800,1800,Delivered
PO-13795,MED051,LOC005,SUP015,2026-01-20,2026-01-22,2026-01-22,1190,1190,Delivered
PO-13796,MED053,LOC001,SUP010,2026-01-20,2026-01-26,2026-01-26,300,300,Delivered
PO-13797,MED057,LOC001,SUP008,2026-01-20,2026-01-24,2026-01-24,820,820,Delivered
PO-13798,MED059,LOC005,SUP015,2026-01-20,2026-01-23,2026-01-23,230,230,Delivered
PO-13799,MED061,LOC005,SUP004,2026-01-20,2026-01-27,2026-01-27,390,390,Delivered
PO-13800,MED061,LOC006,SUP004,2026-01-20,2026-01-27,2026-01-27,1000,1000,Delivered
PO-13801,MED062,LOC005,SUP004,2026-01-20,2026-01-25,2026-01-25,510,510,Delivered
PO-13802,MED066,LOC006,SUP004,2026-01-20,2026-01-26,2026-01-26,970,970,Delivered
PO-13803,MED068,LOC001,SUP004,2026-01-20,2026-01-26,2026-01-26,4560,4560,Delivered
PO-13804,MED070,LOC003,SUP004,2026-01-20,2026-01-26,2026-01-26,420,420,Delivered
PO-13805,MED072,LOC001,SUP006,2026-01-20,2026-01-27,2026-01-30,70,70,Delayed
PO-13806,MED073,LOC004,SUP004,2026-01-20,2026-01-26,2026-01-26,50,50,Delivered
PO-13807,MED074,LOC001,SUP006,2026-01-20,2026-01-28,2026-01-28,110,110,Delivered
PO-13808,MED002,LOC004,SUP010,2026-01-21,2026-01-28,2026-01-28,80,80,Delivered
PO-13809,MED002,LOC005,SUP010,2026-01-21,2026-01-28,2026-01-28,220,220,Delivered
PO-13810,MED006,LOC006,SUP001,2026-01-21,2026-01-26,2026-01-26,1130,1130,Delivered
PO-13811,MED011,LOC001,SUP011,2026-01-21,2026-01-26,2026-01-26,440,440,Delivered
PO-13812,MED011,LOC002,SUP011,2026-01-21,2026-01-26,2026-01-26,220,220,Delivered
PO-13813,MED014,LOC003,SUP007,2026-01-21,2026-01-24,2026-01-24,340,340,Delivered
PO-13814,MED017,LOC004,SUP001,2026-01-21,2026-01-26,2026-01-26,200,200,Delivered
PO-13815,MED022,LOC003,SUP002,2026-01-21,2026-01-25,2026-01-25,750,750,Delivered
PO-13816,MED022,LOC004,SUP002,2026-01-21,2026-01-25,2026-01-25,150,150,Delivered
PO-13817,MED023,LOC004,SUP002,2026-01-21,2026-01-25,2026-01-25,290,290,Delivered
PO-13818,MED023,LOC005,SUP002,2026-01-21,2026-01-25,2026-01-26,620,620,Delayed
PO-13819,MED027,LOC003,SUP009,2026-01-21,2026-01-26,2026-01-26,970,970,Delivered
PO-13820,MED027,LOC007,SUP009,2026-01-21,2026-01-26,2026-01-26,90,90,Delivered
PO-13821,MED033,LOC004,SUP004,2026-01-21,2026-01-27,2026-01-27,50,50,Delivered
PO-13822,MED036,LOC005,SUP003,2026-01-21,2026-01-23,2026-01-23,830,830,Delivered
PO-13823,MED037,LOC004,SUP015,2026-01-21,2026-01-25,2026-01-25,350,350,Delivered
PO-13824,MED039,LOC002,SUP006,2026-01-21,2026-01-29,2026-01-29,50,50,Delivered
PO-13825,MED040,LOC002,SUP004,2026-01-21,2026-01-26,2026-01-26,50,50,Delivered
PO-13826,MED043,LOC003,SUP003,2026-01-21,2026-01-23,2026-01-23,220,220,Delivered
PO-13827,MED046,LOC007,SUP015,2026-01-21,2026-01-25,2026-01-25,80,80,Delivered
PO-13828,MED053,LOC002,SUP010,2026-01-21,2026-01-27,2026-01-27,110,110,Delivered
PO-13829,MED063,LOC001,SUP004,2026-01-21,2026-01-28,2026-01-28,490,490,Delivered
PO-13830,MED066,LOC003,SUP004,2026-01-21,2026-01-27,2026-01-29,1040,1040,Delayed
PO-13831,MED067,LOC001,SUP012,2026-01-21,2026-01-27,2026-01-27,1040,1040,Delivered
PO-13832,MED075,LOC003,SUP004,2026-01-21,2026-01-27,2026-01-27,640,640,Delivered
PO-13833,MED001,LOC005,SUP001,2026-01-22,2026-01-27,2026-01-27,320,320,Delivered
PO-13834,MED009,LOC006,SUP007,2026-01-22,2026-01-26,2026-01-26,1270,1270,Delivered
PO-13835,MED012,LOC004,SUP007,2026-01-22,2026-01-26,2026-01-26,130,130,Delivered
PO-13836,MED015,LOC007,SUP011,2026-01-22,2026-01-25,2026-01-25,150,150,Delivered
PO-13837,MED016,LOC004,SUP001,2026-01-22,2026-01-26,2026-01-26,340,340,Delivered
PO-13838,MED021,LOC003,SUP002,2026-01-22,2026-01-26,2026-01-26,1430,1430,Delivered
PO-13839,MED021,LOC004,SUP002,2026-01-22,2026-01-26,2026-01-26,260,260,Delivered
PO-13840,MED023,LOC002,SUP002,2026-01-22,2026-01-26,2026-01-26,700,700,Delivered
PO-13841,MED026,LOC004,SUP002,2026-01-22,2026-01-28,2026-01-28,340,340,Delivered
PO-13842,MED029,LOC006,SUP015,2026-01-22,2026-01-25,2026-01-25,230,230,Delivered
PO-13843,MED031,LOC002,SUP015,2026-01-22,2026-01-25,2026-01-25,540,540,Delivered
PO-13844,MED032,LOC005,SUP009,2026-01-22,2026-01-25,2026-01-25,240,240,Delivered
PO-13845,MED034,LOC006,SUP013,2026-01-22,2026-01-28,2026-01-28,260,260,Delivered
PO-13846,MED037,LOC001,SUP015,2026-01-22,2026-01-26,2026-01-26,2460,2460,Delivered
PO-13847,MED038,LOC003,SUP015,2026-01-22,2026-01-24,2026-01-24,130,130,Delivered
PO-13848,MED040,LOC001,SUP004,2026-01-22,2026-01-27,2026-01-30,180,180,Delayed
PO-13849,MED042,LOC003,SUP003,2026-01-22,2026-01-24,2026-01-24,680,680,Delivered
PO-13850,MED044,LOC004,SUP010,2026-01-22,2026-01-27,2026-01-27,90,90,Delivered
PO-13851,MED048,LOC001,SUP015,2026-01-22,2026-01-24,2026-01-24,540,540,Delivered
PO-13852,MED048,LOC007,SUP015,2026-01-22,2026-01-24,2026-01-24,50,50,Delivered
PO-13853,MED049,LOC005,SUP015,2026-01-22,2026-01-25,2026-01-25,860,860,Delivered
PO-13854,MED051,LOC007,SUP015,2026-01-22,2026-01-24,2026-01-24,180,180,Delivered
PO-13855,MED054,LOC005,SUP015,2026-01-22,2026-01-24,2026-01-24,130,130,Delivered
PO-13856,MED054,LOC006,SUP015,2026-01-22,2026-01-24,2026-01-24,320,320,Delivered
PO-13857,MED057,LOC006,SUP008,2026-01-22,2026-01-26,2026-01-26,520,520,Delivered
PO-13858,MED059,LOC003,SUP015,2026-01-22,2026-01-25,2026-01-25,540,540,Delivered
PO-13859,MED063,LOC007,SUP004,2026-01-22,2026-01-29,2026-01-30,50,50,Delayed
PO-13860,MED066,LOC001,SUP004,2026-01-22,2026-01-28,2026-01-28,1230,1230,Delivered
PO-13861,MED066,LOC005,SUP004,2026-01-22,2026-01-28,2026-01-30,410,410,Delayed
PO-13862,MED069,LOC005,SUP004,2026-01-22,2026-01-29,2026-01-29,1080,1080,Delivered
PO-13863,MED070,LOC001,SUP004,2026-01-22,2026-01-28,2026-01-30,570,570,Delayed
PO-13864,MED072,LOC003,SUP006,2026-01-22,2026-01-29,2026-01-29,60,60,Delivered
PO-13865,MED073,LOC006,SUP004,2026-01-22,2026-01-28,2026-01-28,160,160,Delivered
PO-13866,MED075,LOC005,SUP004,2026-01-22,2026-01-28,2026-01-28,250,250,Delivered
PO-13867,MED075,LOC006,SUP004,2026-01-22,2026-01-28,2026-01-28,590,590,Delivered
PO-13868,MED005,LOC005,SUP001,2026-01-23,2026-01-28,2026-01-28,140,140,Delivered
PO-13869,MED006,LOC002,SUP001,2026-01-23,2026-01-28,2026-01-28,400,400,Delivered
PO-13870,MED009,LOC002,SUP007,2026-01-23,2026-01-27,2026-01-30,640,640,Delayed
PO-13871,MED012,LOC007,SUP007,2026-01-23,2026-01-27,2026-01-27,50,50,Delivered
PO-13872,MED020,LOC004,SUP004,2026-01-23,2026-01-28,2026-01-28,140,140,Delivered
PO-13873,MED022,LOC001,SUP002,2026-01-23,2026-01-27,2026-01-27,1060,1060,Delivered
PO-13874,MED024,LOC005,SUP009,2026-01-23,2026-01-28,2026-01-28,610,610,Delivered
PO-13875,MED026,LOC002,SUP002,2026-01-23,2026-01-29,2026-01-29,920,920,Delivered
PO-13876,MED029,LOC005,SUP015,2026-01-23,2026-01-26,2026-01-26,120,120,Delivered
PO-13877,MED030,LOC001,SUP004,2026-01-23,2026-01-28,2026-01-28,230,230,Delivered
PO-13878,MED034,LOC005,SUP013,2026-01-23,2026-01-29,2026-01-29,100,100,Delivered
PO-13879,MED042,LOC001,SUP003,2026-01-23,2026-01-25,2026-01-25,840,840,Delivered
PO-13880,MED047,LOC003,SUP015,2026-01-23,2026-01-26,2026-01-26,600,600,Delivered
PO-13881,MED048,LOC003,SUP015,2026-01-23,2026-01-25,2026-01-25,430,430,Delivered
PO-13882,MED049,LOC004,SUP015,2026-01-23,2026-01-26,2026-01-26,340,340,Delivered
PO-13883,MED054,LOC001,SUP015,2026-01-23,2026-01-25,2026-01-25,420,420,Delivered
PO-13884,MED055,LOC005,SUP015,2026-01-23,2026-01-26,2026-01-26,390,390,Delivered
PO-13885,MED058,LOC002,SUP008,2026-01-23,2026-01-28,2026-01-28,290,290,Delivered
PO-13886,MED061,LOC007,SUP004,2026-01-23,2026-01-30,2026-01-30,90,90,Delivered
PO-13887,MED063,LOC005,SUP004,2026-01-23,2026-01-30,2026-01-30,130,130,Delivered
PO-13888,MED066,LOC002,SUP004,2026-01-23,2026-01-29,2026-01-29,480,480,Delivered
PO-13889,MED067,LOC005,SUP012,2026-01-23,2026-01-29,2026-01-29,320,320,Delivered
PO-13890,MED068,LOC003,SUP004,2026-01-23,2026-01-29,2026-01-29,3380,3380,Delivered
PO-13891,MED068,LOC004,SUP004,2026-01-23,2026-01-29,2026-01-29,610,610,Delivered
PO-13892,MED068,LOC005,SUP004,2026-01-23,2026-01-29,2026-01-29,1470,1470,Delivered
PO-13893,MED069,LOC002,SUP004,2026-01-23,2026-01-30,2026-01-30,1230,1230,Delivered
PO-13894,MED069,LOC007,SUP004,2026-01-23,2026-01-30,2026-01-30,210,210,Delivered
PO-13895,MED072,LOC002,SUP006,2026-01-23,2026-01-30,2026-01-30,50,50,Delivered
PO-13896,MED074,LOC003,SUP006,2026-01-23,2026-01-31,2026-01-31,110,110,Delivered
PO-13897,MED002,LOC001,SUP010,2026-01-24,2026-01-31,2026-01-31,580,580,Delivered
PO-13898,MED003,LOC006,SUP001,2026-01-24,2026-01-27,2026-01-27,390,390,Delivered
PO-13899,MED004,LOC006,SUP001,2026-01-24,2026-01-28,2026-01-28,490,490,Delivered
PO-13900,MED007,LOC004,SUP011,2026-01-24,2026-01-27,2026-01-27,220,220,Delivered
PO-13901,MED008,LOC005,SUP001,2026-01-24,2026-01-29,2026-01-30,190,190,Delayed
PO-13902,MED009,LOC001,SUP007,2026-01-24,2026-01-28,2026-01-28,1600,1600,Delivered
PO-13903,MED009,LOC004,SUP007,2026-01-24,2026-01-28,2026-01-28,260,260,Delivered
PO-13904,MED010,LOC003,SUP007,2026-01-24,2026-01-28,2026-01-28,820,820,Delivered
PO-13905,MED010,LOC005,SUP007,2026-01-24,2026-01-28,2026-01-28,380,380,Delivered
PO-13906,MED016,LOC001,SUP001,2026-01-24,2026-01-28,2026-01-28,2480,2480,Delivered
PO-13907,MED019,LOC002,SUP015,2026-01-24,2026-01-27,2026-01-27,510,510,Delivered
PO-13908,MED026,LOC005,SUP002,2026-01-24,2026-01-30,2026-02-02,790,790,Delayed
PO-13909,MED026,LOC006,SUP002,2026-01-24,2026-01-30,2026-01-30,1730,1730,Delivered
PO-13910,MED031,LOC005,SUP015,2026-01-24,2026-01-27,2026-01-27,460,460,Delivered
PO-13911,MED043,LOC005,SUP003,2026-01-24,2026-01-26,2026-01-26,120,120,Delivered
PO-13912,MED045,LOC006,SUP004,2026-01-24,2026-01-29,2026-01-29,590,590,Delivered
PO-13913,MED046,LOC006,SUP015,2026-01-24,2026-01-28,2026-01-28,800,800,Delivered
PO-13914,MED050,LOC005,SUP005,2026-01-24,2026-01-28,2026-01-28,1380,1380,Delivered
PO-13915,MED050,LOC006,SUP005,2026-01-24,2026-01-28,2026-01-28,3300,3300,Delivered
PO-13916,MED054,LOC003,SUP015,2026-01-24,2026-01-26,2026-01-26,320,320,Delivered
PO-13917,MED068,LOC002,SUP004,2026-01-24,2026-01-30,2026-01-30,1670,1670,Delivered
PO-13918,MED068,LOC006,SUP004,2026-01-24,2026-01-30,2026-01-30,5060,5060,Delivered
PO-13919,MED070,LOC006,SUP004,2026-01-24,2026-01-30,2026-01-30,380,380,Delivered
PO-13920,MED002,LOC007,SUP010,2026-01-25,2026-02-01,2026-02-01,50,50,Delivered
PO-13921,MED011,LOC005,SUP011,2026-01-25,2026-01-30,2026-01-30,170,170,Delivered
PO-13922,MED013,LOC005,SUP007,2026-01-25,2026-01-30,2026-01-30,120,120,Delivered
PO-13923,MED014,LOC002,SUP007,2026-01-25,2026-01-28,2026-01-28,230,230,Delivered
PO-13924,MED014,LOC005,SUP007,2026-01-25,2026-01-28,2026-01-28,190,190,Delivered
PO-13925,MED021,LOC002,SUP002,2026-01-25,2026-01-29,2026-01-29,710,710,Delivered
PO-13926,MED021,LOC006,SUP002,2026-01-25,2026-01-29,2026-01-29,1280,1280,Delivered
PO-13927,MED022,LOC006,SUP002,2026-01-25,2026-01-29,2026-01-29,810,810,Delivered
PO-13928,MED025,LOC005,SUP002,2026-01-25,2026-01-30,2026-01-30,1070,1070,Delivered
PO-13929,MED032,LOC004,SUP009,2026-01-25,2026-01-28,2026-01-28,90,90,Delivered
PO-13930,MED035,LOC006,SUP015,2026-01-25,2026-01-27,2026-01-27,210,210,Delivered
PO-13931,MED039,LOC001,SUP006,2026-01-25,2026-02-02,2026-02-02,60,60,Delivered
PO-13932,MED039,LOC006,SUP006,2026-01-25,2026-02-02,2026-02-02,70,70,Delivered
PO-13933,MED053,LOC004,SUP010,2026-01-25,2026-01-31,2026-01-31,50,50,Delivered
PO-13934,MED053,LOC005,SUP010,2026-01-25,2026-01-31,2026-01-31,100,100,Delivered
PO-13935,MED054,LOC007,SUP015,2026-01-25,2026-01-27,2026-01-27,50,50,Delivered
PO-13936,MED061,LOC004,SUP004,2026-01-25,2026-02-01,2026-02-01,170,170,Delivered
PO-13937,MED063,LOC002,SUP004,2026-01-25,2026-02-01,2026-02-03,180,180,Delayed
PO-13938,MED063,LOC006,SUP004,2026-01-25,2026-02-01,2026-02-01,330,330,Delivered
PO-13939,MED065,LOC002,SUP015,2026-01-25,2026-01-27,2026-01-27,360,360,Delivered
PO-13940,MED067,LOC002,SUP012,2026-01-25,2026-01-31,2026-01-31,380,380,Delivered
PO-13941,MED069,LOC003,SUP004,2026-01-25,2026-02-01,2026-02-01,2390,2390,Delivered
PO-13942,MED002,LOC002,SUP010,2026-01-26,2026-02-02,2026-02-02,230,230,Delivered
PO-13943,MED003,LOC005,SUP001,2026-01-26,2026-01-29,2026-01-29,140,140,Delivered
PO-13944,MED004,LOC001,SUP001,2026-01-26,2026-01-30,2026-01-30,440,440,Delivered
PO-13945,MED005,LOC006,SUP001,2026-01-26,2026-01-31,2026-01-31,340,340,Delivered
PO-13946,MED008,LOC001,SUP001,2026-01-26,2026-01-31,2026-01-31,660,660,Delivered
PO-13947,MED010,LOC001,SUP007,2026-01-26,2026-01-30,2026-01-30,1060,1060,Delivered
PO-13948,MED010,LOC002,SUP007,2026-01-26,2026-01-30,2026-01-30,420,420,Delivered
PO-13949,MED020,LOC006,SUP004,2026-01-26,2026-01-31,2026-01-31,740,740,Delivered
PO-13950,MED023,LOC003,SUP002,2026-01-26,2026-01-30,2026-01-30,1540,1540,Delivered
PO-13951,MED028,LOC004,SUP002,2026-01-26,2026-01-31,2026-01-31,130,130,Delivered
PO-13952,MED031,LOC001,SUP015,2026-01-26,2026-01-29,2026-01-29,1500,1500,Delivered
PO-13953,MED031,LOC007,SUP015,2026-01-26,2026-01-29,2026-01-29,80,80,Delivered
PO-13954,MED033,LOC001,SUP004,2026-01-26,2026-02-01,2026-02-03,190,190,Delayed
PO-13955,MED033,LOC006,SUP004,2026-01-26,2026-02-01,2026-02-03,130,130,Delayed
PO-13956,MED034,LOC001,SUP013,2026-01-26,2026-02-01,2026-02-01,320,320,Delivered
PO-13957,MED037,LOC002,SUP015,2026-01-26,2026-01-30,2026-01-30,1030,1030,Delivered
PO-13958,MED038,LOC004,SUP015,2026-01-26,2026-01-28,2026-01-31,50,50,Delayed
PO-13959,MED039,LOC003,SUP006,2026-01-26,2026-02-03,2026-02-03,50,50,Delivered
PO-13960,MED043,LOC001,SUP003,2026-01-26,2026-01-28,2026-01-28,270,270,Delivered
PO-13961,MED046,LOC001,SUP015,2026-01-26,2026-01-30,2026-01-30,1130,1130,Delivered
PO-13962,MED048,LOC002,SUP015,2026-01-26,2026-01-28,2026-01-28,220,220,Delivered
PO-13963,MED050,LOC007,SUP005,2026-01-26,2026-01-30,2026-01-30,240,240,Delivered
PO-13964,MED058,LOC005,SUP008,2026-01-26,2026-01-31,2026-01-31,260,260,Delivered
PO-13965,MED060,LOC002,SUP015,2026-01-26,2026-01-28,2026-01-28,50,50,Delivered
PO-13966,MED062,LOC004,SUP004,2026-01-26,2026-01-31,2026-01-31,210,210,Delivered
PO-13967,MED065,LOC001,SUP015,2026-01-26,2026-01-28,2026-01-28,890,890,Delivered
PO-13968,MED066,LOC007,SUP004,2026-01-26,2026-02-01,2026-02-01,80,80,Delivered
PO-13969,MED069,LOC001,SUP004,2026-01-26,2026-02-02,2026-02-02,3210,3210,Delivered
PO-13970,MED070,LOC002,SUP004,2026-01-26,2026-02-01,2026-02-01,230,230,Delivered
PO-13971,MED071,LOC004,SUP014,2026-01-26,2026-02-01,2026-02-01,50,50,Delivered
PO-13972,MED001,LOC001,SUP001,2026-01-27,2026-02-01,2026-02-01,930,930,Delivered
PO-13973,MED008,LOC002,SUP001,2026-01-27,2026-02-01,2026-02-01,240,240,Delivered
PO-13974,MED015,LOC005,SUP011,2026-01-27,2026-01-30,2026-01-30,240,240,Delivered
PO-13975,MED016,LOC003,SUP001,2026-01-27,2026-01-31,2026-01-31,1910,1910,Delivered
PO-13976,MED016,LOC007,SUP001,2026-01-27,2026-01-31,2026-01-31,150,150,Delivered
PO-13977,MED018,LOC007,SUP001,2026-01-27,2026-01-30,2026-01-30,120,120,Delivered
PO-13978,MED020,LOC003,SUP004,2026-01-27,2026-02-01,2026-02-01,800,800,Delivered
PO-13979,MED021,LOC001,SUP002,2026-01-27,2026-01-31,2026-01-31,1730,1730,Delivered
PO-13980,MED022,LOC005,SUP002,2026-01-27,2026-01-31,2026-01-31,380,380,Delivered
PO-13981,MED022,LOC007,SUP002,2026-01-27,2026-01-31,2026-01-31,60,60,Delivered
PO-13982,MED024,LOC006,SUP009,2026-01-27,2026-02-01,2026-02-01,1430,1430,Delivered
PO-13983,MED024,LOC007,SUP009,2026-01-27,2026-02-01,2026-02-01,120,120,Delivered
PO-13984,MED027,LOC004,SUP009,2026-01-27,2026-02-01,2026-02-01,180,180,Delivered
PO-13985,MED030,LOC002,SUP004,2026-01-27,2026-02-01,2026-02-01,100,100,Delivered
PO-13986,MED033,LOC003,SUP004,2026-01-27,2026-02-02,2026-02-02,160,160,Delivered
PO-13987,MED035,LOC001,SUP015,2026-01-27,2026-01-29,2026-01-29,280,280,Delivered
PO-13988,MED036,LOC004,SUP003,2026-01-27,2026-01-29,2026-01-29,350,350,Delivered
PO-13989,MED036,LOC007,SUP003,2026-01-27,2026-01-29,2026-01-29,140,140,Delivered
PO-13990,MED041,LOC003,SUP015,2026-01-27,2026-01-29,2026-01-29,190,190,Delivered
PO-13991,MED046,LOC002,SUP015,2026-01-27,2026-01-31,2026-01-31,440,440,Delivered
PO-13992,MED048,LOC006,SUP015,2026-01-27,2026-01-29,2026-01-29,410,410,Delivered
PO-13993,MED057,LOC005,SUP008,2026-01-27,2026-01-31,2026-01-31,230,230,Delivered
PO-13994,MED059,LOC007,SUP015,2026-01-27,2026-01-30,2026-01-30,50,50,Delivered
PO-13995,MED064,LOC001,SUP005,2026-01-27,2026-02-01,2026-02-01,2670,2670,Delivered
PO-13996,MED064,LOC006,SUP005,2026-01-27,2026-02-01,2026-02-01,1830,1830,Delivered
PO-13997,MED067,LOC004,SUP012,2026-01-27,2026-02-02,2026-02-02,140,140,Delivered
PO-13998,MED070,LOC005,SUP004,2026-01-27,2026-02-02,2026-02-02,220,220,Delivered
PO-13999,MED071,LOC005,SUP014,2026-01-27,2026-02-02,2026-02-02,50,50,Delivered
PO-14000,MED072,LOC006,SUP006,2026-01-27,2026-02-03,2026-02-03,60,60,Delivered
PO-14001,MED074,LOC002,SUP006,2026-01-27,2026-02-04,2026-02-04,50,50,Delivered
PO-14002,MED075,LOC004,SUP004,2026-01-27,2026-02-02,2026-02-02,50,50,Delivered
PO-14003,MED075,LOC007,SUP004,2026-01-27,2026-02-02,2026-02-02,50,50,Delivered
PO-14004,MED002,LOC003,SUP010,2026-01-28,2026-02-04,2026-02-04,480,480,Delivered
PO-14005,MED004,LOC003,SUP001,2026-01-28,2026-02-01,2026-02-01,380,380,Delivered
PO-14006,MED006,LOC004,SUP001,2026-01-28,2026-02-02,2026-02-02,170,170,Delivered
PO-14007,MED009,LOC007,SUP007,2026-01-28,2026-02-01,2026-02-01,110,110,Delivered
PO-14008,MED012,LOC003,SUP007,2026-01-28,2026-02-01,2026-02-01,680,680,Delivered
PO-14009,MED015,LOC006,SUP011,2026-01-28,2026-01-31,2026-01-31,470,470,Delivered
PO-14010,MED018,LOC004,SUP001,2026-01-28,2026-01-31,2026-01-31,280,280,Delivered
PO-14011,MED019,LOC001,SUP015,2026-01-28,2026-01-31,2026-01-31,1320,1320,Delivered
PO-14012,MED021,LOC007,SUP002,2026-01-28,2026-02-01,2026-02-01,90,90,Delivered
PO-14013,MED024,LOC004,SUP009,2026-01-28,2026-02-02,2026-02-02,250,250,Delivered
PO-14014,MED030,LOC007,SUP004,2026-01-28,2026-02-02,2026-02-02,50,50,Delivered
PO-14015,MED033,LOC007,SUP004,2026-01-28,2026-02-03,2026-02-04,50,50,Delayed
PO-14016,MED034,LOC003,SUP013,2026-01-28,2026-02-03,2026-02-03,240,240,Delivered
PO-14017,MED040,LOC006,SUP004,2026-01-28,2026-02-02,2026-02-02,120,120,Delivered
PO-14018,MED042,LOC007,SUP003,2026-01-28,2026-01-30,2026-01-30,60,60,Delivered
PO-14019,MED043,LOC004,SUP003,2026-01-28,2026-01-30,2026-01-30,50,50,Delivered
PO-14020,MED044,LOC006,SUP010,2026-01-28,2026-02-02,2026-02-02,400,400,Delivered
PO-14021,MED045,LOC001,SUP004,2026-01-28,2026-02-02,2026-02-02,840,840,Delivered
PO-14022,MED046,LOC003,SUP015,2026-01-28,2026-02-01,2026-02-01,880,880,Delivered
PO-14023,MED047,LOC002,SUP015,2026-01-28,2026-01-31,2026-01-31,290,290,Delivered
PO-14024,MED053,LOC003,SUP010,2026-01-28,2026-02-03,2026-02-03,210,210,Delivered
PO-14025,MED056,LOC001,SUP005,2026-01-28,2026-02-02,2026-02-02,870,870,Delivered
PO-14026,MED057,LOC007,SUP008,2026-01-28,2026-02-01,2026-02-01,60,60,Delivered
PO-14027,MED058,LOC001,SUP008,2026-01-28,2026-02-02,2026-02-02,780,780,Delivered
PO-14028,MED059,LOC004,SUP015,2026-01-28,2026-01-31,2026-01-31,100,100,Delivered
PO-14029,MED067,LOC007,SUP012,2026-01-28,2026-02-03,2026-02-03,80,80,Delivered
PO-14030,MED071,LOC001,SUP014,2026-01-28,2026-02-03,2026-02-03,160,160,Delivered
PO-14031,MED073,LOC001,SUP004,2026-01-28,2026-02-03,2026-02-03,210,210,Delivered
PO-14032,MED006,LOC001,SUP001,2026-01-29,2026-02-03,2026-02-03,1120,1120,Delivered
PO-14033,MED007,LOC003,SUP011,2026-01-29,2026-02-01,2026-02-03,1180,1180,Delayed
PO-14034,MED007,LOC007,SUP011,2026-01-29,2026-02-01,2026-02-01,360,360,Delivered
PO-14035,MED008,LOC003,SUP001,2026-01-29,2026-02-03,2026-02-03,490,490,Delivered
PO-14036,MED008,LOC006,SUP001,2026-01-29,2026-02-03,2026-02-03,520,520,Delivered
PO-14037,MED009,LOC003,SUP007,2026-01-29,2026-02-02,2026-02-02,1310,1310,Delivered
PO-14038,MED016,LOC002,SUP001,2026-01-29,2026-02-02,2026-02-02,930,930,Delivered
PO-14039,MED017,LOC001,SUP001,2026-01-29,2026-02-03,2026-02-03,1590,1590,Delivered
PO-14040,MED017,LOC005,SUP001,2026-01-29,2026-02-03,2026-02-03,500,500,Delivered
PO-14041,MED017,LOC007,SUP001,2026-01-29,2026-02-03,2026-02-03,90,90,Delivered
PO-14042,MED023,LOC001,SUP002,2026-01-29,2026-02-02,2026-02-02,1910,1910,Delivered
PO-14043,MED023,LOC006,SUP002,2026-01-29,2026-02-02,2026-02-02,1400,1400,Delivered
PO-14044,MED025,LOC004,SUP002,2026-01-29,2026-02-03,2026-02-03,450,450,Delivered
PO-14045,MED031,LOC006,SUP015,2026-01-29,2026-02-01,2026-02-01,1090,1090,Delivered
PO-14046,MED033,LOC002,SUP004,2026-01-29,2026-02-04,2026-02-04,70,70,Delivered
PO-14047,MED033,LOC005,SUP004,2026-01-29,2026-02-04,2026-02-04,80,80,Delivered
PO-14048,MED034,LOC002,SUP013,2026-01-29,2026-02-04,2026-02-06,130,130,Delayed
PO-14049,MED034,LOC007,SUP013,2026-01-29,2026-02-04,2026-02-05,50,50,Delayed
PO-14050,MED037,LOC003,SUP015,2026-01-29,2026-02-02,2026-02-02,1980,1980,Delivered
PO-14051,MED037,LOC005,SUP015,2026-01-29,2026-02-02,2026-02-02,870,870,Delivered
PO-14052,MED038,LOC005,SUP015,2026-01-29,2026-01-31,2026-01-31,60,60,Delivered
PO-14053,MED041,LOC001,SUP015,2026-01-29,2026-01-31,2026-01-31,240,240,Delivered
PO-14054,MED041,LOC006,SUP015,2026-01-29,2026-01-31,2026-01-31,170,170,Delivered
PO-14055,MED047,LOC006,SUP015,2026-01-29,2026-02-01,2026-02-01,560,560,Delivered
PO-14056,MED049,LOC003,SUP015,2026-01-29,2026-02-01,2026-02-01,2020,2020,Delivered
PO-14057,MED050,LOC001,SUP005,2026-01-29,2026-02-02,2026-02-02,4610,4610,Delivered
PO-14058,MED050,LOC003,SUP005,2026-01-29,2026-02-02,2026-02-02,3640,3640,Delivered
PO-14059,MED057,LOC002,SUP008,2026-01-29,2026-02-02,2026-02-02,290,290,Delivered
PO-14060,MED057,LOC003,SUP008,2026-01-29,2026-02-02,2026-02-02,590,590,Delivered
PO-14061,MED058,LOC007,SUP008,2026-01-29,2026-02-03,2026-02-03,60,60,Delivered
PO-14062,MED063,LOC004,SUP004,2026-01-29,2026-02-05,2026-02-05,80,80,Delivered
PO-14063,MED064,LOC003,SUP005,2026-01-29,2026-02-03,2026-02-03,2080,2080,Delivered
PO-14064,MED065,LOC005,SUP015,2026-01-29,2026-01-31,2026-01-31,350,350,Delivered
PO-14065,MED069,LOC006,SUP004,2026-01-29,2026-02-05,2026-02-05,3530,3530,Delivered
PO-14066,MED071,LOC002,SUP014,2026-01-29,2026-02-04,2026-02-04,70,70,Delivered
PO-14067,MED073,LOC005,SUP004,2026-01-29,2026-02-04,2026-02-04,80,80,Delivered
PO-14068,MED002,LOC004,SUP010,2026-01-30,2026-02-06,2026-02-06,90,90,Delivered
PO-14069,MED003,LOC002,SUP001,2026-01-30,2026-02-02,2026-02-02,130,130,Delivered
PO-14070,MED004,LOC002,SUP001,2026-01-30,2026-02-03,2026-02-03,160,160,Delivered
PO-14071,MED010,LOC007,SUP007,2026-01-30,2026-02-03,2026-02-03,60,60,Delivered
PO-14072,MED011,LOC006,SUP011,2026-01-30,2026-02-04,2026-02-04,360,360,Delivered
PO-14073,MED012,LOC002,SUP007,2026-01-30,2026-02-03,2026-02-03,330,330,Delivered
PO-14074,MED013,LOC002,SUP007,2026-01-30,2026-02-04,2026-02-04,110,110,Delivered
PO-14075,MED017,LOC006,SUP001,2026-01-30,2026-02-04,2026-02-04,1030,1030,Delivered
PO-14076,MED018,LOC001,SUP001,2026-01-30,2026-02-02,2026-02-02,2060,2060,Delivered
PO-14077,MED019,LOC006,SUP015,2026-01-30,2026-02-02,2026-02-02,920,920,Delivered
PO-14078,MED020,LOC001,SUP004,2026-01-30,2026-02-04,2026-02-04,1050,1050,Delivered
PO-14079,MED024,LOC001,SUP009,2026-01-30,2026-02-04,2026-02-04,1900,1900,Delivered
PO-14080,MED024,LOC002,SUP009,2026-01-30,2026-02-04,2026-02-04,760,760,Delivered
PO-14081,MED024,LOC003,SUP009,2026-01-30,2026-02-04,2026-02-04,1470,1470,Delivered
PO-14082,MED030,LOC003,SUP004,2026-01-30,2026-02-04,2026-02-06,200,200,Delayed
PO-14083,MED030,LOC005,SUP004,2026-01-30,2026-02-04,2026-02-04,60,60,Delivered
PO-14084,MED039,LOC005,SUP006,2026-01-30,2026-02-07,2026-02-07,50,50,Delivered
PO-14085,MED042,LOC005,SUP003,2026-01-30,2026-02-01,2026-02-01,290,290,Delivered
PO-14086,MED042,LOC006,SUP003,2026-01-30,2026-02-01,2026-02-01,630,630,Delivered
PO-14087,MED045,LOC002,SUP004,2026-01-30,2026-02-04,2026-02-04,350,350,Delivered
PO-14088,MED047,LOC007,SUP015,2026-01-30,2026-02-02,2026-02-02,50,50,Delivered
PO-14089,MED049,LOC006,SUP015,2026-01-30,2026-02-02,2026-02-02,1840,1840,Delivered
PO-14090,MED050,LOC004,SUP005,2026-01-30,2026-02-03,2026-02-03,1620,1620,Delivered
PO-14091,MED054,LOC004,SUP015,2026-01-30,2026-02-01,2026-02-01,70,70,Delivered
PO-14092,MED055,LOC007,SUP015,2026-01-30,2026-02-02,2026-02-02,90,90,Delivered
PO-14093,MED056,LOC005,SUP005,2026-01-30,2026-02-04,2026-02-04,290,290,Delivered
PO-14094,MED056,LOC007,SUP005,2026-01-30,2026-02-04,2026-02-04,70,70,Delivered
PO-14095,MED060,LOC003,SUP015,2026-01-30,2026-02-01,2026-02-01,90,90,Delivered
PO-14096,MED061,LOC001,SUP004,2026-01-30,2026-02-06,2026-02-06,1280,1280,Delivered
PO-14097,MED062,LOC001,SUP004,2026-01-30,2026-02-04,2026-02-04,1410,1410,Delivered
PO-14098,MED063,LOC003,SUP004,2026-01-30,2026-02-06,2026-02-06,370,370,Delivered
PO-14099,MED064,LOC002,SUP005,2026-01-30,2026-02-04,2026-02-04,1030,1030,Delivered
PO-14100,MED064,LOC004,SUP005,2026-01-30,2026-02-04,2026-02-04,410,410,Delivered
PO-14101,MED065,LOC003,SUP015,2026-01-30,2026-02-01,2026-02-01,710,710,Delivered
PO-14102,MED067,LOC003,SUP012,2026-01-30,2026-02-05,2026-02-05,810,810,Delivered
PO-14103,MED071,LOC006,SUP014,2026-01-30,2026-02-05,2026-02-05,110,110,Delivered
PO-14104,MED072,LOC001,SUP006,2026-01-30,2026-02-06,2026-02-06,100,100,Delivered
PO-14105,MED001,LOC003,SUP001,2026-01-31,2026-02-05,2026-02-05,680,680,Delivered
PO-14106,MED005,LOC002,SUP001,2026-01-31,2026-02-05,2026-02-05,150,150,Delivered
PO-14107,MED013,LOC001,SUP007,2026-01-31,2026-02-05,2026-02-05,320,320,Delivered
PO-14108,MED013,LOC006,SUP007,2026-01-31,2026-02-05,2026-02-05,270,270,Delivered
PO-14109,MED014,LOC004,SUP007,2026-01-31,2026-02-03,2026-02-03,80,80,Delivered
PO-14110,MED014,LOC006,SUP007,2026-01-31,2026-02-03,2026-02-03,340,340,Delivered
PO-14111,MED016,LOC005,SUP001,2026-01-31,2026-02-04,2026-02-04,740,740,Delivered
PO-14112,MED017,LOC002,SUP001,2026-01-31,2026-02-05,2026-02-05,600,600,Delivered
PO-14113,MED018,LOC006,SUP001,2026-01-31,2026-02-03,2026-02-03,1410,1410,Delivered
PO-14114,MED020,LOC005,SUP004,2026-01-31,2026-02-05,2026-02-05,310,310,Delivered
PO-14115,MED026,LOC003,SUP002,2026-01-31,2026-02-06,2026-02-06,1780,1780,Delivered
PO-14116,MED027,LOC002,SUP009,2026-01-31,2026-02-05,2026-02-05,500,500,Delivered
PO-14117,MED032,LOC001,SUP009,2026-01-31,2026-02-03,2026-02-03,650,650,Delivered
PO-14118,MED038,LOC002,SUP015,2026-01-31,2026-02-02,2026-02-02,50,50,Delivered
PO-14119,MED045,LOC007,SUP004,2026-01-31,2026-02-05,2026-02-05,50,50,Delivered
PO-14120,MED049,LOC007,SUP015,2026-01-31,2026-02-03,2026-02-03,160,160,Delivered
PO-14121,MED051,LOC001,SUP015,2026-01-31,2026-02-02,2026-02-02,3470,3470,Delivered
PO-14122,MED051,LOC002,SUP015,2026-01-31,2026-02-02,2026-02-04,1450,1450,Delayed
PO-14123,MED052,LOC005,SUP015,2026-01-31,2026-02-03,2026-02-03,140,140,Delivered
PO-14124,MED053,LOC006,SUP010,2026-01-31,2026-02-06,2026-02-06,350,350,Delivered
PO-14125,MED055,LOC004,SUP015,2026-01-31,2026-02-03,2026-02-03,140,140,Delivered
PO-14126,MED056,LOC006,SUP005,2026-01-31,2026-02-05,2026-02-05,620,620,Delivered
PO-14127,MED058,LOC003,SUP008,2026-01-31,2026-02-05,2026-02-05,600,600,Delivered
PO-14128,MED058,LOC004,SUP008,2026-01-31,2026-02-05,2026-02-05,250,250,Delivered
PO-14129,MED058,LOC006,SUP008,2026-01-31,2026-02-05,2026-02-05,530,530,Delivered
PO-14130,MED059,LOC006,SUP015,2026-01-31,2026-02-03,2026-02-03,460,460,Delivered
PO-14131,MED060,LOC006,SUP015,2026-01-31,2026-02-02,2026-02-02,80,80,Delivered
PO-14132,MED062,LOC002,SUP004,2026-01-31,2026-02-05,2026-02-05,550,550,Delivered
PO-14133,MED063,LOC005,SUP004,2026-01-31,2026-02-07,2026-02-07,180,180,Delivered
PO-14134,MED070,LOC004,SUP004,2026-01-31,2026-02-06,2026-02-07,50,50,Delayed
PO-14135,MED075,LOC002,SUP004,2026-01-31,2026-02-06,2026-02-06,330,330,Delivered
PO-14136,MED001,LOC002,SUP001,2026-02-01,2026-02-06,2026-02-06,420,420,Delivered
PO-14137,MED001,LOC006,SUP001,2026-02-01,2026-02-06,2026-02-06,1000,1000,Delivered
PO-14138,MED002,LOC006,SUP010,2026-02-01,2026-02-08,2026-02-08,680,680,Delivered
PO-14139,MED003,LOC004,SUP001,2026-02-01,2026-02-04,2026-02-04,70,70,Delivered
PO-14140,MED007,LOC002,SUP011,2026-02-01,2026-02-04,2026-02-04,630,630,Delivered
PO-14141,MED017,LOC003,SUP001,2026-02-01,2026-02-06,2026-02-06,1050,1050,Delivered
PO-14142,MED019,LOC003,SUP015,2026-02-01,2026-02-04,2026-02-04,1070,1070,Delivered
PO-14143,MED020,LOC007,SUP004,2026-02-01,2026-02-06,2026-02-06,230,230,Delivered
PO-14144,MED027,LOC006,SUP009,2026-02-01,2026-02-06,2026-02-06,970,970,Delivered
PO-14145,MED028,LOC001,SUP002,2026-02-01,2026-02-06,2026-02-06,700,700,Delivered
PO-14146,MED028,LOC006,SUP002,2026-02-01,2026-02-06,2026-02-08,540,540,Delayed
PO-14147,MED028,LOC007,SUP002,2026-02-01,2026-02-06,2026-02-06,50,50,Delivered
PO-14148,MED030,LOC006,SUP004,2026-02-01,2026-02-06,2026-02-06,180,180,Delivered
PO-14149,MED031,LOC004,SUP015,2026-02-01,2026-02-04,2026-02-04,220,220,Delivered
PO-14150,MED036,LOC002,SUP003,2026-02-01,2026-02-03,2026-02-03,910,910,Delivered
PO-14151,MED040,LOC003,SUP004,2026-02-01,2026-02-06,2026-02-08,130,130,Delayed
PO-14152,MED042,LOC004,SUP003,2026-02-01,2026-02-03,2026-02-03,120,120,Delivered
PO-14153,MED044,LOC002,SUP010,2026-02-01,2026-02-06,2026-02-06,210,210,Delivered
PO-14154,MED051,LOC006,SUP015,2026-02-01,2026-02-03,2026-02-03,2580,2580,Delivered
PO-14155,MED055,LOC001,SUP015,2026-02-01,2026-02-04,2026-02-04,1060,1060,Delivered
PO-14156,MED055,LOC002,SUP015,2026-02-01,2026-02-04,2026-02-04,440,440,Delivered
PO-14157,MED055,LOC003,SUP015,2026-02-01,2026-02-04,2026-02-04,790,790,Delivered
PO-14158,MED055,LOC006,SUP015,2026-02-01,2026-02-04,2026-02-04,750,750,Delivered
PO-14159,MED059,LOC002,SUP015,2026-02-01,2026-02-04,2026-02-04,280,280,Delivered
PO-14160,MED061,LOC005,SUP004,2026-02-01,2026-02-08,2026-02-08,440,440,Delivered
PO-14161,MED065,LOC004,SUP015,2026-02-01,2026-02-03,2026-02-03,140,140,Delivered
PO-14162,MED068,LOC007,SUP004,2026-02-01,2026-02-07,2026-02-07,230,230,Delivered
PO-14163,MED074,LOC006,SUP006,2026-02-01,2026-02-09,2026-02-09,70,70,Delivered
PO-14164,MED005,LOC003,SUP001,2026-02-02,2026-02-07,2026-02-07,270,270,Delivered
PO-14165,MED007,LOC001,SUP011,2026-02-02,2026-02-05,2026-02-05,1610,1610,Delivered
PO-14166,MED013,LOC003,SUP007,2026-02-02,2026-02-07,2026-02-07,230,230,Delivered
PO-14167,MED015,LOC001,SUP011,2026-02-02,2026-02-05,2026-02-05,580,580,Delivered
PO-14168,MED020,LOC002,SUP004,2026-02-02,2026-02-07,2026-02-07,440,440,Delivered
PO-14169,MED021,LOC005,SUP002,2026-02-02,2026-02-06,2026-02-06,610,610,Delivered
PO-14170,MED022,LOC002,SUP002,2026-02-02,2026-02-06,2026-02-06,420,420,Delivered
PO-14171,MED023,LOC007,SUP002,2026-02-02,2026-02-06,2026-02-06,120,120,Delivered
PO-14172,MED028,LOC003,SUP002,2026-02-02,2026-02-07,2026-02-07,600,600,Delivered
PO-14173,MED032,LOC006,SUP009,2026-02-02,2026-02-05,2026-02-05,530,530,Delivered
PO-14174,MED035,LOC005,SUP015,2026-02-02,2026-02-04,2026-02-04,100,100,Delivered
PO-14175,MED039,LOC006,SUP006,2026-02-02,2026-02-10,2026-02-10,110,110,Delivered
PO-14176,MED040,LOC002,SUP004,2026-02-02,2026-02-07,2026-02-07,70,70,Delivered
PO-14177,MED042,LOC002,SUP003,2026-02-02,2026-02-04,2026-02-04,320,320,Delivered
PO-14178,MED044,LOC003,SUP010,2026-02-02,2026-02-07,2026-02-07,420,420,Delivered
PO-14179,MED045,LOC004,SUP004,2026-02-02,2026-02-07,2026-02-07,110,110,Delivered
PO-14180,MED045,LOC005,SUP004,2026-02-02,2026-02-07,2026-02-07,270,270,Delivered
PO-14181,MED046,LOC005,SUP015,2026-02-02,2026-02-06,2026-02-06,380,380,Delivered
PO-14182,MED047,LOC004,SUP015,2026-02-02,2026-02-05,2026-02-05,100,100,Delivered
PO-14183,MED047,LOC005,SUP015,2026-02-02,2026-02-05,2026-02-05,240,240,Delivered
PO-14184,MED049,LOC002,SUP015,2026-02-02,2026-02-05,2026-02-05,1100,1100,Delivered
PO-14185,MED051,LOC004,SUP015,2026-02-02,2026-02-04,2026-02-04,430,430,Delivered
PO-14186,MED052,LOC002,SUP015,2026-02-02,2026-02-05,2026-02-05,190,190,Delivered
PO-14187,MED052,LOC006,SUP015,2026-02-02,2026-02-05,2026-02-05,340,340,Delivered
PO-14188,MED061,LOC002,SUP004,2026-02-02,2026-02-09,2026-02-09,500,500,Delivered
PO-14189,MED061,LOC003,SUP004,2026-02-02,2026-02-09,2026-02-09,1000,1000,Delivered
PO-14190,MED064,LOC007,SUP005,2026-02-02,2026-02-07,2026-02-07,130,130,Delivered
PO-14191,MED065,LOC007,SUP015,2026-02-02,2026-02-04,2026-02-04,60,60,Delivered
PO-14192,MED069,LOC004,SUP004,2026-02-02,2026-02-09,2026-02-09,440,440,Delivered
PO-14193,MED070,LOC003,SUP004,2026-02-02,2026-02-08,2026-02-08,450,450,Delivered
PO-14194,MED073,LOC002,SUP004,2026-02-02,2026-02-08,2026-02-08,90,90,Delivered
PO-14195,MED073,LOC003,SUP004,2026-02-02,2026-02-08,2026-02-08,150,150,Delivered
PO-14196,MED004,LOC005,SUP001,2026-02-03,2026-02-07,2026-02-07,140,140,Delivered
PO-14197,MED005,LOC001,SUP001,2026-02-03,2026-02-08,2026-02-08,320,320,Delivered
PO-14198,MED007,LOC006,SUP011,2026-02-03,2026-02-06,2026-02-06,1130,1130,Delivered
PO-14199,MED011,LOC007,SUP011,2026-02-03,2026-02-08,2026-02-08,110,110,Delivered
PO-14200,MED012,LOC005,SUP007,2026-02-03,2026-02-07,2026-02-07,240,240,Delivered
PO-14201,MED014,LOC007,SUP007,2026-02-03,2026-02-06,2026-02-06,50,50,Delivered
PO-14202,MED016,LOC006,SUP001,2026-02-03,2026-02-07,2026-02-07,1790,1790,Delivered
PO-14203,MED017,LOC004,SUP001,2026-02-03,2026-02-08,2026-02-11,220,220,Delayed
PO-14204,MED018,LOC002,SUP001,2026-02-03,2026-02-06,2026-02-06,870,870,Delivered
PO-14205,MED018,LOC003,SUP001,2026-02-03,2026-02-06,2026-02-06,1670,1670,Delivered
PO-14206,MED019,LOC004,SUP015,2026-02-03,2026-02-06,2026-02-06,190,190,Delivered
PO-14207,MED025,LOC007,SUP002,2026-02-03,2026-02-08,2026-02-08,160,160,Delivered
PO-14208,MED026,LOC001,SUP002,2026-02-03,2026-02-09,2026-02-09,2340,2340,Delivered
PO-14209,MED028,LOC002,SUP002,2026-02-03,2026-02-08,2026-02-08,290,290,Delivered
PO-14210,MED029,LOC004,SUP015,2026-02-03,2026-02-06,2026-02-06,70,70,Delivered
PO-14211,MED034,LOC005,SUP013,2026-02-03,2026-02-09,2026-02-09,110,110,Delivered
PO-14212,MED037,LOC004,SUP015,2026-02-03,2026-02-07,2026-02-07,370,370,Delivered
PO-14213,MED037,LOC007,SUP015,2026-02-03,2026-02-07,2026-02-07,160,160,Delivered
PO-14214,MED039,LOC001,SUP006,2026-02-03,2026-02-11,2026-02-11,70,70,Delivered
PO-14215,MED039,LOC003,SUP006,2026-02-03,2026-02-11,2026-02-11,70,70,Delivered
PO-14216,MED040,LOC004,SUP004,2026-02-03,2026-02-08,2026-02-08,50,50,Delivered
PO-14217,MED047,LOC001,SUP015,2026-02-03,2026-02-06,2026-02-06,800,800,Delivered
PO-14218,MED052,LOC001,SUP015,2026-02-03,2026-02-06,2026-02-06,450,450,Delivered
PO-14219,MED056,LOC002,SUP005,2026-02-03,2026-02-08,2026-02-08,360,360,Delivered
PO-14220,MED056,LOC004,SUP005,2026-02-03,2026-02-08,2026-02-08,340,340,Delivered
PO-14221,MED057,LOC004,SUP008,2026-02-03,2026-02-07,2026-02-07,270,270,Delivered
PO-14222,MED059,LOC001,SUP015,2026-02-03,2026-02-06,2026-02-06,650,650,Delivered
PO-14223,MED061,LOC006,SUP004,2026-02-03,2026-02-10,2026-02-10,910,910,Delivered
PO-14224,MED062,LOC003,SUP004,2026-02-03,2026-02-08,2026-02-08,1120,1120,Delivered
PO-14225,MED062,LOC006,SUP004,2026-02-03,2026-02-08,2026-02-10,950,950,Delayed
PO-14226,MED075,LOC001,SUP004,2026-02-03,2026-02-09,2026-02-11,840,840,Delayed
PO-14227,MED005,LOC004,SUP001,2026-02-04,2026-02-09,2026-02-09,60,60,Delivered
PO-14228,MED006,LOC005,SUP001,2026-02-04,2026-02-09,2026-02-09,370,370,Delivered
PO-14229,MED009,LOC005,SUP007,2026-02-04,2026-02-08,2026-02-08,550,550,Delivered
PO-14230,MED010,LOC006,SUP007,2026-02-04,2026-02-08,2026-02-08,740,740,Delivered
PO-14231,MED011,LOC001,SUP011,2026-02-04,2026-02-09,2026-02-09,460,460,Delivered
PO-14232,MED013,LOC007,SUP007,2026-02-04,2026-02-09,2026-02-09,50,50,Delivered
PO-14233,MED014,LOC003,SUP007,2026-02-04,2026-02-07,2026-02-07,400,400,Delivered
PO-14234,MED025,LOC001,SUP002,2026-02-04,2026-02-09,2026-02-09,3080,3080,Delivered
PO-14235,MED025,LOC002,SUP002,2026-02-04,2026-02-09,2026-02-09,1270,1270,Delivered
PO-14236,MED025,LOC003,SUP002,2026-02-04,2026-02-09,2026-02-09,2280,2280,Delivered
PO-14237,MED027,LOC005,SUP009,2026-02-04,2026-02-09,2026-02-09,400,400,Delivered
PO-14238,MED028,LOC005,SUP002,2026-02-04,2026-02-09,2026-02-09,270,270,Delivered
PO-14239,MED029,LOC002,SUP015,2026-02-04,2026-02-07,2026-02-07,130,130,Delivered
PO-14240,MED032,LOC007,SUP009,2026-02-04,2026-02-07,2026-02-07,50,50,Delivered
PO-14241,MED034,LOC006,SUP013,2026-02-04,2026-02-10,2026-02-10,270,270,Delivered
PO-14242,MED044,LOC004,SUP010,2026-02-04,2026-02-09,2026-02-09,100,100,Delivered
PO-14243,MED045,LOC003,SUP004,2026-02-04,2026-02-09,2026-02-09,700,700,Delivered
PO-14244,MED050,LOC002,SUP005,2026-02-04,2026-02-08,2026-02-08,1830,1830,Delivered
PO-14245,MED051,LOC003,SUP015,2026-02-04,2026-02-06,2026-02-06,2690,2690,Delivered
PO-14246,MED052,LOC003,SUP015,2026-02-04,2026-02-07,2026-02-07,360,360,Delivered
PO-14247,MED053,LOC001,SUP010,2026-02-04,2026-02-10,2026-02-10,310,310,Delivered
PO-14248,MED054,LOC002,SUP015,2026-02-04,2026-02-06,2026-02-06,160,160,Delivered
PO-14249,MED056,LOC003,SUP005,2026-02-04,2026-02-09,2026-02-09,600,600,Delivered
PO-14250,MED061,LOC004,SUP004,2026-02-04,2026-02-11,2026-02-11,230,230,Delivered
PO-14251,MED063,LOC001,SUP004,2026-02-04,2026-02-11,2026-02-11,490,490,Delivered
PO-14252,MED064,LOC005,SUP005,2026-02-04,2026-02-09,2026-02-09,890,890,Delivered
PO-14253,MED066,LOC001,SUP004,2026-02-04,2026-02-10,2026-02-10,1300,1300,Delivered
PO-14254,MED066,LOC002,SUP004,2026-02-04,2026-02-10,2026-02-10,530,530,Delivered
PO-14255,MED066,LOC005,SUP004,2026-02-04,2026-02-10,2026-02-10,500,500,Delivered
PO-14256,MED066,LOC006,SUP004,2026-02-04,2026-02-10,2026-02-10,950,950,Delivered
PO-14257,MED067,LOC006,SUP012,2026-02-04,2026-02-10,2026-02-10,780,780,Delivered
PO-14258,MED068,LOC001,SUP004,2026-02-04,2026-02-10,2026-02-10,4270,4270,Delivered
PO-14259,MED069,LOC007,SUP004,2026-02-04,2026-02-11,2026-02-11,220,220,Delivered
PO-14260,MED074,LOC002,SUP006,2026-02-04,2026-02-12,2026-02-12,50,50,Delivered
PO-14261,MED075,LOC005,SUP004,2026-02-04,2026-02-10,2026-02-10,280,280,Delivered
PO-14262,MED002,LOC001,SUP010,2026-02-05,2026-02-12,2026-02-12,640,640,Delivered
PO-14263,MED002,LOC005,SUP010,2026-02-05,2026-02-12,2026-02-12,230,230,Delivered
PO-14264,MED003,LOC001,SUP001,2026-02-05,2026-02-08,2026-02-08,370,370,Delivered
PO-14265,MED006,LOC003,SUP001,2026-02-05,2026-02-10,2026-02-10,830,830,Delivered
PO-14266,MED006,LOC006,SUP001,2026-02-05,2026-02-10,2026-02-10,1230,1230,Delivered
PO-14267,MED011,LOC003,SUP011,2026-02-05,2026-02-10,2026-02-10,310,310,Delivered
PO-14268,MED012,LOC001,SUP007,2026-02-05,2026-02-09,2026-02-09,910,910,Delivered
PO-14269,MED012,LOC006,SUP007,2026-02-05,2026-02-09,2026-02-09,620,620,Delivered
PO-14270,MED014,LOC001,SUP007,2026-02-05,2026-02-08,2026-02-08,460,460,Delivered
PO-14271,MED015,LOC003,SUP011,2026-02-05,2026-02-08,2026-02-08,500,500,Delivered
PO-14272,MED022,LOC003,SUP002,2026-02-05,2026-02-09,2026-02-09,790,790,Delivered
PO-14273,MED023,LOC002,SUP002,2026-02-05,2026-02-09,2026-02-09,770,770,Delivered
PO-14274,MED026,LOC002,SUP002,2026-02-05,2026-02-11,2026-02-11,940,940,Delivered
PO-14275,MED027,LOC003,SUP009,2026-02-05,2026-02-10,2026-02-10,970,970,Delivered
PO-14276,MED029,LOC001,SUP015,2026-02-05,2026-02-08,2026-02-08,340,340,Delivered
PO-14277,MED031,LOC002,SUP015,2026-02-05,2026-02-08,2026-02-08,600,600,Delivered
PO-14278,MED036,LOC001,SUP003,2026-02-05,2026-02-07,2026-02-07,2290,2290,Delivered
PO-14279,MED036,LOC006,SUP003,2026-02-05,2026-02-07,2026-02-07,1780,1780,Delivered
PO-14280,MED037,LOC006,SUP015,2026-02-05,2026-02-09,2026-02-09,1860,1860,Delivered
PO-14281,MED038,LOC001,SUP015,2026-02-05,2026-02-07,2026-02-07,110,110,Delivered
PO-14282,MED044,LOC001,SUP010,2026-02-05,2026-02-10,2026-02-10,490,490,Delivered
PO-14283,MED044,LOC005,SUP010,2026-02-05,2026-02-10,2026-02-10,180,180,Delivered
PO-14284,MED049,LOC001,SUP015,2026-02-05,2026-02-08,2026-02-08,2610,2610,Delivered
PO-14285,MED052,LOC004,SUP015,2026-02-05,2026-02-08,2026-02-08,60,60,Delivered
PO-14286,MED058,LOC002,SUP008,2026-02-05,2026-02-10,2026-02-10,330,330,Delivered
PO-14287,MED063,LOC002,SUP004,2026-02-05,2026-02-12,2026-02-12,190,190,Delivered
PO-14288,MED067,LOC001,SUP012,2026-02-05,2026-02-11,2026-02-11,1020,1020,Delivered
PO-14289,MED069,LOC002,SUP004,2026-02-05,2026-02-12,2026-02-12,1280,1280,Delivered
PO-14290,MED069,LOC005,SUP004,2026-02-05,2026-02-12,2026-02-12,1050,1050,Delivered
PO-14291,MED071,LOC003,SUP014,2026-02-05,2026-02-11,2026-02-11,130,130,Delivered
PO-14292,MED073,LOC006,SUP004,2026-02-05,2026-02-11,2026-02-11,170,170,Delivered
PO-14293,MED075,LOC007,SUP004,2026-02-05,2026-02-11,2026-02-11,50,50,Delivered
PO-14294,MED001,LOC004,SUP001,2026-02-06,2026-02-11,2026-02-11,140,140,Delivered
PO-14295,MED002,LOC002,SUP010,2026-02-06,2026-02-13,2026-02-13,260,260,Delivered
PO-14296,MED003,LOC003,SUP001,2026-02-06,2026-02-09,2026-02-09,260,260,Delivered
PO-14297,MED007,LOC005,SUP011,2026-02-06,2026-02-09,2026-02-09,490,490,Delivered
PO-14298,MED008,LOC007,SUP001,2026-02-06,2026-02-11,2026-02-11,160,160,Delivered
PO-14299,MED018,LOC005,SUP001,2026-02-06,2026-02-09,2026-02-09,660,660,Delivered
PO-14300,MED023,LOC004,SUP002,2026-02-06,2026-02-10,2026-02-10,290,290,Delivered
PO-14301,MED024,LOC005,SUP009,2026-02-06,2026-02-11,2026-02-11,650,650,Delivered
PO-14302,MED025,LOC006,SUP002,2026-02-06,2026-02-11,2026-02-11,2200,2200,Delivered
PO-14303,MED026,LOC004,SUP002,2026-02-06,2026-02-12,2026-02-12,310,310,Delivered
PO-14304,MED027,LOC001,SUP009,2026-02-06,2026-02-11,2026-02-11,1170,1170,Delivered
PO-14305,MED029,LOC003,SUP015,2026-02-06,2026-02-09,2026-02-09,250,250,Delivered
PO-14306,MED030,LOC001,SUP004,2026-02-06,2026-02-11,2026-02-11,230,230,Delivered
PO-14307,MED035,LOC002,SUP015,2026-02-06,2026-02-08,2026-02-08,120,120,Delivered
PO-14308,MED040,LOC005,SUP004,2026-02-06,2026-02-11,2026-02-11,50,50,Delivered
PO-14309,MED043,LOC002,SUP003,2026-02-06,2026-02-08,2026-02-08,110,110,Delivered
PO-14310,MED048,LOC005,SUP015,2026-02-06,2026-02-08,2026-02-08,140,140,Delivered
PO-14311,MED051,LOC007,SUP015,2026-02-06,2026-02-08,2026-02-08,230,230,Delivered
PO-14312,MED054,LOC005,SUP015,2026-02-06,2026-02-08,2026-02-08,160,160,Delivered
PO-14313,MED057,LOC001,SUP008,2026-02-06,2026-02-10,2026-02-10,720,720,Delivered
PO-14314,MED062,LOC005,SUP004,2026-02-06,2026-02-11,2026-02-11,480,480,Delivered
PO-14315,MED062,LOC007,SUP004,2026-02-06,2026-02-11,2026-02-11,80,80,Delivered
PO-14316,MED066,LOC003,SUP004,2026-02-06,2026-02-12,2026-02-12,930,930,Delivered
PO-14317,MED068,LOC004,SUP004,2026-02-06,2026-02-12,2026-02-12,610,610,Delivered
PO-14318,MED068,LOC005,SUP004,2026-02-06,2026-02-12,2026-02-15,1400,1400,Delayed
PO-14319,MED075,LOC003,SUP004,2026-02-06,2026-02-12,2026-02-12,600,600,Delivered
PO-14320,MED006,LOC002,SUP001,2026-02-07,2026-02-12,2026-02-12,450,450,Delivered
PO-14321,MED008,LOC004,SUP001,2026-02-07,2026-02-12,2026-02-12,70,70,Delivered
PO-14322,MED009,LOC002,SUP007,2026-02-07,2026-02-11,2026-02-11,700,700,Delivered
PO-14323,MED015,LOC002,SUP011,2026-02-07,2026-02-10,2026-02-10,220,220,Delivered
PO-14324,MED019,LOC005,SUP015,2026-02-07,2026-02-10,2026-02-10,430,430,Delivered
PO-14325,MED023,LOC005,SUP002,2026-02-07,2026-02-11,2026-02-11,610,610,Delivered
PO-14326,MED026,LOC005,SUP002,2026-02-07,2026-02-13,2026-02-13,790,790,Delivered
PO-14327,MED026,LOC006,SUP002,2026-02-07,2026-02-13,2026-02-13,1680,1680,Delivered
PO-14328,MED026,LOC007,SUP002,2026-02-07,2026-02-13,2026-02-13,120,120,Delivered
PO-14329,MED029,LOC006,SUP015,2026-02-07,2026-02-10,2026-02-12,240,240,Delayed
PO-14330,MED031,LOC003,SUP015,2026-02-07,2026-02-10,2026-02-10,1030,1030,Delivered
PO-14331,MED043,LOC003,SUP003,2026-02-07,2026-02-09,2026-02-09,230,230,Delivered
PO-14332,MED043,LOC006,SUP003,2026-02-07,2026-02-09,2026-02-09,220,220,Delivered
PO-14333,MED063,LOC006,SUP004,2026-02-07,2026-02-14,2026-02-14,370,370,Delivered
PO-14334,MED065,LOC006,SUP015,2026-02-07,2026-02-09,2026-02-09,660,660,Delivered
PO-14335,MED066,LOC004,SUP004,2026-02-07,2026-02-13,2026-02-13,180,180,Delivered
PO-14336,MED068,LOC002,SUP004,2026-02-07,2026-02-13,2026-02-13,1700,1700,Delivered
PO-14337,MED068,LOC003,SUP004,2026-02-07,2026-02-13,2026-02-13,3280,3280,Delivered
PO-14338,MED069,LOC001,SUP004,2026-02-07,2026-02-14,2026-02-14,3240,3240,Delivered
PO-14339,MED070,LOC006,SUP004,2026-02-07,2026-02-13,2026-02-13,380,380,Delivered
PO-14340,MED073,LOC007,SUP004,2026-02-07,2026-02-13,2026-02-13,50,50,Delivered
PO-14341,MED075,LOC006,SUP004,2026-02-07,2026-02-13,2026-02-13,610,610,Delivered
PO-14342,MED005,LOC006,SUP001,2026-02-08,2026-02-13,2026-02-13,410,410,Delivered
PO-14343,MED009,LOC006,SUP007,2026-02-08,2026-02-12,2026-02-12,1250,1250,Delivered
PO-14344,MED022,LOC001,SUP002,2026-02-08,2026-02-12,2026-02-12,1030,1030,Delivered
PO-14345,MED032,LOC002,SUP009,2026-02-08,2026-02-11,2026-02-11,250,250,Delivered
PO-14346,MED036,LOC003,SUP003,2026-02-08,2026-02-10,2026-02-10,1710,1710,Delivered
PO-14347,MED045,LOC006,SUP004,2026-02-08,2026-02-13,2026-02-14,610,610,Delayed
PO-14348,MED046,LOC006,SUP015,2026-02-08,2026-02-12,2026-02-12,840,840,Delivered
PO-14349,MED049,LOC005,SUP015,2026-02-08,2026-02-11,2026-02-11,810,810,Delivered
PO-14350,MED051,LOC005,SUP015,2026-02-08,2026-02-10,2026-02-10,1190,1190,Delivered
PO-14351,MED053,LOC002,SUP010,2026-02-08,2026-02-14,2026-02-14,120,120,Delivered
PO-14352,MED053,LOC003,SUP010,2026-02-08,2026-02-14,2026-02-14,240,240,Delivered
PO-14353,MED053,LOC005,SUP010,2026-02-08,2026-02-14,2026-02-14,100,100,Delivered
PO-14354,MED057,LOC006,SUP008,2026-02-08,2026-02-12,2026-02-12,520,520,Delivered
PO-14355,MED059,LOC003,SUP015,2026-02-08,2026-02-11,2026-02-11,520,520,Delivered
PO-14356,MED060,LOC001,SUP015,2026-02-08,2026-02-10,2026-02-10,90,90,Delivered
PO-14357,MED067,LOC005,SUP012,2026-02-08,2026-02-14,2026-02-14,300,300,Delivered
PO-14358,MED068,LOC006,SUP004,2026-02-08,2026-02-14,2026-02-14,4620,4620,Delivered
PO-14359,MED069,LOC003,SUP004,2026-02-08,2026-02-15,2026-02-15,2520,2520,Delivered
PO-14360,MED070,LOC002,SUP004,2026-02-08,2026-02-14,2026-02-14,250,250,Delivered
PO-14361,MED072,LOC006,SUP006,2026-02-08,2026-02-15,2026-02-15,60,60,Delivered
PO-14362,MED001,LOC005,SUP001,2026-02-09,2026-02-14,2026-02-14,290,290,Delivered
PO-14363,MED002,LOC004,SUP010,2026-02-09,2026-02-16,2026-02-16,100,100,Delivered
PO-14364,MED003,LOC006,SUP001,2026-02-09,2026-02-12,2026-02-12,410,410,Delivered
PO-14365,MED004,LOC006,SUP001,2026-02-09,2026-02-13,2026-02-13,490,490,Delivered
PO-14366,MED007,LOC004,SUP011,2026-02-09,2026-02-12,2026-02-12,240,240,Delivered
PO-14367,MED008,LOC002,SUP001,2026-02-09,2026-02-14,2026-02-14,300,300,Delivered
PO-14368,MED011,LOC002,SUP011,2026-02-09,2026-02-14,2026-02-14,200,200,Delivered
PO-14369,MED013,LOC002,SUP007,2026-02-09,2026-02-14,2026-02-14,160,160,Delivered
PO-14370,MED019,LOC002,SUP015,2026-02-09,2026-02-12,2026-02-12,520,520,Delivered
PO-14371,MED019,LOC007,SUP015,2026-02-09,2026-02-12,2026-02-12,80,80,Delivered
PO-14372,MED021,LOC003,SUP002,2026-02-09,2026-02-13,2026-02-13,1320,1320,Delivered
PO-14373,MED021,LOC004,SUP002,2026-02-09,2026-02-13,2026-02-14,250,250,Delayed
PO-14374,MED030,LOC004,SUP004,2026-02-09,2026-02-14,2026-02-14,50,50,Delivered
PO-14375,MED032,LOC003,SUP009,2026-02-09,2026-02-12,2026-02-12,510,510,Delivered
PO-14376,MED032,LOC004,SUP009,2026-02-09,2026-02-12,2026-02-12,100,100,Delivered
PO-14377,MED034,LOC003,SUP013,2026-02-09,2026-02-15,2026-02-15,260,260,Delivered
PO-14378,MED037,LOC001,SUP015,2026-02-09,2026-02-13,2026-02-13,2530,2530,Delivered
PO-14379,MED041,LOC005,SUP015,2026-02-09,2026-02-11,2026-02-11,70,70,Delivered
PO-14380,MED042,LOC003,SUP003,2026-02-09,2026-02-11,2026-02-11,690,690,Delivered
PO-14381,MED046,LOC007,SUP015,2026-02-09,2026-02-13,2026-02-13,70,70,Delivered
PO-14382,MED047,LOC003,SUP015,2026-02-09,2026-02-12,2026-02-12,670,670,Delivered
PO-14383,MED048,LOC004,SUP015,2026-02-09,2026-02-11,2026-02-11,80,80,Delivered
PO-14384,MED050,LOC005,SUP005,2026-02-09,2026-02-13,2026-02-13,1540,1540,Delivered
PO-14385,MED052,LOC007,SUP015,2026-02-09,2026-02-12,2026-02-12,50,50,Delivered
PO-14386,MED059,LOC005,SUP015,2026-02-09,2026-02-12,2026-02-24,230,230,Delayed
PO-14387,MED067,LOC002,SUP012,2026-02-09,2026-02-15,2026-02-15,380,380,Delivered
PO-14388,MED071,LOC006,SUP014,2026-02-09,2026-02-15,2026-02-15,130,130,Delivered
PO-14389,MED072,LOC003,SUP006,2026-02-09,2026-02-16,2026-02-19,60,60,Delayed
PO-14390,MED073,LOC005,SUP004,2026-02-09,2026-02-15,2026-02-15,90,90,Delivered
PO-14391,MED074,LOC001,SUP006,2026-02-09,2026-02-17,2026-02-17,90,90,Delivered
PO-14392,MED004,LOC001,SUP001,2026-02-10,2026-02-14,2026-02-14,430,430,Delivered
PO-14393,MED005,LOC005,SUP001,2026-02-10,2026-02-15,2026-02-15,130,130,Delivered
PO-14394,MED008,LOC005,SUP001,2026-02-10,2026-02-15,2026-02-15,200,200,Delivered
PO-14395,MED009,LOC001,SUP007,2026-02-10,2026-02-14,2026-02-14,1660,1660,Delivered
PO-14396,MED010,LOC004,SUP007,2026-02-10,2026-02-14,2026-02-14,160,160,Delivered
PO-14397,MED011,LOC005,SUP011,2026-02-10,2026-02-15,2026-02-15,180,180,Delivered
PO-14398,MED016,LOC001,SUP001,2026-02-10,2026-02-14,2026-02-14,2470,2470,Delivered
PO-14399,MED020,LOC006,SUP004,2026-02-10,2026-02-15,2026-02-15,800,800,Delivered
PO-14400,MED022,LOC006,SUP002,2026-02-10,2026-02-14,2026-02-14,810,810,Delivered
PO-14401,MED025,LOC005,SUP002,2026-02-10,2026-02-15,2026-02-15,1050,1050,Delivered
PO-14402,MED035,LOC006,SUP015,2026-02-10,2026-02-12,2026-02-12,240,240,Delivered
PO-14403,MED038,LOC006,SUP015,2026-02-10,2026-02-12,2026-02-12,90,90,Delivered
PO-14404,MED040,LOC001,SUP004,2026-02-10,2026-02-15,2026-02-15,160,160,Delivered
PO-14405,MED042,LOC001,SUP003,2026-02-10,2026-02-12,2026-02-12,830,830,Delivered
PO-14406,MED044,LOC007,SUP010,2026-02-10,2026-02-15,2026-02-15,50,50,Delivered
PO-14407,MED046,LOC001,SUP015,2026-02-10,2026-02-14,2026-02-14,1210,1210,Delivered
PO-14408,MED046,LOC004,SUP015,2026-02-10,2026-02-14,2026-02-14,150,150,Delivered
PO-14409,MED048,LOC001,SUP015,2026-02-10,2026-02-12,2026-02-12,560,560,Delivered
PO-14410,MED049,LOC004,SUP015,2026-02-10,2026-02-13,2026-02-13,360,360,Delivered
PO-14411,MED050,LOC006,SUP005,2026-02-10,2026-02-14,2026-02-14,3180,3180,Delivered
PO-14412,MED050,LOC007,SUP005,2026-02-10,2026-02-14,2026-02-14,260,260,Delivered
PO-14413,MED057,LOC005,SUP008,2026-02-10,2026-02-14,2026-02-14,260,260,Delivered
PO-14414,MED058,LOC005,SUP008,2026-02-10,2026-02-15,2026-02-15,280,280,Delivered
PO-14415,MED066,LOC007,SUP004,2026-02-10,2026-02-16,2026-02-16,90,90,Delivered
PO-14416,MED070,LOC001,SUP004,2026-02-10,2026-02-16,2026-02-16,470,470,Delivered
PO-14417,MED002,LOC003,SUP010,2026-02-11,2026-02-18,2026-02-18,460,460,Delivered
PO-14418,MED006,LOC004,SUP001,2026-02-11,2026-02-16,2026-02-16,170,170,Delivered
PO-14419,MED008,LOC001,SUP001,2026-02-11,2026-02-16,2026-02-16,620,620,Delivered
PO-14420,MED009,LOC004,SUP007,2026-02-11,2026-02-15,2026-02-15,250,250,Delivered
PO-14421,MED012,LOC004,SUP007,2026-02-11,2026-02-15,2026-02-15,110,110,Delivered
PO-14422,MED013,LOC004,SUP007,2026-02-11,2026-02-16,2026-02-16,50,50,Delivered
PO-14423,MED015,LOC004,SUP011,2026-02-11,2026-02-14,2026-02-14,90,90,Delivered
PO-14424,MED016,LOC003,SUP001,2026-02-11,2026-02-15,2026-02-15,1930,1930,Delivered
PO-14425,MED016,LOC004,SUP001,2026-02-11,2026-02-15,2026-02-15,350,350,Delivered
PO-14426,MED020,LOC003,SUP004,2026-02-11,2026-02-16,2026-02-17,830,830,Delayed
PO-14427,MED020,LOC004,SUP004,2026-02-11,2026-02-16,2026-02-16,130,130,Delivered
PO-14428,MED021,LOC002,SUP002,2026-02-11,2026-02-15,2026-02-18,680,680,Delayed
PO-14429,MED021,LOC006,SUP002,2026-02-11,2026-02-15,2026-02-15,1300,1300,Delivered
PO-14430,MED021,LOC007,SUP002,2026-02-11,2026-02-15,2026-02-15,110,110,Delivered
PO-14431,MED030,LOC005,SUP004,2026-02-11,2026-02-16,2026-02-16,70,70,Delivered
PO-14432,MED031,LOC005,SUP015,2026-02-11,2026-02-14,2026-02-14,480,480,Delivered
PO-14433,MED033,LOC001,SUP004,2026-02-11,2026-02-17,2026-02-17,180,180,Delivered
PO-14434,MED034,LOC004,SUP013,2026-02-11,2026-02-17,2026-02-18,80,80,Delayed
PO-14435,MED035,LOC003,SUP015,2026-02-11,2026-02-13,2026-02-13,220,220,Delivered
PO-14436,MED035,LOC007,SUP015,2026-02-11,2026-02-13,2026-02-13,50,50,Delivered
PO-14437,MED038,LOC002,SUP015,2026-02-11,2026-02-13,2026-02-13,80,80,Delivered
PO-14438,MED039,LOC002,SUP006,2026-02-11,2026-02-19,2026-02-19,50,50,Delivered
PO-14439,MED041,LOC002,SUP015,2026-02-11,2026-02-13,2026-02-13,120,120,Delivered
PO-14440,MED046,LOC002,SUP015,2026-02-11,2026-02-15,2026-02-15,470,470,Delivered
PO-14441,MED054,LOC006,SUP015,2026-02-11,2026-02-13,2026-02-13,290,290,Delivered
PO-14442,MED055,LOC005,SUP015,2026-02-11,2026-02-14,2026-02-14,370,370,Delivered
PO-14443,MED056,LOC001,SUP005,2026-02-11,2026-02-16,2026-02-16,930,930,Delivered
PO-14444,MED058,LOC004,SUP008,2026-02-11,2026-02-16,2026-02-16,320,320,Delivered
PO-14445,MED059,LOC004,SUP015,2026-02-11,2026-02-14,2026-02-26,110,110,Delayed
PO-14446,MED064,LOC006,SUP005,2026-02-11,2026-02-16,2026-02-16,1980,1980,Delivered
PO-14447,MED065,LOC001,SUP015,2026-02-11,2026-02-13,2026-02-13,920,920,Delivered
PO-14448,MED065,LOC002,SUP015,2026-02-11,2026-02-13,2026-02-13,360,360,Delivered
PO-14449,MED067,LOC004,SUP012,2026-02-11,2026-02-17,2026-02-17,150,150,Delivered
PO-14450,MED069,LOC006,SUP004,2026-02-11,2026-02-18,2026-02-18,3590,3590,Delivered
PO-14451,MED073,LOC001,SUP004,2026-02-11,2026-02-17,2026-02-17,230,230,Delivered
PO-14452,MED074,LOC003,SUP006,2026-02-11,2026-02-19,2026-02-19,80,80,Delivered
PO-14453,MED074,LOC006,SUP006,2026-02-11,2026-02-19,2026-02-19,80,80,Delivered
PO-14454,MED075,LOC002,SUP004,2026-02-11,2026-02-17,2026-02-18,350,350,Delayed
PO-14455,MED001,LOC001,SUP001,2026-02-12,2026-02-17,2026-02-17,850,850,Delivered
PO-14456,MED008,LOC004,SUP001,2026-02-12,2026-02-17,2026-02-17,100,100,Delivered
PO-14457,MED010,LOC003,SUP007,2026-02-12,2026-02-16,2026-02-16,750,750,Delivered
PO-14458,MED010,LOC007,SUP007,2026-02-12,2026-02-16,2026-02-18,70,70,Delayed
PO-14459,MED013,LOC005,SUP007,2026-02-12,2026-02-17,2026-02-17,110,110,Delivered
PO-14460,MED015,LOC007,SUP011,2026-02-12,2026-02-15,2026-02-15,140,140,Delivered
PO-14461,MED016,LOC002,SUP001,2026-02-12,2026-02-16,2026-02-16,1070,1070,Delivered
PO-14462,MED018,LOC007,SUP001,2026-02-12,2026-02-15,2026-02-15,140,140,Delivered
PO-14463,MED021,LOC001,SUP002,2026-02-12,2026-02-16,2026-02-16,1730,1730,Delivered
PO-14464,MED022,LOC004,SUP002,2026-02-12,2026-02-16,2026-02-16,130,130,Delivered
PO-14465,MED023,LOC003,SUP002,2026-02-12,2026-02-16,2026-02-16,1500,1500,Delivered
PO-14466,MED024,LOC006,SUP009,2026-02-12,2026-02-17,2026-02-17,1410,1410,Delivered
PO-14467,MED030,LOC002,SUP004,2026-02-12,2026-02-17,2026-02-17,110,110,Delivered
PO-14468,MED032,LOC005,SUP009,2026-02-12,2026-02-15,2026-02-15,230,230,Delivered
PO-14469,MED033,LOC003,SUP004,2026-02-12,2026-02-18,2026-02-18,140,140,Delivered
PO-14470,MED033,LOC006,SUP004,2026-02-12,2026-02-18,2026-02-18,110,110,Delivered
PO-14471,MED034,LOC001,SUP013,2026-02-12,2026-02-18,2026-02-20,330,330,Delayed
PO-14472,MED036,LOC005,SUP003,2026-02-12,2026-02-14,2026-02-14,750,750,Delivered
PO-14473,MED037,LOC002,SUP015,2026-02-12,2026-02-16,2026-02-16,1030,1030,Delivered
PO-14474,MED038,LOC003,SUP015,2026-02-12,2026-02-14,2026-02-14,120,120,Delivered
PO-14475,MED041,LOC004,SUP015,2026-02-12,2026-02-14,2026-02-14,50,50,Delivered
PO-14476,MED047,LOC002,SUP015,2026-02-12,2026-02-15,2026-02-15,340,340,Delivered
PO-14477,MED054,LOC001,SUP015,2026-02-12,2026-02-14,2026-02-14,440,440,Delivered
PO-14478,MED054,LOC003,SUP015,2026-02-12,2026-02-14,2026-02-14,340,340,Delivered
PO-14479,MED055,LOC004,SUP015,2026-02-12,2026-02-15,2026-02-15,170,170,Delivered
PO-14480,MED058,LOC001,SUP008,2026-02-12,2026-02-17,2026-02-17,820,820,Delivered
PO-14481,MED061,LOC007,SUP004,2026-02-12,2026-02-19,2026-02-19,80,80,Delivered
PO-14482,MED062,LOC004,SUP004,2026-02-12,2026-02-17,2026-02-17,190,190,Delivered
PO-14483,MED063,LOC003,SUP004,2026-02-12,2026-02-19,2026-02-19,380,380,Delivered
PO-14484,MED064,LOC001,SUP005,2026-02-12,2026-02-17,2026-02-17,2580,2580,Delivered
PO-14485,MED064,LOC002,SUP005,2026-02-12,2026-02-17,2026-02-17,1200,1200,Delivered
PO-14486,MED071,LOC001,SUP014,2026-02-12,2026-02-18,2026-02-18,170,170,Delivered
PO-14487,MED071,LOC005,SUP014,2026-02-12,2026-02-18,2026-02-18,60,60,Delivered
PO-14488,MED073,LOC004,SUP004,2026-02-12,2026-02-18,2026-02-18,50,50,Delivered
PO-14489,MED006,LOC001,SUP001,2026-02-13,2026-02-18,2026-02-18,1080,1080,Delivered
PO-14490,MED010,LOC002,SUP007,2026-02-13,2026-02-17,2026-02-17,410,410,Delivered
PO-14491,MED010,LOC005,SUP007,2026-02-13,2026-02-17,2026-02-17,350,350,Delivered
PO-14492,MED011,LOC004,SUP011,2026-02-13,2026-02-18,2026-02-18,80,80,Delivered
PO-14493,MED012,LOC003,SUP007,2026-02-13,2026-02-17,2026-02-17,630,630,Delivered
PO-14494,MED014,LOC005,SUP007,2026-02-13,2026-02-16,2026-02-16,170,170,Delivered
PO-14495,MED015,LOC006,SUP011,2026-02-13,2026-02-16,2026-02-18,480,480,Delayed
PO-14496,MED016,LOC005,SUP001,2026-02-13,2026-02-17,2026-02-17,950,950,Delivered
PO-14497,MED016,LOC007,SUP001,2026-02-13,2026-02-17,2026-02-17,160,160,Delivered
PO-14498,MED017,LOC006,SUP001,2026-02-13,2026-02-18,2026-02-18,1100,1100,Delivered
PO-14499,MED020,LOC005,SUP004,2026-02-13,2026-02-18,2026-02-18,360,360,Delivered
PO-14500,MED023,LOC006,SUP002,2026-02-13,2026-02-17,2026-02-17,1570,1570,Delivered
PO-14501,MED025,LOC004,SUP002,2026-02-13,2026-02-18,2026-02-18,430,430,Delivered
PO-14502,MED027,LOC004,SUP009,2026-02-13,2026-02-18,2026-02-18,200,200,Delivered
PO-14503,MED031,LOC007,SUP015,2026-02-13,2026-02-16,2026-02-16,80,80,Delivered
PO-14504,MED033,LOC005,SUP004,2026-02-13,2026-02-19,2026-02-19,80,80,Delivered
PO-14505,MED035,LOC001,SUP015,2026-02-13,2026-02-15,2026-02-16,260,260,Delayed
PO-14506,MED035,LOC004,SUP015,2026-02-13,2026-02-15,2026-02-15,50,50,Delivered
PO-14507,MED040,LOC006,SUP004,2026-02-13,2026-02-18,2026-02-18,130,130,Delivered
PO-14508,MED043,LOC001,SUP003,2026-02-13,2026-02-15,2026-02-15,280,280,Delivered
PO-14509,MED044,LOC002,SUP010,2026-02-13,2026-02-18,2026-02-18,250,250,Delivered
PO-14510,MED044,LOC006,SUP010,2026-02-13,2026-02-18,2026-02-18,410,410,Delivered
PO-14511,MED045,LOC001,SUP004,2026-02-13,2026-02-18,2026-02-18,800,800,Delivered
PO-14512,MED045,LOC007,SUP004,2026-02-13,2026-02-18,2026-02-18,60,60,Delivered
PO-14513,MED046,LOC003,SUP015,2026-02-13,2026-02-17,2026-02-17,920,920,Delivered
PO-14514,MED048,LOC003,SUP015,2026-02-13,2026-02-15,2026-02-15,380,380,Delivered
PO-14515,MED061,LOC002,SUP004,2026-02-13,2026-02-20,2026-02-20,540,540,Delivered
PO-14516,MED062,LOC002,SUP004,2026-02-13,2026-02-18,2026-02-18,600,600,Delivered
PO-14517,MED064,LOC003,SUP005,2026-02-13,2026-02-18,2026-02-18,2020,2020,Delivered
PO-14518,MED064,LOC007,SUP005,2026-02-13,2026-02-18,2026-02-18,150,150,Delivered
PO-14519,MED073,LOC003,SUP004,2026-02-13,2026-02-19,2026-02-19,170,170,Delivered
PO-14520,MED074,LOC005,SUP006,2026-02-13,2026-02-21,2026-02-21,50,50,Delivered
PO-14521,MED001,LOC003,SUP001,2026-02-14,2026-02-19,2026-02-19,720,720,Delivered
PO-14522,MED001,LOC006,SUP001,2026-02-14,2026-02-19,2026-02-19,1120,1120,Delivered
PO-14523,MED002,LOC006,SUP010,2026-02-14,2026-02-21,2026-02-22,770,770,Delayed
PO-14524,MED009,LOC003,SUP007,2026-02-14,2026-02-18,2026-02-18,1270,1270,Delivered
PO-14525,MED010,LOC001,SUP007,2026-02-14,2026-02-18,2026-02-18,980,980,Delivered
PO-14526,MED013,LOC001,SUP007,2026-02-14,2026-02-19,2026-02-20,330,330,Delayed
PO-14527,MED014,LOC006,SUP007,2026-02-14,2026-02-17,2026-02-17,390,390,Delivered
PO-14528,MED018,LOC004,SUP001,2026-02-14,2026-02-17,2026-02-17,280,280,Delivered
PO-14529,MED023,LOC001,SUP002,2026-02-14,2026-02-18,2026-02-18,2010,2010,Delivered
PO-14530,MED024,LOC004,SUP009,2026-02-14,2026-02-19,2026-02-19,240,240,Delivered
PO-14531,MED024,LOC007,SUP009,2026-02-14,2026-02-19,2026-02-19,110,110,Delivered
PO-14532,MED027,LOC007,SUP009,2026-02-14,2026-02-19,2026-02-19,60,60,Delivered
PO-14533,MED034,LOC002,SUP013,2026-02-14,2026-02-20,2026-02-20,130,130,Delivered
PO-14534,MED040,LOC003,SUP004,2026-02-14,2026-02-19,2026-02-19,150,150,Delivered
PO-14535,MED043,LOC004,SUP003,2026-02-14,2026-02-16,2026-02-16,50,50,Delivered
PO-14536,MED046,LOC005,SUP015,2026-02-14,2026-02-18,2026-02-18,420,420,Delivered
PO-14537,MED048,LOC002,SUP015,2026-02-14,2026-02-16,2026-02-16,240,240,Delivered
PO-14538,MED056,LOC005,SUP005,2026-02-14,2026-02-19,2026-02-19,280,280,Delivered
PO-14539,MED058,LOC006,SUP008,2026-02-14,2026-02-19,2026-02-19,550,550,Delivered
PO-14540,MED059,LOC006,SUP015,2026-02-14,2026-02-17,2026-03-01,520,520,Delayed
PO-14541,MED061,LOC001,SUP004,2026-02-14,2026-02-21,2026-02-21,1330,1330,Delivered
PO-14542,MED062,LOC001,SUP004,2026-02-14,2026-02-19,2026-02-19,1470,1470,Delivered
PO-14543,MED004,LOC004,SUP001,2026-02-15,2026-02-19,2026-02-19,50,50,Delivered
PO-14544,MED005,LOC003,SUP001,2026-02-15,2026-02-20,2026-02-20,290,290,Delivered
PO-14545,MED007,LOC003,SUP011,2026-02-15,2026-02-18,2026-02-18,1230,1230,Delivered
PO-14546,MED017,LOC001,SUP001,2026-02-15,2026-02-20,2026-02-21,1480,1480,Delayed
PO-14547,MED017,LOC003,SUP001,2026-02-15,2026-02-20,2026-02-20,1100,1100,Delivered
PO-14548,MED019,LOC001,SUP015,2026-02-15,2026-02-18,2026-02-18,1310,1310,Delivered
PO-14549,MED019,LOC006,SUP015,2026-02-15,2026-02-18,2026-02-18,940,940,Delivered
PO-14550,MED022,LOC005,SUP002,2026-02-15,2026-02-19,2026-02-19,340,340,Delivered
PO-14551,MED024,LOC001,SUP009,2026-02-15,2026-02-20,2026-02-20,1870,1870,Delivered
PO-14552,MED024,LOC003,SUP009,2026-02-15,2026-02-20,2026-02-20,1380,1380,Delivered
PO-14553,MED026,LOC003,SUP002,2026-02-15,2026-02-21,2026-02-21,1800,1800,Delivered
PO-14554,MED027,LOC002,SUP009,2026-02-15,2026-02-20,2026-02-23,490,490,Delayed
PO-14555,MED031,LOC001,SUP015,2026-02-15,2026-02-18,2026-02-18,1450,1450,Delivered
PO-14556,MED037,LOC003,SUP015,2026-02-15,2026-02-19,2026-02-19,1900,1900,Delivered
PO-14557,MED039,LOC001,SUP006,2026-02-15,2026-02-23,2026-02-25,80,80,Delayed
PO-14558,MED041,LOC003,SUP015,2026-02-15,2026-02-17,2026-02-17,190,190,Delivered
PO-14559,MED047,LOC006,SUP015,2026-02-15,2026-02-18,2026-02-18,540,540,Delivered
PO-14560,MED050,LOC001,SUP005,2026-02-15,2026-02-19,2026-02-19,4610,4610,Delivered
PO-14561,MED050,LOC003,SUP005,2026-02-15,2026-02-19,2026-02-19,3420,3420,Delivered
PO-14562,MED051,LOC004,SUP015,2026-02-15,2026-02-17,2026-02-17,540,540,Delivered
PO-14563,MED052,LOC005,SUP015,2026-02-15,2026-02-18,2026-02-18,170,170,Delivered
PO-14564,MED053,LOC004,SUP010,2026-02-15,2026-02-21,2026-02-21,50,50,Delivered
PO-14565,MED056,LOC006,SUP005,2026-02-15,2026-02-20,2026-02-22,690,690,Delayed
PO-14566,MED057,LOC002,SUP008,2026-02-15,2026-02-19,2026-02-19,300,300,Delivered
PO-14567,MED057,LOC003,SUP008,2026-02-15,2026-02-19,2026-02-19,550,550,Delivered
PO-14568,MED060,LOC005,SUP015,2026-02-15,2026-02-17,2026-02-17,50,50,Delivered
PO-14569,MED060,LOC007,SUP015,2026-02-15,2026-02-17,2026-02-17,50,50,Delivered
PO-14570,MED061,LOC003,SUP004,2026-02-15,2026-02-22,2026-02-22,970,970,Delivered
PO-14571,MED061,LOC006,SUP004,2026-02-15,2026-02-22,2026-02-22,1000,1000,Delivered
PO-14572,MED063,LOC004,SUP004,2026-02-15,2026-02-22,2026-02-22,60,60,Delivered
PO-14573,MED063,LOC005,SUP004,2026-02-15,2026-02-22,2026-02-23,170,170,Delayed
PO-14574,MED069,LOC004,SUP004,2026-02-15,2026-02-22,2026-02-22,460,460,Delivered
PO-14575,MED071,LOC002,SUP014,2026-02-15,2026-02-21,2026-02-21,60,60,Delivered
PO-14576,MED003,LOC005,SUP001,2026-02-16,2026-02-19,2026-02-19,120,120,Delivered
PO-14577,MED004,LOC002,SUP001,2026-02-16,2026-02-20,2026-02-20,180,180,Delivered
PO-14578,MED005,LOC001,SUP001,2026-02-16,2026-02-21,2026-02-21,380,380,Delivered
PO-14579,MED005,LOC002,SUP001,2026-02-16,2026-02-21,2026-02-21,140,140,Delivered
PO-14580,MED011,LOC006,SUP011,2026-02-16,2026-02-21,2026-02-21,330,330,Delivered
PO-14581,MED011,LOC007,SUP011,2026-02-16,2026-02-21,2026-02-21,110,110,Delivered
PO-14582,MED012,LOC002,SUP007,2026-02-16,2026-02-20,2026-02-20,320,320,Delivered
PO-14583,MED012,LOC005,SUP007,2026-02-16,2026-02-20,2026-02-20,260,260,Delivered
PO-14584,MED017,LOC007,SUP001,2026-02-16,2026-02-21,2026-02-21,100,100,Delivered
PO-14585,MED020,LOC001,SUP004,2026-02-16,2026-02-21,2026-02-21,1060,1060,Delivered
PO-14586,MED025,LOC007,SUP002,2026-02-16,2026-02-21,2026-02-22,190,190,Delayed
PO-14587,MED028,LOC001,SUP002,2026-02-16,2026-02-21,2026-02-21,770,770,Delivered
PO-14588,MED028,LOC004,SUP002,2026-02-16,2026-02-21,2026-02-21,110,110,Delivered
PO-14589,MED030,LOC006,SUP004,2026-02-16,2026-02-21,2026-02-21,180,180,Delivered
PO-14590,MED031,LOC006,SUP015,2026-02-16,2026-02-19,2026-02-19,1110,1110,Delivered
PO-14591,MED033,LOC002,SUP004,2026-02-16,2026-02-22,2026-02-22,80,80,Delivered
PO-14592,MED041,LOC001,SUP015,2026-02-16,2026-02-18,2026-02-18,240,240,Delivered
PO-14593,MED045,LOC002,SUP004,2026-02-16,2026-02-21,2026-02-21,330,330,Delivered
PO-14594,MED048,LOC006,SUP015,2026-02-16,2026-02-18,2026-02-18,370,370,Delivered
PO-14595,MED049,LOC006,SUP015,2026-02-16,2026-02-19,2026-02-19,1820,1820,Delivered
PO-14596,MED050,LOC004,SUP005,2026-02-16,2026-02-20,2026-02-20,1620,1620,Delivered
PO-14597,MED058,LOC003,SUP008,2026-02-16,2026-02-21,2026-02-21,650,650,Delivered
PO-14598,MED067,LOC003,SUP012,2026-02-16,2026-02-22,2026-02-22,740,740,Delivered
PO-14599,MED068,LOC007,SUP004,2026-02-16,2026-02-22,2026-02-22,220,220,Delivered
PO-14600,MED071,LOC003,SUP014,2026-02-16,2026-02-22,2026-02-22,130,130,Delivered
PO-14601,MED002,LOC007,SUP010,2026-02-17,2026-02-24,2026-02-24,50,50,Delivered
PO-14602,MED003,LOC002,SUP001,2026-02-17,2026-02-20,2026-02-20,120,120,Delivered
PO-14603,MED008,LOC003,SUP001,2026-02-17,2026-02-22,2026-02-22,440,440,Delivered
PO-14604,MED012,LOC007,SUP007,2026-02-17,2026-02-21,2026-02-21,50,50,Delivered
PO-14605,MED014,LOC002,SUP007,2026-02-17,2026-02-20,2026-02-20,190,190,Delivered
PO-14606,MED017,LOC005,SUP001,2026-02-17,2026-02-22,2026-02-22,450,450,Delivered
PO-14607,MED018,LOC006,SUP001,2026-02-17,2026-02-20,2026-02-20,1490,1490,Delivered
PO-14608,MED023,LOC007,SUP002,2026-02-17,2026-02-21,2026-02-21,130,130,Delivered
PO-14609,MED024,LOC002,SUP009,2026-02-17,2026-02-22,2026-02-22,670,670,Delivered
PO-14610,MED026,LOC001,SUP002,2026-02-17,2026-02-23,2026-02-23,2370,2370,Delivered
PO-14611,MED026,LOC004,SUP002,2026-02-17,2026-02-23,2026-02-23,360,360,Delivered
PO-14612,MED027,LOC005,SUP009,2026-02-17,2026-02-22,2026-02-22,440,440,Delivered
PO-14613,MED027,LOC006,SUP009,2026-02-17,2026-02-22,2026-02-22,930,930,Delivered
PO-14614,MED028,LOC006,SUP002,2026-02-17,2026-02-22,2026-02-22,520,520,Delivered
PO-14615,MED028,LOC007,SUP002,2026-02-17,2026-02-22,2026-02-22,50,50,Delivered
PO-14616,MED032,LOC001,SUP009,2026-02-17,2026-02-20,2026-02-20,650,650,Delivered
PO-14617,MED037,LOC005,SUP015,2026-02-17,2026-02-21,2026-02-21,850,850,Delivered
PO-14618,MED038,LOC001,SUP015,2026-02-17,2026-02-19,2026-02-19,180,180,Delivered
PO-14619,MED040,LOC005,SUP004,2026-02-17,2026-02-22,2026-02-24,60,60,Delayed
PO-14620,MED044,LOC003,SUP010,2026-02-17,2026-02-22,2026-02-23,430,430,Delayed
PO-14621,MED048,LOC005,SUP015,2026-02-17,2026-02-19,2026-02-19,180,180,Delivered
PO-14622,MED049,LOC007,SUP015,2026-02-17,2026-02-20,2026-02-20,170,170,Delivered
PO-14623,MED053,LOC002,SUP010,2026-02-17,2026-02-23,2026-02-23,130,130,Delivered
PO-14624,MED057,LOC004,SUP008,2026-02-17,2026-02-21,2026-02-21,280,280,Delivered
PO-14625,MED061,LOC005,SUP004,2026-02-17,2026-02-24,2026-02-24,470,470,Delivered
PO-14626,MED062,LOC006,SUP004,2026-02-17,2026-02-22,2026-02-22,1000,1000,Delivered
PO-14627,MED062,LOC007,SUP004,2026-02-17,2026-02-22,2026-02-22,90,90,Delivered
PO-14628,MED069,LOC005,SUP004,2026-02-17,2026-02-24,2026-02-24,1070,1070,Delivered
PO-14629,MED070,LOC005,SUP004,2026-02-17,2026-02-23,2026-02-23,190,190,Delivered
PO-14630,MED072,LOC005,SUP006,2026-02-17,2026-02-24,2026-02-27,50,50,Delayed
PO-14631,MED073,LOC002,SUP004,2026-02-17,2026-02-23,2026-02-23,90,90,Delivered
PO-14632,MED073,LOC006,SUP004,2026-02-17,2026-02-23,2026-02-23,180,180,Delivered
PO-14633,MED001,LOC002,SUP001,2026-02-18,2026-02-23,2026-02-23,390,390,Delivered
PO-14634,MED004,LOC003,SUP001,2026-02-18,2026-02-22,2026-02-22,310,310,Delivered
PO-14635,MED007,LOC002,SUP011,2026-02-18,2026-02-21,2026-02-21,640,640,Delivered
PO-14636,MED007,LOC007,SUP011,2026-02-18,2026-02-21,2026-02-21,390,390,Delivered
PO-14637,MED009,LOC007,SUP007,2026-02-18,2026-02-22,2026-02-22,100,100,Delivered
PO-14638,MED011,LOC001,SUP011,2026-02-18,2026-02-23,2026-02-23,470,470,Delivered
PO-14639,MED013,LOC003,SUP007,2026-02-18,2026-02-23,2026-02-23,230,230,Delivered
PO-14640,MED015,LOC001,SUP011,2026-02-18,2026-02-21,2026-02-21,670,670,Delivered
PO-14641,MED017,LOC002,SUP001,2026-02-18,2026-02-23,2026-02-23,610,610,Delivered
PO-14642,MED018,LOC001,SUP001,2026-02-18,2026-02-21,2026-02-21,1980,1980,Delivered
PO-14643,MED026,LOC002,SUP002,2026-02-18,2026-02-24,2026-02-24,990,990,Delivered
PO-14644,MED028,LOC002,SUP002,2026-02-18,2026-02-23,2026-02-23,300,300,Delivered
PO-14645,MED030,LOC003,SUP004,2026-02-18,2026-02-23,2026-02-23,190,190,Delivered
PO-14646,MED033,LOC004,SUP004,2026-02-18,2026-02-24,2026-02-24,50,50,Delivered
PO-14647,MED036,LOC002,SUP003,2026-02-18,2026-02-20,2026-02-20,970,970,Delivered
PO-14648,MED036,LOC004,SUP003,2026-02-18,2026-02-20,2026-02-22,330,330,Delayed
PO-14649,MED042,LOC006,SUP003,2026-02-18,2026-02-20,2026-02-20,600,600,Delivered
PO-14650,MED043,LOC005,SUP003,2026-02-18,2026-02-20,2026-02-20,110,110,Delivered
PO-14651,MED044,LOC001,SUP010,2026-02-18,2026-02-23,2026-02-23,530,530,Delivered
PO-14652,MED045,LOC004,SUP004,2026-02-18,2026-02-23,2026-02-23,100,100,Delivered
PO-14653,MED049,LOC003,SUP015,2026-02-18,2026-02-21,2026-02-21,1910,1910,Delivered
PO-14654,MED053,LOC006,SUP010,2026-02-18,2026-02-24,2026-02-24,300,300,Delivered
PO-14655,MED055,LOC001,SUP015,2026-02-18,2026-02-21,2026-02-21,1040,1040,Delivered
PO-14656,MED055,LOC002,SUP015,2026-02-18,2026-02-21,2026-02-21,450,450,Delivered
PO-14657,MED055,LOC006,SUP015,2026-02-18,2026-02-21,2026-02-21,860,860,Delivered
PO-14658,MED056,LOC003,SUP005,2026-02-18,2026-02-23,2026-02-23,680,680,Delivered
PO-14659,MED056,LOC004,SUP005,2026-02-18,2026-02-23,2026-02-23,330,330,Delivered
PO-14660,MED059,LOC001,SUP015,2026-02-18,2026-02-21,2026-03-05,720,720,Delayed
PO-14661,MED063,LOC001,SUP004,2026-02-18,2026-02-25,2026-02-25,490,490,Delivered
PO-14662,MED063,LOC002,SUP004,2026-02-18,2026-02-25,2026-02-25,200,200,Delivered
PO-14663,MED063,LOC007,SUP004,2026-02-18,2026-02-25,2026-02-25,50,50,Delivered
PO-14664,MED065,LOC003,SUP015,2026-02-18,2026-02-20,2026-02-20,750,750,Delivered
PO-14665,MED066,LOC001,SUP004,2026-02-18,2026-02-24,2026-02-24,1260,1260,Delivered
PO-14666,MED067,LOC006,SUP012,2026-02-18,2026-02-24,2026-02-24,740,740,Delivered
PO-14667,MED069,LOC002,SUP004,2026-02-18,2026-02-25,2026-02-25,1270,1270,Delivered
PO-14668,MED070,LOC003,SUP004,2026-02-18,2026-02-24,2026-02-27,450,450,Delayed
PO-14669,MED075,LOC003,SUP004,2026-02-18,2026-02-24,2026-02-24,710,710,Delivered
PO-14670,MED006,LOC005,SUP001,2026-02-19,2026-02-24,2026-02-24,400,400,Delivered
PO-14671,MED006,LOC006,SUP001,2026-02-19,2026-02-24,2026-02-24,1270,1270,Delivered
PO-14672,MED007,LOC001,SUP011,2026-02-19,2026-02-22,2026-02-22,1530,1530,Delivered
PO-14673,MED008,LOC006,SUP001,2026-02-19,2026-02-24,2026-02-24,400,400,Delivered
PO-14674,MED010,LOC006,SUP007,2026-02-19,2026-02-23,2026-02-23,780,780,Delivered
PO-14675,MED011,LOC003,SUP011,2026-02-19,2026-02-24,2026-02-25,320,320,Delayed
PO-14676,MED015,LOC002,SUP011,2026-02-19,2026-02-22,2026-02-22,260,260,Delivered
PO-14677,MED022,LOC007,SUP002,2026-02-19,2026-02-23,2026-02-23,60,60,Delivered
PO-14678,MED025,LOC002,SUP002,2026-02-19,2026-02-24,2026-02-24,1260,1260,Delivered
PO-14679,MED025,LOC003,SUP002,2026-02-19,2026-02-24,2026-02-24,2270,2270,Delivered
PO-14680,MED026,LOC007,SUP002,2026-02-19,2026-02-25,2026-02-27,140,140,Delayed
PO-14681,MED029,LOC005,SUP015,2026-02-19,2026-02-22,2026-02-22,100,100,Delivered
PO-14682,MED031,LOC004,SUP015,2026-02-19,2026-02-22,2026-02-22,200,200,Delivered
PO-14683,MED034,LOC005,SUP013,2026-02-19,2026-02-25,2026-02-25,120,120,Delivered
PO-14684,MED035,LOC005,SUP015,2026-02-19,2026-02-21,2026-02-21,110,110,Delivered
PO-14685,MED036,LOC007,SUP003,2026-02-19,2026-02-21,2026-02-21,120,120,Delivered
PO-14686,MED041,LOC006,SUP015,2026-02-19,2026-02-21,2026-02-21,190,190,Delivered
PO-14687,MED047,LOC007,SUP015,2026-02-19,2026-02-22,2026-02-22,60,60,Delivered
PO-14688,MED051,LOC001,SUP015,2026-02-19,2026-02-21,2026-02-21,3680,3680,Delivered
PO-14689,MED052,LOC006,SUP015,2026-02-19,2026-02-22,2026-02-22,360,360,Delivered
PO-14690,MED055,LOC003,SUP015,2026-02-19,2026-02-22,2026-02-22,740,740,Delivered
PO-14691,MED057,LOC007,SUP008,2026-02-19,2026-02-23,2026-02-23,50,50,Delivered
PO-14692,MED060,LOC004,SUP015,2026-02-19,2026-02-21,2026-02-21,50,50,Delivered
PO-14693,MED062,LOC003,SUP004,2026-02-19,2026-02-24,2026-02-24,1070,1070,Delivered
PO-14694,MED065,LOC005,SUP015,2026-02-19,2026-02-21,2026-02-21,310,310,Delivered
PO-14695,MED066,LOC006,SUP004,2026-02-19,2026-02-25,2026-02-25,950,950,Delivered
PO-14696,MED067,LOC001,SUP012,2026-02-19,2026-02-25,2026-02-25,1060,1060,Delivered
PO-14697,MED067,LOC005,SUP012,2026-02-19,2026-02-25,2026-02-25,360,360,Delivered
PO-14698,MED068,LOC001,SUP004,2026-02-19,2026-02-25,2026-02-25,4430,4430,Delivered
PO-14699,MED068,LOC005,SUP004,2026-02-19,2026-02-25,2026-02-25,1430,1430,Delivered
PO-14700,MED071,LOC004,SUP014,2026-02-19,2026-02-25,2026-02-25,50,50,Delivered
PO-14701,MED072,LOC001,SUP006,2026-02-19,2026-02-26,2026-02-26,70,70,Delivered
PO-14702,MED075,LOC001,SUP004,2026-02-19,2026-02-25,2026-02-25,810,810,Delivered
PO-14703,MED075,LOC005,SUP004,2026-02-19,2026-02-25,2026-02-25,290,290,Delivered
PO-14704,MED075,LOC007,SUP004,2026-02-19,2026-02-25,2026-02-25,70,70,Delivered
PO-14705,MED002,LOC001,SUP010,2026-02-20,2026-02-27,2026-02-27,590,590,Delivered
PO-14706,MED002,LOC005,SUP010,2026-02-20,2026-02-27,2026-02-27,210,210,Delivered
PO-14707,MED003,LOC003,SUP001,2026-02-20,2026-02-23,2026-02-23,300,300,Delivered
PO-14708,MED006,LOC003,SUP001,2026-02-20,2026-02-25,2026-02-25,820,820,Delivered
PO-14709,MED009,LOC005,SUP007,2026-02-20,2026-02-24,2026-02-24,550,550,Delivered
PO-14710,MED016,LOC006,SUP001,2026-02-20,2026-02-24,2026-02-24,1830,1830,Delivered
PO-14711,MED020,LOC002,SUP004,2026-02-20,2026-02-25,2026-02-25,400,400,Delivered
PO-14712,MED021,LOC005,SUP002,2026-02-20,2026-02-24,2026-02-24,600,600,Delivered
PO-14713,MED025,LOC001,SUP002,2026-02-20,2026-02-25,2026-02-25,3120,3120,Delivered
PO-14714,MED025,LOC006,SUP002,2026-02-20,2026-02-25,2026-02-25,2200,2200,Delivered
PO-14715,MED028,LOC003,SUP002,2026-02-20,2026-02-25,2026-02-25,540,540,Delivered
PO-14716,MED033,LOC006,SUP004,2026-02-20,2026-02-26,2026-02-26,140,140,Delivered
PO-14717,MED037,LOC004,SUP015,2026-02-20,2026-02-24,2026-02-24,370,370,Delivered
PO-14718,MED039,LOC003,SUP006,2026-02-20,2026-02-28,2026-02-28,60,60,Delivered
PO-14719,MED042,LOC004,SUP003,2026-02-20,2026-02-22,2026-02-22,150,150,Delivered
PO-14720,MED043,LOC002,SUP003,2026-02-20,2026-02-22,2026-02-22,130,130,Delivered
PO-14721,MED045,LOC003,SUP004,2026-02-20,2026-02-25,2026-02-27,710,710,Delayed
PO-14722,MED047,LOC004,SUP015,2026-02-20,2026-02-23,2026-02-23,110,110,Delivered
PO-14723,MED047,LOC005,SUP015,2026-02-20,2026-02-23,2026-02-23,230,230,Delivered
PO-14724,MED049,LOC002,SUP015,2026-02-20,2026-02-23,2026-02-23,1060,1060,Delivered
PO-14725,MED051,LOC002,SUP015,2026-02-20,2026-02-22,2026-02-22,1320,1320,Delivered
PO-14726,MED051,LOC006,SUP015,2026-02-20,2026-02-22,2026-02-22,2590,2590,Delivered
PO-14727,MED052,LOC001,SUP015,2026-02-20,2026-02-23,2026-02-23,470,470,Delivered
PO-14728,MED052,LOC002,SUP015,2026-02-20,2026-02-23,2026-02-23,200,200,Delivered
PO-14729,MED052,LOC003,SUP015,2026-02-20,2026-02-23,2026-02-23,400,400,Delivered
PO-14730,MED054,LOC002,SUP015,2026-02-20,2026-02-22,2026-02-22,160,160,Delivered
PO-14731,MED056,LOC002,SUP005,2026-02-20,2026-02-25,2026-02-25,380,380,Delivered
PO-14732,MED057,LOC001,SUP008,2026-02-20,2026-02-24,2026-02-24,810,810,Delivered
PO-14733,MED058,LOC002,SUP008,2026-02-20,2026-02-25,2026-02-26,310,310,Delayed
PO-14734,MED059,LOC002,SUP015,2026-02-20,2026-02-23,2026-03-07,280,280,Delayed
PO-14735,MED060,LOC003,SUP015,2026-02-20,2026-02-22,2026-02-22,90,90,Delivered
PO-14736,MED063,LOC006,SUP004,2026-02-20,2026-02-27,2026-02-27,380,380,Delivered
PO-14737,MED064,LOC004,SUP005,2026-02-20,2026-02-25,2026-02-25,350,350,Delivered
PO-14738,MED064,LOC005,SUP005,2026-02-20,2026-02-25,2026-02-25,890,890,Delivered
PO-14739,MED066,LOC005,SUP004,2026-02-20,2026-02-26,2026-02-26,480,480,Delivered
PO-14740,MED067,LOC007,SUP012,2026-02-20,2026-02-26,2026-02-26,50,50,Delivered
PO-14741,MED070,LOC001,SUP004,2026-02-20,2026-02-26,2026-02-26,540,540,Delivered
PO-14742,MED071,LOC007,SUP014,2026-02-20,2026-02-26,2026-02-26,50,50,Delivered
PO-14743,MED007,LOC006,SUP011,2026-02-21,2026-02-24,2026-02-24,1150,1150,Delivered
PO-14744,MED012,LOC006,SUP007,2026-02-21,2026-02-25,2026-02-25,630,630,Delivered
PO-14745,MED013,LOC006,SUP007,2026-02-21,2026-02-26,2026-02-26,250,250,Delivered
PO-14746,MED014,LOC003,SUP007,2026-02-21,2026-02-24,2026-02-24,400,400,Delivered
PO-14747,MED015,LOC005,SUP011,2026-02-21,2026-02-24,2026-02-24,180,180,Delivered
PO-14748,MED019,LOC003,SUP015,2026-02-21,2026-02-24,2026-02-24,980,980,Delivered
PO-14749,MED019,LOC004,SUP015,2026-02-21,2026-02-24,2026-02-24,180,180,Delivered
PO-14750,MED020,LOC007,SUP004,2026-02-21,2026-02-26,2026-02-26,220,220,Delivered
PO-14751,MED022,LOC002,SUP002,2026-02-21,2026-02-25,2026-02-25,380,380,Delivered
PO-14752,MED026,LOC006,SUP002,2026-02-21,2026-02-27,2026-02-27,1790,1790,Delivered
PO-14753,MED027,LOC001,SUP009,2026-02-21,2026-02-26,2026-02-26,1180,1180,Delivered
PO-14754,MED027,LOC003,SUP009,2026-02-21,2026-02-26,2026-02-26,990,990,Delivered
PO-14755,MED029,LOC003,SUP015,2026-02-21,2026-02-24,2026-02-24,280,280,Delivered
PO-14756,MED031,LOC003,SUP015,2026-02-21,2026-02-24,2026-02-24,1220,1220,Delivered
PO-14757,MED042,LOC005,SUP003,2026-02-21,2026-02-23,2026-02-23,250,250,Delivered
PO-14758,MED044,LOC005,SUP010,2026-02-21,2026-02-26,2026-02-26,170,170,Delivered
PO-14759,MED065,LOC004,SUP015,2026-02-21,2026-02-23,2026-02-23,140,140,Delivered
PO-14760,MED066,LOC002,SUP004,2026-02-21,2026-02-27,2026-02-27,480,480,Delivered
PO-14761,MED069,LOC001,SUP004,2026-02-21,2026-02-28,2026-02-28,3200,3200,Delivered
PO-14762,MED069,LOC003,SUP004,2026-02-21,2026-02-28,2026-02-28,2380,2380,Delivered
PO-14763,MED069,LOC007,SUP004,2026-02-21,2026-02-28,2026-02-28,180,180,Delivered
PO-14764,MED070,LOC006,SUP004,2026-02-21,2026-02-27,2026-02-27,400,400,Delivered
PO-14765,MED072,LOC002,SUP006,2026-02-21,2026-02-28,2026-02-28,50,50,Delivered
PO-14766,MED072,LOC003,SUP006,2026-02-21,2026-02-28,2026-02-28,60,60,Delivered
PO-14767,MED074,LOC001,SUP006,2026-02-21,2026-03-01,2026-03-01,90,90,Delivered
PO-14768,MED075,LOC006,SUP004,2026-02-21,2026-02-27,2026-02-27,580,580,Delivered
PO-14769,MED001,LOC004,SUP001,2026-02-22,2026-02-27,2026-02-27,150,150,Delivered
PO-14770,MED002,LOC002,SUP010,2026-02-22,2026-03-01,2026-03-01,230,230,Delivered
PO-14771,MED004,LOC005,SUP001,2026-02-22,2026-02-26,2026-02-26,120,120,Delivered
PO-14772,MED013,LOC004,SUP007,2026-02-22,2026-02-27,2026-02-27,60,60,Delivered
PO-14773,MED014,LOC001,SUP007,2026-02-22,2026-02-25,2026-02-25,480,480,Delivered
PO-14774,MED017,LOC004,SUP001,2026-02-22,2026-02-27,2026-02-27,210,210,Delivered
PO-14775,MED018,LOC002,SUP001,2026-02-22,2026-02-25,2026-02-25,790,790,Delivered
PO-14776,MED019,LOC005,SUP015,2026-02-22,2026-02-25,2026-02-25,450,450,Delivered
PO-14777,MED022,LOC003,SUP002,2026-02-22,2026-02-26,2026-02-26,820,820,Delivered
PO-14778,MED023,LOC005,SUP002,2026-02-22,2026-02-26,2026-02-26,650,650,Delivered
PO-14779,MED024,LOC005,SUP009,2026-02-22,2026-02-27,2026-02-27,640,640,Delivered
PO-14780,MED026,LOC005,SUP002,2026-02-22,2026-02-28,2026-02-28,760,760,Delivered
PO-14781,MED032,LOC006,SUP009,2026-02-22,2026-02-25,2026-02-25,460,460,Delivered
PO-14782,MED037,LOC006,SUP015,2026-02-22,2026-02-26,2026-02-26,1910,1910,Delivered
PO-14783,MED042,LOC002,SUP003,2026-02-22,2026-02-24,2026-02-24,310,310,Delivered
PO-14784,MED045,LOC005,SUP004,2026-02-22,2026-02-27,2026-02-27,240,240,Delivered
PO-14785,MED046,LOC006,SUP015,2026-02-22,2026-02-26,2026-02-26,970,970,Delivered
PO-14786,MED047,LOC001,SUP015,2026-02-22,2026-02-25,2026-02-25,730,730,Delivered
PO-14787,MED050,LOC002,SUP005,2026-02-22,2026-02-26,2026-02-26,1730,1730,Delivered
PO-14788,MED057,LOC006,SUP008,2026-02-22,2026-02-26,2026-02-26,560,560,Delivered
PO-14789,MED061,LOC004,SUP004,2026-02-22,2026-03-01,2026-03-01,210,210,Delivered
PO-14790,MED066,LOC003,SUP004,2026-02-22,2026-02-28,2026-02-28,950,950,Delivered
PO-14791,MED066,LOC004,SUP004,2026-02-22,2026-02-28,2026-02-28,170,170,Delivered
PO-14792,MED067,LOC002,SUP012,2026-02-22,2026-02-28,2026-02-28,420,420,Delivered
PO-14793,MED068,LOC002,SUP004,2026-02-22,2026-02-28,2026-02-28,1720,1720,Delivered
PO-14794,MED068,LOC003,SUP004,2026-02-22,2026-02-28,2026-02-28,3380,3380,Delivered
PO-14795,MED068,LOC004,SUP004,2026-02-22,2026-02-28,2026-02-28,640,640,Delivered
PO-14796,MED068,LOC006,SUP004,2026-02-22,2026-02-28,2026-02-28,4890,4890,Delivered
PO-14797,MED074,LOC006,SUP006,2026-02-22,2026-03-02,2026-03-02,80,80,Delivered
PO-14798,MED075,LOC004,SUP004,2026-02-22,2026-02-28,2026-02-28,50,50,Delivered
PO-14799,MED001,LOC005,SUP001,2026-02-23,2026-02-28,2026-02-28,320,320,Delivered
PO-14800,MED006,LOC002,SUP001,2026-02-23,2026-02-28,2026-03-02,440,440,Delayed
PO-14801,MED009,LOC006,SUP007,2026-02-23,2026-02-27,2026-02-27,1260,1260,Delivered
PO-14802,MED012,LOC004,SUP007,2026-02-23,2026-02-27,2026-02-27,140,140,Delivered
PO-14803,MED018,LOC003,SUP001,2026-02-23,2026-02-26,2026-02-26,1590,1590,Delivered
PO-14804,MED020,LOC004,SUP004,2026-02-23,2026-02-28,2026-02-28,140,140,Delivered
PO-14805,MED028,LOC005,SUP002,2026-02-23,2026-02-28,2026-02-28,240,240,Delivered
PO-14806,MED034,LOC003,SUP013,2026-02-23,2026-03-01,2026-03-03,260,260,Delayed
PO-14807,MED034,LOC006,SUP013,2026-02-23,2026-03-01,2026-03-01,240,240,Delivered
PO-14808,MED035,LOC002,SUP015,2026-02-23,2026-02-25,2026-02-25,130,130,Delivered
PO-14809,MED038,LOC006,SUP015,2026-02-23,2026-02-25,2026-02-25,120,120,Delivered
PO-14810,MED040,LOC002,SUP004,2026-02-23,2026-02-28,2026-02-28,50,50,Delivered
PO-14811,MED046,LOC004,SUP015,2026-02-23,2026-02-27,2026-02-27,170,170,Delivered
PO-14812,MED049,LOC001,SUP015,2026-02-23,2026-02-26,2026-02-26,2470,2470,Delivered
PO-14813,MED051,LOC003,SUP015,2026-02-23,2026-02-25,2026-02-25,2790,2790,Delivered
PO-14814,MED053,LOC001,SUP010,2026-02-23,2026-03-01,2026-03-01,320,320,Delivered
PO-14815,MED053,LOC007,SUP010,2026-02-23,2026-03-01,2026-03-01,50,50,Delivered
PO-14816,MED054,LOC004,SUP015,2026-02-23,2026-02-25,2026-02-25,80,80,Delivered
PO-14817,MED059,LOC007,SUP015,2026-02-23,2026-02-26,2026-03-10,50,50,Delayed
PO-14818,MED066,LOC007,SUP004,2026-02-23,2026-03-01,2026-03-01,90,90,Delivered
PO-14819,MED005,LOC004,SUP001,2026-02-24,2026-03-01,2026-03-01,50,50,Delivered
PO-14820,MED007,LOC005,SUP011,2026-02-24,2026-02-27,2026-02-27,520,520,Delivered
PO-14821,MED008,LOC007,SUP001,2026-02-24,2026-03-01,2026-03-01,140,140,Delivered
PO-14822,MED015,LOC003,SUP011,2026-02-24,2026-02-27,2026-02-27,490,490,Delivered
PO-14823,MED021,LOC003,SUP002,2026-02-24,2026-02-28,2026-02-28,1400,1400,Delivered
PO-14824,MED022,LOC001,SUP002,2026-02-24,2026-02-28,2026-02-28,1060,1060,Delivered
PO-14825,MED023,LOC002,SUP002,2026-02-24,2026-02-28,2026-02-28,700,700,Delivered
PO-14826,MED029,LOC006,SUP015,2026-02-24,2026-02-27,2026-02-27,260,260,Delivered
PO-14827,MED030,LOC001,SUP004,2026-02-24,2026-03-01,2026-03-02,210,210,Delayed
PO-14828,MED036,LOC001,SUP003,2026-02-24,2026-02-26,2026-02-26,2270,2270,Delivered
PO-14829,MED036,LOC003,SUP003,2026-02-24,2026-02-26,2026-02-26,1830,1830,Delivered
PO-14830,MED036,LOC006,SUP003,2026-02-24,2026-02-26,2026-02-26,1660,1660,Delivered
PO-14831,MED040,LOC001,SUP004,2026-02-24,2026-03-01,2026-03-02,160,160,Delayed
PO-14832,MED043,LOC006,SUP003,2026-02-24,2026-02-26,2026-02-26,230,230,Delivered
PO-14833,MED044,LOC004,SUP010,2026-02-24,2026-03-01,2026-03-01,80,80,Delivered
PO-14834,MED045,LOC006,SUP004,2026-02-24,2026-03-01,2026-03-01,620,620,Delivered
PO-14835,MED049,LOC005,SUP015,2026-02-24,2026-02-27,2026-02-27,900,900,Delivered
PO-14836,MED052,LOC004,SUP015,2026-02-24,2026-02-27,2026-02-27,70,70,Delivered
PO-14837,MED056,LOC007,SUP005,2026-02-24,2026-03-01,2026-03-01,70,70,Delivered
PO-14838,MED062,LOC005,SUP004,2026-02-24,2026-03-01,2026-03-01,410,410,Delivered
PO-14839,MED065,LOC007,SUP015,2026-02-24,2026-02-26,2026-02-26,50,50,Delivered
PO-14840,MED069,LOC006,SUP004,2026-02-24,2026-03-03,2026-03-03,3520,3520,Delivered
PO-14841,MED002,LOC003,SUP010,2026-02-25,2026-03-04,2026-03-04,460,460,Delivered
PO-14842,MED005,LOC006,SUP001,2026-02-25,2026-03-02,2026-03-02,430,430,Delivered
PO-14843,MED006,LOC004,SUP001,2026-02-25,2026-03-02,2026-03-02,180,180,Delivered
PO-14844,MED009,LOC001,SUP007,2026-02-25,2026-03-01,2026-03-01,1780,1780,Delivered
PO-14845,MED012,LOC001,SUP007,2026-02-25,2026-03-01,2026-03-01,800,800,Delivered
PO-14846,MED018,LOC005,SUP001,2026-02-25,2026-02-28,2026-02-28,650,650,Delivered
PO-14847,MED021,LOC004,SUP002,2026-02-25,2026-03-01,2026-03-02,250,250,Delayed
PO-14848,MED024,LOC004,SUP009,2026-02-25,2026-03-02,2026-03-02,280,280,Delivered
PO-14849,MED025,LOC005,SUP002,2026-02-25,2026-03-02,2026-03-02,1120,1120,Delivered
PO-14850,MED028,LOC004,SUP002,2026-02-25,2026-03-02,2026-03-02,130,130,Delivered
PO-14851,MED029,LOC001,SUP015,2026-02-25,2026-02-28,2026-02-28,290,290,Delivered
PO-14852,MED031,LOC002,SUP015,2026-02-25,2026-02-28,2026-02-28,570,570,Delivered
PO-14853,MED031,LOC007,SUP015,2026-02-25,2026-02-28,2026-02-28,100,100,Delivered
PO-14854,MED032,LOC002,SUP009,2026-02-25,2026-02-28,2026-02-28,250,250,Delivered
PO-14855,MED032,LOC003,SUP009,2026-02-25,2026-02-28,2026-02-28,540,540,Delivered
PO-14856,MED034,LOC001,SUP013,2026-02-25,2026-03-03,2026-03-03,350,350,Delivered
PO-14857,MED037,LOC001,SUP015,2026-02-25,2026-03-01,2026-03-01,2380,2380,Delivered
PO-14858,MED039,LOC004,SUP006,2026-02-25,2026-03-05,2026-03-05,50,50,Delivered
PO-14859,MED042,LOC007,SUP003,2026-02-25,2026-02-27,2026-02-27,50,50,Delivered
PO-14860,MED058,LOC007,SUP008,2026-02-25,2026-03-02,2026-03-02,50,50,Delivered
PO-14861,MED060,LOC002,SUP015,2026-02-25,2026-02-27,2026-02-27,50,50,Delivered
PO-14862,MED062,LOC004,SUP004,2026-02-25,2026-03-02,2026-03-02,210,210,Delivered
PO-14863,MED063,LOC004,SUP004,2026-02-25,2026-03-04,2026-03-05,80,80,Delayed
PO-14864,MED065,LOC006,SUP015,2026-02-25,2026-02-27,2026-02-27,680,680,Delivered
PO-14865,MED067,LOC004,SUP012,2026-02-25,2026-03-03,2026-03-03,150,150,Delivered
PO-14866,MED001,LOC001,SUP001,2026-02-26,2026-03-03,2026-03-03,960,960,Delivered
PO-14867,MED004,LOC004,SUP001,2026-02-26,2026-03-02,2026-03-02,70,70,Delivered
PO-14868,MED008,LOC001,SUP001,2026-02-26,2026-03-03,2026-03-03,610,610,Delivered
PO-14869,MED008,LOC002,SUP001,2026-02-26,2026-03-03,2026-03-03,270,270,Delivered
PO-14870,MED009,LOC002,SUP007,2026-02-26,2026-03-02,2026-03-02,640,640,Delivered
PO-14871,MED010,LOC004,SUP007,2026-02-26,2026-03-02,2026-03-02,160,160,Delivered
PO-14872,MED016,LOC004,SUP001,2026-02-26,2026-03-02,2026-03-02,360,360,Delivered
PO-14873,MED019,LOC002,SUP015,2026-02-26,2026-03-01,2026-03-01,530,530,Delivered
PO-14874,MED020,LOC006,SUP004,2026-02-26,2026-03-03,2026-03-03,760,760,Delivered
PO-14875,MED021,LOC007,SUP002,2026-02-26,2026-03-02,2026-03-02,120,120,Delivered
PO-14876,MED022,LOC004,SUP002,2026-02-26,2026-03-02,2026-03-02,140,140,Delivered
PO-14877,MED023,LOC004,SUP002,2026-02-26,2026-03-02,2026-03-02,270,270,Delivered
PO-14878,MED024,LOC007,SUP009,2026-02-26,2026-03-03,2026-03-03,120,120,Delivered
PO-14879,MED027,LOC007,SUP009,2026-02-26,2026-03-03,2026-03-03,90,90,Delivered
PO-14880,MED031,LOC005,SUP015,2026-02-26,2026-03-01,2026-03-01,500,500,Delivered
PO-14881,MED032,LOC007,SUP009,2026-02-26,2026-03-01,2026-03-01,50,50,Delivered
PO-14882,MED033,LOC001,SUP004,2026-02-26,2026-03-04,2026-03-04,190,190,Delivered
PO-14883,MED038,LOC005,SUP015,2026-02-26,2026-02-28,2026-02-28,50,50,Delivered
PO-14884,MED039,LOC001,SUP006,2026-02-26,2026-03-06,2026-03-06,80,80,Delivered
PO-14885,MED046,LOC007,SUP015,2026-02-26,2026-03-02,2026-03-02,70,70,Delivered
PO-14886,MED050,LOC005,SUP005,2026-02-26,2026-03-02,2026-03-02,1390,1390,Delivered
PO-14887,MED051,LOC005,SUP015,2026-02-26,2026-02-28,2026-02-28,1220,1220,Delivered
PO-14888,MED053,LOC003,SUP010,2026-02-26,2026-03-04,2026-03-04,230,230,Delivered
PO-14889,MED057,LOC005,SUP008,2026-02-26,2026-03-02,2026-03-02,260,260,Delivered
PO-14890,MED060,LOC006,SUP015,2026-02-26,2026-02-28,2026-02-28,60,60,Delivered
PO-14891,MED003,LOC001,SUP001,2026-02-27,2026-03-02,2026-03-02,340,340,Delivered
PO-14892,MED004,LOC001,SUP001,2026-02-27,2026-03-03,2026-03-03,430,430,Delivered
PO-14893,MED004,LOC006,SUP001,2026-02-27,2026-03-03,2026-03-03,450,450,Delivered
PO-14894,MED008,LOC005,SUP001,2026-02-27,2026-03-04,2026-03-04,220,220,Delivered
PO-14895,MED011,LOC005,SUP011,2026-02-27,2026-03-04,2026-03-04,160,160,Delivered
PO-14896,MED014,LOC004,SUP007,2026-02-27,2026-03-02,2026-03-02,70,70,Delivered
PO-14897,MED016,LOC001,SUP001,2026-02-27,2026-03-03,2026-03-03,2600,2600,Delivered
PO-14898,MED016,LOC003,SUP001,2026-02-27,2026-03-03,2026-03-03,1910,1910,Delivered
PO-14899,MED019,LOC007,SUP015,2026-02-27,2026-03-02,2026-03-02,90,90,Delivered
PO-14900,MED020,LOC003,SUP004,2026-02-27,2026-03-04,2026-03-04,800,800,Delivered
PO-14901,MED021,LOC002,SUP002,2026-02-27,2026-03-03,2026-03-03,740,740,Delivered
PO-14902,MED022,LOC006,SUP002,2026-02-27,2026-03-03,2026-03-03,800,800,Delivered
PO-14903,MED030,LOC005,SUP004,2026-02-27,2026-03-04,2026-03-04,80,80,Delivered
PO-14904,MED032,LOC004,SUP009,2026-02-27,2026-03-02,2026-03-02,100,100,Delivered
PO-14905,MED034,LOC002,SUP013,2026-02-27,2026-03-05,2026-03-05,140,140,Delivered
PO-14906,MED037,LOC007,SUP015,2026-02-27,2026-03-03,2026-03-03,160,160,Delivered
PO-14907,MED039,LOC006,SUP006,2026-02-27,2026-03-07,2026-03-07,70,70,Delivered
PO-14908,MED041,LOC005,SUP015,2026-02-27,2026-03-01,2026-03-01,70,70,Delivered
PO-14909,MED044,LOC006,SUP010,2026-02-27,2026-03-04,2026-03-04,420,420,Delivered
PO-14910,MED046,LOC001,SUP015,2026-02-27,2026-03-03,2026-03-03,1140,1140,Delivered
PO-14911,MED048,LOC007,SUP015,2026-02-27,2026-03-01,2026-03-01,50,50,Delivered
PO-14912,MED049,LOC004,SUP015,2026-02-27,2026-03-02,2026-03-02,360,360,Delivered
PO-14913,MED050,LOC006,SUP005,2026-02-27,2026-03-03,2026-03-03,3320,3320,Delivered
PO-14914,MED053,LOC005,SUP010,2026-02-27,2026-03-05,2026-03-05,100,100,Delivered
PO-14915,MED055,LOC007,SUP015,2026-02-27,2026-03-02,2026-03-02,60,60,Delivered
PO-14916,MED058,LOC005,SUP008,2026-02-27,2026-03-04,2026-03-04,260,260,Delivered
PO-14917,MED058,LOC006,SUP008,2026-02-27,2026-03-04,2026-03-04,600,600,Delivered
PO-14918,MED061,LOC001,SUP004,2026-02-27,2026-03-06,2026-03-06,1400,1400,Delivered
PO-14919,MED061,LOC003,SUP004,2026-02-27,2026-03-06,2026-03-06,1060,1060,Delivered
PO-14920,MED061,LOC007,SUP004,2026-02-27,2026-03-06,2026-03-06,80,80,Delivered
PO-14921,MED063,LOC003,SUP004,2026-02-27,2026-03-06,2026-03-06,400,400,Delivered
PO-14922,MED064,LOC001,SUP005,2026-02-27,2026-03-04,2026-03-04,2590,2590,Delivered
PO-14923,MED064,LOC006,SUP005,2026-02-27,2026-03-04,2026-03-04,1920,1920,Delivered
PO-14924,MED067,LOC007,SUP012,2026-02-27,2026-03-05,2026-03-05,70,70,Delivered
PO-14925,MED068,LOC007,SUP004,2026-02-27,2026-03-05,2026-03-05,270,270,Delivered
PO-14926,MED070,LOC002,SUP004,2026-02-27,2026-03-05,2026-03-05,200,200,Delivered
PO-14927,MED073,LOC001,SUP004,2026-02-27,2026-03-05,2026-03-05,220,220,Delivered
PO-14928,MED073,LOC003,SUP004,2026-02-27,2026-03-05,2026-03-05,170,170,Delivered
PO-14929,MED074,LOC002,SUP006,2026-02-27,2026-03-07,2026-03-07,50,50,Delivered
PO-14930,MED074,LOC003,SUP006,2026-02-27,2026-03-07,2026-03-07,80,80,Delivered
PO-14931,MED002,LOC004,SUP010,2026-02-28,2026-03-07,2026-03-07,90,90,Delivered
PO-14932,MED002,LOC006,SUP010,2026-02-28,2026-03-07,2026-03-07,670,670,Delivered
PO-14933,MED003,LOC006,SUP001,2026-02-28,2026-03-03,2026-03-03,420,420,Delivered
PO-14934,MED007,LOC004,SUP011,2026-02-28,2026-03-03,2026-03-03,250,250,Delivered
PO-14935,MED010,LOC003,SUP007,2026-02-28,2026-03-04,2026-03-04,820,820,Delivered
PO-14936,MED017,LOC006,SUP001,2026-02-28,2026-03-05,2026-03-05,1130,1130,Delivered
PO-14937,MED021,LOC001,SUP002,2026-02-28,2026-03-04,2026-03-04,1770,1770,Delivered
PO-14938,MED021,LOC006,SUP002,2026-02-28,2026-03-04,2026-03-04,1370,1370,Delivered
PO-14939,MED022,LOC005,SUP002,2026-02-28,2026-03-04,2026-03-04,370,370,Delivered
PO-14940,MED023,LOC003,SUP002,2026-02-28,2026-03-04,2026-03-04,1510,1510,Delivered
PO-14941,MED024,LOC006,SUP009,2026-02-28,2026-03-05,2026-03-05,1370,1370,Delivered
PO-14942,MED026,LOC003,SUP002,2026-02-28,2026-03-06,2026-03-06,1910,1910,Delivered
PO-14943,MED029,LOC002,SUP015,2026-02-28,2026-03-03,2026-03-03,100,100,Delivered
PO-14944,MED042,LOC003,SUP003,2026-02-28,2026-03-02,2026-03-02,710,710,Delivered
PO-14945,MED045,LOC001,SUP004,2026-02-28,2026-03-05,2026-03-05,830,830,Delivered
PO-14946,MED048,LOC003,SUP015,2026-02-28,2026-03-02,2026-03-02,440,440,Delivered
PO-14947,MED056,LOC001,SUP005,2026-02-28,2026-03-05,2026-03-05,840,840,Delivered
PO-14948,MED059,LOC003,SUP015,2026-02-28,2026-03-03,2026-03-15,470,470,Delayed
PO-14949,MED060,LOC001,SUP015,2026-02-28,2026-03-02,2026-03-02,100,100,Delivered
PO-14950,MED061,LOC002,SUP004,2026-02-28,2026-03-07,2026-03-07,560,560,Delivered
PO-14951,MED061,LOC005,SUP004,2026-02-28,2026-03-07,2026-03-07,460,460,Delivered
PO-14952,MED067,LOC003,SUP012,2026-02-28,2026-03-06,2026-03-06,770,770,Delivered
PO-14953,MED069,LOC004,SUP004,2026-02-28,2026-03-07,2026-03-09,480,480,Delayed
PO-14954,MED071,LOC002,SUP014,2026-02-28,2026-03-06,2026-03-06,70,70,Delivered
PO-14955,MED072,LOC006,SUP006,2026-02-28,2026-03-07,2026-03-07,60,60,Delivered
PO-14956,MED073,LOC005,SUP004,2026-02-28,2026-03-06,2026-03-06,80,80,Delivered
PO-14957,MED003,LOC002,SUP001,2026-03-01,2026-03-04,2026-03-04,170,170,Delivered
PO-14958,MED006,LOC001,SUP001,2026-03-01,2026-03-06,2026-03-06,1150,1150,Delivered
PO-14959,MED008,LOC003,SUP001,2026-03-01,2026-03-06,2026-03-06,500,500,Delivered
PO-14960,MED011,LOC002,SUP011,2026-03-01,2026-03-06,2026-03-06,180,180,Delivered
PO-14961,MED011,LOC006,SUP011,2026-03-01,2026-03-06,2026-03-06,360,360,Delivered
PO-14962,MED013,LOC003,SUP007,2026-03-01,2026-03-06,2026-03-06,260,260,Delivered
PO-14963,MED025,LOC004,SUP002,2026-03-01,2026-03-06,2026-03-06,430,430,Delivered
PO-14964,MED033,LOC003,SUP004,2026-03-01,2026-03-07,2026-03-07,130,130,Delivered
PO-14965,MED036,LOC005,SUP003,2026-03-01,2026-03-03,2026-03-03,780,780,Delivered
PO-14966,MED041,LOC002,SUP015,2026-03-01,2026-03-03,2026-03-03,100,100,Delivered
PO-14967,MED043,LOC003,SUP003,2026-03-01,2026-03-03,2026-03-03,210,210,Delivered
PO-14968,MED045,LOC004,SUP004,2026-03-01,2026-03-06,2026-03-06,130,130,Delivered
PO-14969,MED046,LOC003,SUP015,2026-03-01,2026-03-05,2026-03-05,940,940,Delivered
PO-14970,MED047,LOC003,SUP015,2026-03-01,2026-03-04,2026-03-04,630,630,Delivered
PO-14971,MED055,LOC005,SUP015,2026-03-01,2026-03-04,2026-03-04,350,350,Delivered
PO-14972,MED058,LOC001,SUP008,2026-03-01,2026-03-06,2026-03-09,790,790,Delayed
PO-14973,MED058,LOC004,SUP008,2026-03-01,2026-03-06,2026-03-06,270,270,Delivered
PO-14974,MED062,LOC002,SUP004,2026-03-01,2026-03-06,2026-03-06,570,570,Delivered
PO-14975,MED063,LOC005,SUP004,2026-03-01,2026-03-08,2026-03-08,170,170,Delivered
PO-14976,MED064,LOC003,SUP005,2026-03-01,2026-03-06,2026-03-06,2170,2170,Delivered
PO-14977,MED008,LOC004,SUP001,2026-03-02,2026-03-07,2026-03-07,90,90,Delivered
PO-14978,MED009,LOC003,SUP007,2026-03-02,2026-03-06,2026-03-06,1320,1320,Delivered
PO-14979,MED010,LOC001,SUP007,2026-03-02,2026-03-06,2026-03-06,1030,1030,Delivered
PO-14980,MED010,LOC002,SUP007,2026-03-02,2026-03-06,2026-03-06,400,400,Delivered
PO-14981,MED011,LOC007,SUP011,2026-03-02,2026-03-07,2026-03-07,120,120,Delivered
PO-14982,MED012,LOC005,SUP007,2026-03-02,2026-03-06,2026-03-06,300,300,Delivered
PO-14983,MED013,LOC001,SUP007,2026-03-02,2026-03-07,2026-03-07,330,330,Delivered
PO-14984,MED014,LOC007,SUP007,2026-03-02,2026-03-05,2026-03-05,50,50,Delivered
PO-14985,MED017,LOC003,SUP001,2026-03-02,2026-03-07,2026-03-07,1200,1200,Delivered
PO-14986,MED018,LOC004,SUP001,2026-03-02,2026-03-05,2026-03-05,310,310,Delivered
PO-14987,MED022,LOC007,SUP002,2026-03-02,2026-03-06,2026-03-06,80,80,Delivered
PO-14988,MED024,LOC003,SUP009,2026-03-02,2026-03-07,2026-03-07,1440,1440,Delivered
PO-14989,MED028,LOC001,SUP002,2026-03-02,2026-03-07,2026-03-07,770,770,Delivered
PO-14990,MED029,LOC007,SUP015,2026-03-02,2026-03-05,2026-03-05,50,50,Delivered
PO-14991,MED030,LOC002,SUP004,2026-03-02,2026-03-07,2026-03-07,100,100,Delivered
PO-14992,MED035,LOC006,SUP015,2026-03-02,2026-03-04,2026-03-04,230,230,Delivered
PO-14993,MED037,LOC002,SUP015,2026-03-02,2026-03-06,2026-03-06,950,950,Delivered
PO-14994,MED037,LOC003,SUP015,2026-03-02,2026-03-06,2026-03-06,2010,2010,Delivered
PO-14995,MED042,LOC001,SUP003,2026-03-02,2026-03-04,2026-03-04,840,840,Delivered
PO-14996,MED043,LOC001,SUP003,2026-03-02,2026-03-04,2026-03-04,300,300,Delivered
PO-14997,MED044,LOC007,SUP010,2026-03-02,2026-03-07,2026-03-07,50,50,Delivered
PO-14998,MED050,LOC007,SUP005,2026-03-02,2026-03-06,2026-03-06,230,230,Delivered
PO-14999,MED053,LOC004,SUP010,2026-03-02,2026-03-08,2026-03-08,50,50,Delivered
PO-15000,MED062,LOC001,SUP004,2026-03-02,2026-03-07,2026-03-07,1510,1510,Delivered
PO-15001,MED064,LOC002,SUP005,2026-03-02,2026-03-07,2026-03-07,1050,1050,Delivered
PO-15002,MED065,LOC001,SUP015,2026-03-02,2026-03-04,2026-03-04,970,970,Delivered
PO-15003,MED065,LOC002,SUP015,2026-03-02,2026-03-04,2026-03-04,370,370,Delivered
PO-15004,MED071,LOC001,SUP014,2026-03-02,2026-03-08,2026-03-08,170,170,Delivered
PO-15005,MED071,LOC005,SUP014,2026-03-02,2026-03-08,2026-03-08,50,50,Delivered
PO-15006,MED075,LOC002,SUP004,2026-03-02,2026-03-08,2026-03-08,320,320,Delivered
PO-15007,MED001,LOC003,SUP001,2026-03-03,2026-03-08,2026-03-08,760,760,Delivered
PO-15008,MED005,LOC001,SUP001,2026-03-03,2026-03-08,2026-03-08,380,380,Delivered
PO-15009,MED009,LOC004,SUP007,2026-03-03,2026-03-07,2026-03-07,240,240,Delivered
PO-15010,MED012,LOC003,SUP007,2026-03-03,2026-03-07,2026-03-07,670,670,Delivered
PO-15011,MED013,LOC005,SUP007,2026-03-03,2026-03-08,2026-03-08,100,100,Delivered
PO-15012,MED015,LOC006,SUP011,2026-03-03,2026-03-06,2026-03-06,460,460,Delivered
PO-15013,MED015,LOC007,SUP011,2026-03-03,2026-03-06,2026-03-06,130,130,Delivered
PO-15014,MED016,LOC002,SUP001,2026-03-03,2026-03-07,2026-03-07,960,960,Delivered
PO-15015,MED017,LOC001,SUP001,2026-03-03,2026-03-08,2026-03-08,1500,1500,Delivered
PO-15016,MED024,LOC001,SUP009,2026-03-03,2026-03-08,2026-03-08,1880,1880,Delivered
PO-15017,MED025,LOC007,SUP002,2026-03-03,2026-03-08,2026-03-08,190,190,Delivered
PO-15018,MED026,LOC007,SUP002,2026-03-03,2026-03-09,2026-03-09,160,160,Delivered
PO-15019,MED032,LOC005,SUP009,2026-03-03,2026-03-06,2026-03-06,220,220,Delivered
PO-15020,MED034,LOC005,SUP013,2026-03-03,2026-03-09,2026-03-09,130,130,Delivered
PO-15021,MED035,LOC001,SUP015,2026-03-03,2026-03-05,2026-03-05,280,280,Delivered
PO-15022,MED035,LOC003,SUP015,2026-03-03,2026-03-05,2026-03-05,230,230,Delivered
PO-15023,MED039,LOC003,SUP006,2026-03-03,2026-03-11,2026-03-11,70,70,Delivered
PO-15024,MED041,LOC003,SUP015,2026-03-03,2026-03-05,2026-03-05,220,220,Delivered
PO-15025,MED046,LOC002,SUP015,2026-03-03,2026-03-07,2026-03-07,420,420,Delivered
PO-15026,MED052,LOC007,SUP015,2026-03-03,2026-03-06,2026-03-06,50,50,Delivered
PO-15027,MED054,LOC003,SUP015,2026-03-03,2026-03-05,2026-03-05,370,370,Delivered
PO-15028,MED054,LOC006,SUP015,2026-03-03,2026-03-05,2026-03-05,270,270,Delivered
PO-15029,MED056,LOC005,SUP005,2026-03-03,2026-03-08,2026-03-08,280,280,Delivered
PO-15030,MED057,LOC002,SUP008,2026-03-03,2026-03-07,2026-03-07,300,300,Delivered
PO-15031,MED059,LOC005,SUP015,2026-03-03,2026-03-06,2026-03-18,220,220,Delayed
PO-15032,MED061,LOC006,SUP004,2026-03-03,2026-03-10,2026-03-10,890,890,Delivered
PO-15033,MED063,LOC001,SUP004,2026-03-03,2026-03-10,2026-03-10,490,490,Delivered
PO-15034,MED064,LOC007,SUP005,2026-03-03,2026-03-08,2026-03-08,130,130,Delivered
PO-15035,MED067,LOC005,SUP012,2026-03-03,2026-03-09,2026-03-09,370,370,Delivered
PO-15036,MED069,LOC007,SUP004,2026-03-03,2026-03-10,2026-03-10,200,200,Delivered
PO-15037,MED001,LOC006,SUP001,2026-03-04,2026-03-09,2026-03-09,1050,1050,Delivered
PO-15038,MED004,LOC002,SUP001,2026-03-04,2026-03-08,2026-03-08,170,170,Delivered
PO-15039,MED007,LOC003,SUP011,2026-03-04,2026-03-07,2026-03-07,1270,1270,Delivered
PO-15040,MED010,LOC007,SUP007,2026-03-04,2026-03-08,2026-03-08,70,70,Delivered
PO-15041,MED011,LOC003,SUP011,2026-03-04,2026-03-09,2026-03-09,370,370,Delivered
PO-15042,MED012,LOC002,SUP007,2026-03-04,2026-03-08,2026-03-08,330,330,Delivered
PO-15043,MED013,LOC002,SUP007,2026-03-04,2026-03-09,2026-03-09,120,120,Delivered
PO-15044,MED016,LOC005,SUP001,2026-03-04,2026-03-08,2026-03-08,870,870,Delivered
PO-15045,MED024,LOC002,SUP009,2026-03-04,2026-03-09,2026-03-09,740,740,Delivered
PO-15046,MED026,LOC001,SUP002,2026-03-04,2026-03-10,2026-03-10,2450,2450,Delivered
PO-15047,MED027,LOC002,SUP009,2026-03-04,2026-03-09,2026-03-09,460,460,Delivered
PO-15048,MED028,LOC006,SUP002,2026-03-04,2026-03-09,2026-03-09,520,520,Delivered
PO-15049,MED031,LOC001,SUP015,2026-03-04,2026-03-07,2026-03-07,1470,1470,Delivered
PO-15050,MED033,LOC002,SUP004,2026-03-04,2026-03-10,2026-03-10,70,70,Delivered
PO-15051,MED036,LOC007,SUP003,2026-03-04,2026-03-06,2026-03-06,140,140,Delivered
PO-15052,MED047,LOC002,SUP015,2026-03-04,2026-03-07,2026-03-07,310,310,Delivered
PO-15053,MED048,LOC001,SUP015,2026-03-04,2026-03-06,2026-03-06,500,500,Delivered
PO-15054,MED054,LOC005,SUP015,2026-03-04,2026-03-06,2026-03-06,140,140,Delivered
PO-15055,MED056,LOC006,SUP005,2026-03-04,2026-03-09,2026-03-09,620,620,Delivered
PO-15056,MED057,LOC003,SUP008,2026-03-04,2026-03-08,2026-03-08,550,550,Delivered
PO-15057,MED062,LOC006,SUP004,2026-03-04,2026-03-09,2026-03-09,1010,1010,Delivered
PO-15058,MED064,LOC004,SUP005,2026-03-04,2026-03-09,2026-03-09,400,400,Delivered
PO-15059,MED071,LOC006,SUP014,2026-03-04,2026-03-10,2026-03-10,90,90,Delivered
PO-15060,MED075,LOC005,SUP004,2026-03-04,2026-03-10,2026-03-10,290,290,Delivered
PO-15061,MED003,LOC004,SUP001,2026-03-05,2026-03-08,2026-03-08,50,50,Delivered
PO-15062,MED005,LOC003,SUP001,2026-03-05,2026-03-10,2026-03-10,290,290,Delivered
PO-15063,MED005,LOC005,SUP001,2026-03-05,2026-03-10,2026-03-10,100,100,Delivered
PO-15064,MED009,LOC007,SUP007,2026-03-05,2026-03-09,2026-03-09,110,110,Delivered
PO-15065,MED010,LOC005,SUP007,2026-03-05,2026-03-09,2026-03-09,330,330,Delivered
PO-15066,MED014,LOC002,SUP007,2026-03-05,2026-03-08,2026-03-08,200,200,Delivered
PO-15067,MED014,LOC005,SUP007,2026-03-05,2026-03-08,2026-03-08,150,150,Delivered
PO-15068,MED017,LOC005,SUP001,2026-03-05,2026-03-10,2026-03-10,420,420,Delivered
PO-15069,MED017,LOC007,SUP001,2026-03-05,2026-03-10,2026-03-10,110,110,Delivered
PO-15070,MED019,LOC001,SUP015,2026-03-05,2026-03-08,2026-03-08,1280,1280,Delivered
PO-15071,MED020,LOC001,SUP004,2026-03-05,2026-03-10,2026-03-10,1040,1040,Delivered
PO-15072,MED020,LOC005,SUP004,2026-03-05,2026-03-10,2026-03-10,330,330,Delivered
PO-15073,MED026,LOC004,SUP002,2026-03-05,2026-03-11,2026-03-12,340,340,Delayed
PO-15074,MED027,LOC004,SUP009,2026-03-05,2026-03-10,2026-03-10,160,160,Delivered
PO-15075,MED032,LOC001,SUP009,2026-03-05,2026-03-08,2026-03-08,680,680,Delivered
PO-15076,MED037,LOC005,SUP015,2026-03-05,2026-03-09,2026-03-09,810,810,Delivered
PO-15077,MED040,LOC004,SUP004,2026-03-05,2026-03-10,2026-03-10,50,50,Delivered
PO-15078,MED047,LOC006,SUP015,2026-03-05,2026-03-08,2026-03-08,530,530,Delivered
PO-15079,MED053,LOC002,SUP010,2026-03-05,2026-03-11,2026-03-11,130,130,Delivered
PO-15080,MED053,LOC006,SUP010,2026-03-05,2026-03-11,2026-03-11,340,340,Delivered
PO-15081,MED054,LOC001,SUP015,2026-03-05,2026-03-07,2026-03-07,400,400,Delivered
PO-15082,MED055,LOC003,SUP015,2026-03-05,2026-03-08,2026-03-08,870,870,Delivered
PO-15083,MED055,LOC004,SUP015,2026-03-05,2026-03-08,2026-03-08,170,170,Delivered
PO-15084,MED056,LOC002,SUP005,2026-03-05,2026-03-10,2026-03-10,410,410,Delivered
PO-15085,MED058,LOC003,SUP008,2026-03-05,2026-03-10,2026-03-10,640,640,Delivered
PO-15086,MED063,LOC002,SUP004,2026-03-05,2026-03-12,2026-03-12,230,230,Delivered
PO-15087,MED063,LOC004,SUP004,2026-03-05,2026-03-12,2026-03-12,100,100,Delivered
PO-15088,MED063,LOC007,SUP004,2026-03-05,2026-03-12,2026-03-15,50,50,Delayed
PO-15089,MED066,LOC001,SUP004,2026-03-05,2026-03-11,2026-03-12,1250,1250,Delayed
PO-15090,MED066,LOC006,SUP004,2026-03-05,2026-03-11,2026-03-12,970,970,Delayed
PO-15091,MED068,LOC001,SUP004,2026-03-05,2026-03-11,2026-03-11,4540,4540,Delivered
PO-15092,MED068,LOC005,SUP004,2026-03-05,2026-03-11,2026-03-11,1470,1470,Delivered
PO-15093,MED069,LOC002,SUP004,2026-03-05,2026-03-12,2026-03-12,1240,1240,Delivered
PO-15094,MED069,LOC003,SUP004,2026-03-05,2026-03-12,2026-03-12,2530,2530,Delivered
PO-15095,MED070,LOC001,SUP004,2026-03-05,2026-03-11,2026-03-11,580,580,Delivered
PO-15096,MED070,LOC003,SUP004,2026-03-05,2026-03-11,2026-03-11,430,430,Delivered
PO-15097,MED072,LOC003,SUP006,2026-03-05,2026-03-12,2026-03-14,60,60,Delayed
PO-15098,MED073,LOC004,SUP004,2026-03-05,2026-03-11,2026-03-11,50,50,Delivered
PO-15099,MED075,LOC001,SUP004,2026-03-05,2026-03-11,2026-03-11,800,800,Delivered
PO-15100,MED075,LOC004,SUP004,2026-03-05,2026-03-11,2026-03-11,50,50,Delivered
PO-15101,MED002,LOC001,SUP010,2026-03-06,2026-03-13,2026-03-13,570,570,Delivered
PO-15102,MED003,LOC005,SUP001,2026-03-06,2026-03-09,2026-03-09,130,130,Delivered
PO-15103,MED004,LOC003,SUP001,2026-03-06,2026-03-10,2026-03-10,310,310,Delivered
PO-15104,MED004,LOC005,SUP001,2026-03-06,2026-03-10,2026-03-10,150,150,Delivered
PO-15105,MED006,LOC006,SUP001,2026-03-06,2026-03-11,2026-03-11,1360,1360,Delivered
PO-15106,MED008,LOC006,SUP001,2026-03-06,2026-03-11,2026-03-11,440,440,Delivered
PO-15107,MED010,LOC006,SUP007,2026-03-06,2026-03-10,2026-03-10,790,790,Delivered
PO-15108,MED011,LOC001,SUP011,2026-03-06,2026-03-11,2026-03-11,490,490,Delivered
PO-15109,MED011,LOC004,SUP011,2026-03-06,2026-03-11,2026-03-11,60,60,Delivered
PO-15110,MED014,LOC006,SUP007,2026-03-06,2026-03-09,2026-03-09,390,390,Delivered
PO-15111,MED018,LOC001,SUP001,2026-03-06,2026-03-09,2026-03-09,2020,2020,Delivered
PO-15112,MED019,LOC006,SUP015,2026-03-06,2026-03-09,2026-03-09,940,940,Delivered
PO-15113,MED020,LOC007,SUP004,2026-03-06,2026-03-11,2026-03-11,220,220,Delivered
PO-15114,MED026,LOC002,SUP002,2026-03-06,2026-03-12,2026-03-12,960,960,Delivered
PO-15115,MED028,LOC002,SUP002,2026-03-06,2026-03-11,2026-03-11,290,290,Delivered
PO-15116,MED029,LOC005,SUP015,2026-03-06,2026-03-09,2026-03-09,110,110,Delivered
PO-15117,MED030,LOC004,SUP004,2026-03-06,2026-03-11,2026-03-11,50,50,Delivered
PO-15118,MED030,LOC006,SUP004,2026-03-06,2026-03-11,2026-03-11,180,180,Delivered
PO-15119,MED041,LOC001,SUP015,2026-03-06,2026-03-08,2026-03-08,250,250,Delivered
PO-15120,MED044,LOC001,SUP010,2026-03-06,2026-03-11,2026-03-11,600,600,Delivered
PO-15121,MED044,LOC003,SUP010,2026-03-06,2026-03-11,2026-03-13,400,400,Delayed
PO-15122,MED045,LOC002,SUP004,2026-03-06,2026-03-11,2026-03-11,310,310,Delivered
PO-15123,MED047,LOC004,SUP015,2026-03-06,2026-03-09,2026-03-09,120,120,Delivered
PO-15124,MED049,LOC003,SUP015,2026-03-06,2026-03-09,2026-03-09,2000,2000,Delivered
PO-15125,MED049,LOC006,SUP015,2026-03-06,2026-03-09,2026-03-09,1840,1840,Delivered
PO-15126,MED051,LOC007,SUP015,2026-03-06,2026-03-08,2026-03-08,160,160,Delivered
PO-15127,MED052,LOC005,SUP015,2026-03-06,2026-03-09,2026-03-09,150,150,Delivered
PO-15128,MED053,LOC001,SUP010,2026-03-06,2026-03-12,2026-03-13,320,320,Delayed
PO-15129,MED056,LOC003,SUP005,2026-03-06,2026-03-11,2026-03-11,640,640,Delivered
PO-15130,MED062,LOC003,SUP004,2026-03-06,2026-03-11,2026-03-11,1190,1190,Delivered
PO-15131,MED066,LOC002,SUP004,2026-03-06,2026-03-12,2026-03-12,520,520,Delivered
PO-15132,MED066,LOC003,SUP004,2026-03-06,2026-03-12,2026-03-12,1010,1010,Delivered
PO-15133,MED067,LOC001,SUP012,2026-03-06,2026-03-12,2026-03-14,1090,1090,Delayed
PO-15134,MED069,LOC001,SUP004,2026-03-06,2026-03-13,2026-03-13,3370,3370,Delivered
PO-15135,MED069,LOC005,SUP004,2026-03-06,2026-03-13,2026-03-13,1030,1030,Delivered
PO-15136,MED070,LOC005,SUP004,2026-03-06,2026-03-12,2026-03-12,190,190,Delivered
PO-15137,MED074,LOC001,SUP006,2026-03-06,2026-03-14,2026-03-14,90,90,Delivered
PO-15138,MED075,LOC003,SUP004,2026-03-06,2026-03-12,2026-03-12,620,620,Delivered
PO-15139,MED002,LOC003,SUP010,2026-03-07,2026-03-14,2026-03-14,530,530,Delivered
PO-15140,MED002,LOC005,SUP010,2026-03-07,2026-03-14,2026-03-14,200,200,Delivered
PO-15141,MED002,LOC007,SUP010,2026-03-07,2026-03-14,2026-03-14,50,50,Delivered
PO-15142,MED005,LOC002,SUP001,2026-03-07,2026-03-12,2026-03-12,120,120,Delivered
PO-15143,MED016,LOC007,SUP001,2026-03-07,2026-03-11,2026-03-11,130,130,Delivered
PO-15144,MED017,LOC002,SUP001,2026-03-07,2026-03-12,2026-03-12,590,590,Delivered
PO-15145,MED017,LOC004,SUP001,2026-03-07,2026-03-12,2026-03-12,240,240,Delivered
PO-15146,MED018,LOC006,SUP001,2026-03-07,2026-03-10,2026-03-10,1430,1430,Delivered
PO-15147,MED026,LOC005,SUP002,2026-03-07,2026-03-13,2026-03-13,790,790,Delivered
PO-15148,MED028,LOC003,SUP002,2026-03-07,2026-03-12,2026-03-12,550,550,Delivered
PO-15149,MED030,LOC003,SUP004,2026-03-07,2026-03-12,2026-03-12,170,170,Delivered
PO-15150,MED040,LOC002,SUP004,2026-03-07,2026-03-12,2026-03-12,60,60,Delivered
PO-15151,MED040,LOC003,SUP004,2026-03-07,2026-03-12,2026-03-12,150,150,Delivered
PO-15152,MED041,LOC006,SUP015,2026-03-07,2026-03-09,2026-03-09,190,190,Delivered
PO-15153,MED044,LOC002,SUP010,2026-03-07,2026-03-12,2026-03-12,210,210,Delivered
PO-15154,MED045,LOC005,SUP004,2026-03-07,2026-03-12,2026-03-12,260,260,Delivered
PO-15155,MED045,LOC007,SUP004,2026-03-07,2026-03-12,2026-03-12,50,50,Delivered
PO-15156,MED046,LOC005,SUP015,2026-03-07,2026-03-11,2026-03-11,380,380,Delivered
PO-15157,MED048,LOC004,SUP015,2026-03-07,2026-03-09,2026-03-09,60,60,Delivered
PO-15158,MED048,LOC006,SUP015,2026-03-07,2026-03-09,2026-03-09,370,370,Delivered
PO-15159,MED050,LOC001,SUP005,2026-03-07,2026-03-11,2026-03-11,3780,3780,Delivered
PO-15160,MED052,LOC006,SUP015,2026-03-07,2026-03-10,2026-03-10,370,370,Delivered
PO-15161,MED057,LOC004,SUP008,2026-03-07,2026-03-11,2026-03-11,290,290,Delivered
PO-15162,MED064,LOC005,SUP005,2026-03-07,2026-03-12,2026-03-12,930,930,Delivered
PO-15163,MED067,LOC006,SUP012,2026-03-07,2026-03-13,2026-03-13,800,800,Delivered
PO-15164,MED074,LOC004,SUP006,2026-03-07,2026-03-15,2026-03-15,50,50,Delivered
PO-15165,MED075,LOC006,SUP004,2026-03-07,2026-03-13,2026-03-13,600,600,Delivered
PO-15166,MED002,LOC002,SUP010,2026-03-08,2026-03-15,2026-03-15,230,230,Delivered
PO-15167,MED006,LOC003,SUP001,2026-03-08,2026-03-13,2026-03-13,810,810,Delivered
PO-15168,MED015,LOC005,SUP011,2026-03-08,2026-03-11,2026-03-11,200,200,Delivered
PO-15169,MED020,LOC002,SUP004,2026-03-08,2026-03-13,2026-03-13,380,380,Delivered
PO-15170,MED026,LOC006,SUP002,2026-03-08,2026-03-14,2026-03-14,1820,1820,Delivered
PO-15171,MED029,LOC004,SUP015,2026-03-08,2026-03-11,2026-03-11,50,50,Delivered
PO-15172,MED031,LOC006,SUP015,2026-03-08,2026-03-11,2026-03-11,990,990,Delivered
PO-15173,MED034,LOC004,SUP013,2026-03-08,2026-03-14,2026-03-14,50,50,Delivered
PO-15174,MED039,LOC005,SUP006,2026-03-08,2026-03-16,2026-03-17,50,50,Delayed
PO-15175,MED040,LOC006,SUP004,2026-03-08,2026-03-13,2026-03-13,110,110,Delivered
PO-15176,MED042,LOC005,SUP003,2026-03-08,2026-03-10,2026-03-10,290,290,Delivered
PO-15177,MED042,LOC006,SUP003,2026-03-08,2026-03-10,2026-03-10,600,600,Delivered
PO-15178,MED044,LOC004,SUP010,2026-03-08,2026-03-13,2026-03-13,90,90,Delivered
PO-15179,MED045,LOC003,SUP004,2026-03-08,2026-03-13,2026-03-13,670,670,Delivered
PO-15180,MED047,LOC005,SUP015,2026-03-08,2026-03-11,2026-03-11,260,260,Delivered
PO-15181,MED050,LOC003,SUP005,2026-03-08,2026-03-12,2026-03-12,2820,2820,Delivered
PO-15182,MED055,LOC001,SUP015,2026-03-08,2026-03-11,2026-03-11,1080,1080,Delivered
PO-15183,MED055,LOC002,SUP015,2026-03-08,2026-03-11,2026-03-11,450,450,Delivered
PO-15184,MED056,LOC004,SUP005,2026-03-08,2026-03-13,2026-03-13,310,310,Delivered
PO-15185,MED059,LOC006,SUP015,2026-03-08,2026-03-11,2026-03-23,510,510,Delayed
PO-15186,MED066,LOC004,SUP004,2026-03-08,2026-03-14,2026-03-14,180,180,Delivered
PO-15187,MED066,LOC005,SUP004,2026-03-08,2026-03-14,2026-03-14,430,430,Delivered
PO-15188,MED068,LOC002,SUP004,2026-03-08,2026-03-14,2026-03-14,1790,1790,Delivered
PO-15189,MED068,LOC003,SUP004,2026-03-08,2026-03-14,2026-03-14,3350,3350,Delivered
PO-15190,MED068,LOC006,SUP004,2026-03-08,2026-03-14,2026-03-14,4670,4670,Delivered
PO-15191,MED070,LOC004,SUP004,2026-03-08,2026-03-14,2026-03-17,50,50,Delayed
PO-15192,MED070,LOC006,SUP004,2026-03-08,2026-03-14,2026-03-14,410,410,Delivered
PO-15193,MED071,LOC003,SUP014,2026-03-08,2026-03-14,2026-03-14,110,110,Delivered
PO-15194,MED074,LOC005,SUP006,2026-03-08,2026-03-16,2026-03-16,50,50,Delivered
PO-15195,MED001,LOC002,SUP001,2026-03-09,2026-03-14,2026-03-14,350,350,Delivered
PO-15196,MED006,LOC005,SUP001,2026-03-09,2026-03-14,2026-03-14,390,390,Delivered
PO-15197,MED007,LOC001,SUP011,2026-03-09,2026-03-12,2026-03-12,1690,1690,Delivered
PO-15198,MED009,LOC005,SUP007,2026-03-09,2026-03-13,2026-03-13,530,530,Delivered
PO-15199,MED018,LOC007,SUP001,2026-03-09,2026-03-12,2026-03-12,120,120,Delivered
PO-15200,MED021,LOC005,SUP002,2026-03-09,2026-03-13,2026-03-13,560,560,Delivered
PO-15201,MED022,LOC002,SUP002,2026-03-09,2026-03-13,2026-03-13,380,380,Delivered
PO-15202,MED023,LOC001,SUP002,2026-03-09,2026-03-13,2026-03-13,1540,1540,Delivered
PO-15203,MED023,LOC006,SUP002,2026-03-09,2026-03-13,2026-03-13,1140,1140,Delivered
PO-15204,MED028,LOC005,SUP002,2026-03-09,2026-03-14,2026-03-14,250,250,Delivered
PO-15205,MED029,LOC002,SUP015,2026-03-09,2026-03-12,2026-03-12,150,150,Delivered
PO-15206,MED030,LOC001,SUP004,2026-03-09,2026-03-14,2026-03-14,270,270,Delivered
PO-15207,MED031,LOC004,SUP015,2026-03-09,2026-03-12,2026-03-12,200,200,Delivered
PO-15208,MED033,LOC006,SUP004,2026-03-09,2026-03-15,2026-03-16,140,140,Delayed
PO-15209,MED036,LOC004,SUP003,2026-03-09,2026-03-11,2026-03-11,320,320,Delivered
PO-15210,MED040,LOC001,SUP004,2026-03-09,2026-03-14,2026-03-15,180,180,Delayed
PO-15211,MED044,LOC005,SUP010,2026-03-09,2026-03-14,2026-03-14,180,180,Delivered
PO-15212,MED049,LOC007,SUP015,2026-03-09,2026-03-12,2026-03-12,150,150,Delivered
PO-15213,MED058,LOC002,SUP008,2026-03-09,2026-03-14,2026-03-14,330,330,Delivered
PO-15214,MED058,LOC007,SUP008,2026-03-09,2026-03-14,2026-03-14,60,60,Delivered
PO-15215,MED062,LOC005,SUP004,2026-03-09,2026-03-14,2026-03-14,450,450,Delivered
PO-15216,MED067,LOC002,SUP012,2026-03-09,2026-03-15,2026-03-15,460,460,Delivered
PO-15217,MED067,LOC004,SUP012,2026-03-09,2026-03-15,2026-03-15,170,170,Delivered
PO-15218,MED068,LOC004,SUP004,2026-03-09,2026-03-15,2026-03-15,600,600,Delivered
PO-15219,MED072,LOC001,SUP006,2026-03-09,2026-03-16,2026-03-16,70,70,Delivered
PO-15220,MED073,LOC006,SUP004,2026-03-09,2026-03-15,2026-03-15,150,150,Delivered
PO-15221,MED008,LOC005,SUP001,2026-03-10,2026-03-15,2026-03-15,240,240,Delivered
PO-15222,MED012,LOC006,SUP007,2026-03-10,2026-03-14,2026-03-14,580,580,Delivered
PO-15223,MED012,LOC007,SUP007,2026-03-10,2026-03-14,2026-03-14,50,50,Delivered
PO-15224,MED013,LOC006,SUP007,2026-03-10,2026-03-15,2026-03-15,240,240,Delivered
PO-15225,MED015,LOC001,SUP011,2026-03-10,2026-03-13,2026-03-13,590,590,Delivered
PO-15226,MED016,LOC006,SUP001,2026-03-10,2026-03-14,2026-03-14,1810,1810,Delivered
PO-15227,MED019,LOC004,SUP015,2026-03-10,2026-03-13,2026-03-13,200,200,Delivered
PO-15228,MED020,LOC004,SUP004,2026-03-10,2026-03-15,2026-03-15,170,170,Delivered
PO-15229,MED032,LOC006,SUP009,2026-03-10,2026-03-13,2026-03-13,520,520,Delivered
PO-15230,MED033,LOC005,SUP004,2026-03-10,2026-03-16,2026-03-16,60,60,Delivered
PO-15231,MED034,LOC003,SUP013,2026-03-10,2026-03-16,2026-03-16,250,250,Delivered
PO-15232,MED036,LOC002,SUP003,2026-03-10,2026-03-12,2026-03-12,920,920,Delivered
PO-15233,MED038,LOC003,SUP015,2026-03-10,2026-03-12,2026-03-12,90,90,Delivered
PO-15234,MED043,LOC005,SUP003,2026-03-10,2026-03-12,2026-03-12,100,100,Delivered
PO-15235,MED045,LOC006,SUP004,2026-03-10,2026-03-15,2026-03-15,650,650,Delivered
PO-15236,MED050,LOC004,SUP005,2026-03-10,2026-03-14,2026-03-14,1180,1180,Delivered
PO-15237,MED055,LOC006,SUP015,2026-03-10,2026-03-13,2026-03-13,800,800,Delivered
PO-15238,MED057,LOC001,SUP008,2026-03-10,2026-03-14,2026-03-15,730,730,Delayed
PO-15239,MED060,LOC005,SUP015,2026-03-10,2026-03-12,2026-03-12,50,50,Delivered
PO-15240,MED060,LOC006,SUP015,2026-03-10,2026-03-12,2026-03-12,90,90,Delivered
PO-15241,MED062,LOC007,SUP004,2026-03-10,2026-03-15,2026-03-15,90,90,Delivered
PO-15242,MED063,LOC006,SUP004,2026-03-10,2026-03-17,2026-03-17,320,320,Delivered
PO-15243,MED065,LOC005,SUP015,2026-03-10,2026-03-12,2026-03-12,310,310,Delivered
PO-15244,MED066,LOC007,SUP004,2026-03-10,2026-03-16,2026-03-16,90,90,Delivered
PO-15245,MED069,LOC006,SUP004,2026-03-10,2026-03-17,2026-03-18,3580,3580,Delayed
PO-15246,MED073,LOC002,SUP004,2026-03-10,2026-03-16,2026-03-16,100,100,Delivered
PO-15247,MED001,LOC005,SUP001,2026-03-11,2026-03-16,2026-03-16,290,290,Delivered
PO-15248,MED005,LOC004,SUP001,2026-03-11,2026-03-16,2026-03-16,60,60,Delivered
PO-15249,MED006,LOC002,SUP001,2026-03-11,2026-03-16,2026-03-16,420,420,Delivered
PO-15250,MED007,LOC002,SUP011,2026-03-11,2026-03-14,2026-03-14,640,640,Delivered
PO-15251,MED007,LOC007,SUP011,2026-03-11,2026-03-14,2026-03-14,350,350,Delivered
PO-15252,MED014,LOC001,SUP007,2026-03-11,2026-03-14,2026-03-14,500,500,Delivered
PO-15253,MED015,LOC003,SUP011,2026-03-11,2026-03-14,2026-03-14,510,510,Delivered
PO-15254,MED015,LOC004,SUP011,2026-03-11,2026-03-14,2026-03-14,90,90,Delivered
PO-15255,MED031,LOC003,SUP015,2026-03-11,2026-03-14,2026-03-14,1150,1150,Delivered
PO-15256,MED034,LOC006,SUP013,2026-03-11,2026-03-17,2026-03-17,240,240,Delivered
PO-15257,MED034,LOC007,SUP013,2026-03-11,2026-03-17,2026-03-17,50,50,Delivered
PO-15258,MED037,LOC001,SUP015,2026-03-11,2026-03-15,2026-03-15,2560,2560,Delivered
PO-15259,MED037,LOC004,SUP015,2026-03-11,2026-03-15,2026-03-15,350,350,Delivered
PO-15260,MED037,LOC006,SUP015,2026-03-11,2026-03-15,2026-03-15,1880,1880,Delivered
PO-15261,MED042,LOC002,SUP003,2026-03-11,2026-03-13,2026-03-13,330,330,Delivered
PO-15262,MED047,LOC001,SUP015,2026-03-11,2026-03-14,2026-03-14,730,730,Delivered
PO-15263,MED048,LOC002,SUP015,2026-03-11,2026-03-13,2026-03-13,210,210,Delivered
PO-15264,MED049,LOC001,SUP015,2026-03-11,2026-03-14,2026-03-14,2590,2590,Delivered
PO-15265,MED049,LOC002,SUP015,2026-03-11,2026-03-14,2026-03-14,1000,1000,Delivered
PO-15266,MED053,LOC003,SUP010,2026-03-11,2026-03-17,2026-03-17,260,260,Delivered
PO-15267,MED055,LOC007,SUP015,2026-03-11,2026-03-14,2026-03-14,80,80,Delivered
PO-15268,MED057,LOC006,SUP008,2026-03-11,2026-03-15,2026-03-18,590,590,Delayed
PO-15269,MED065,LOC003,SUP015,2026-03-11,2026-03-13,2026-03-13,680,680,Delivered
PO-15270,MED065,LOC007,SUP015,2026-03-11,2026-03-13,2026-03-13,60,60,Delivered
PO-15271,MED001,LOC001,SUP001,2026-03-12,2026-03-17,2026-03-17,960,960,Delivered
PO-15272,MED005,LOC006,SUP001,2026-03-12,2026-03-17,2026-03-17,400,400,Delivered
PO-15273,MED007,LOC006,SUP011,2026-03-12,2026-03-15,2026-03-15,1090,1090,Delivered
PO-15274,MED008,LOC007,SUP001,2026-03-12,2026-03-17,2026-03-17,150,150,Delivered
PO-15275,MED012,LOC001,SUP007,2026-03-12,2026-03-16,2026-03-16,820,820,Delivered
PO-15276,MED015,LOC002,SUP011,2026-03-12,2026-03-15,2026-03-15,230,230,Delivered
PO-15277,MED018,LOC003,SUP001,2026-03-12,2026-03-15,2026-03-15,1570,1570,Delivered
PO-15278,MED019,LOC003,SUP015,2026-03-12,2026-03-15,2026-03-15,850,850,Delivered
PO-15279,MED022,LOC003,SUP002,2026-03-12,2026-03-16,2026-03-16,790,790,Delivered
PO-15280,MED027,LOC006,SUP009,2026-03-12,2026-03-17,2026-03-17,670,670,Delivered
PO-15281,MED033,LOC003,SUP004,2026-03-12,2026-03-18,2026-03-18,150,150,Delivered
PO-15282,MED033,LOC004,SUP004,2026-03-12,2026-03-18,2026-03-20,50,50,Delayed
PO-15283,MED038,LOC001,SUP015,2026-03-12,2026-03-14,2026-03-14,130,130,Delivered
PO-15284,MED038,LOC005,SUP015,2026-03-12,2026-03-14,2026-03-14,60,60,Delivered
PO-15285,MED040,LOC005,SUP004,2026-03-12,2026-03-17,2026-03-17,50,50,Delivered
PO-15286,MED043,LOC004,SUP003,2026-03-12,2026-03-14,2026-03-14,50,50,Delivered
PO-15287,MED046,LOC006,SUP015,2026-03-12,2026-03-16,2026-03-16,910,910,Delivered
PO-15288,MED046,LOC007,SUP015,2026-03-12,2026-03-16,2026-03-16,80,80,Delivered
PO-15289,MED048,LOC005,SUP015,2026-03-12,2026-03-14,2026-03-14,160,160,Delivered
PO-15290,MED057,LOC007,SUP008,2026-03-12,2026-03-16,2026-03-16,50,50,Delivered
PO-15291,MED059,LOC001,SUP015,2026-03-12,2026-03-15,2026-03-27,670,670,Delayed
PO-15292,MED073,LOC005,SUP004,2026-03-12,2026-03-18,2026-03-18,90,90,Delivered
PO-15293,MED008,LOC001,SUP001,2026-03-13,2026-03-18,2026-03-18,630,630,Delivered
PO-15294,MED009,LOC006,SUP007,2026-03-13,2026-03-17,2026-03-17,1190,1190,Delivered
PO-15295,MED014,LOC003,SUP007,2026-03-13,2026-03-16,2026-03-16,390,390,Delivered
PO-15296,MED018,LOC002,SUP001,2026-03-13,2026-03-16,2026-03-16,750,750,Delivered
PO-15297,MED018,LOC005,SUP001,2026-03-13,2026-03-16,2026-03-16,680,680,Delivered
PO-15298,MED021,LOC003,SUP002,2026-03-13,2026-03-17,2026-03-17,1380,1380,Delivered
PO-15299,MED022,LOC001,SUP002,2026-03-13,2026-03-17,2026-03-17,1010,1010,Delivered
PO-15300,MED022,LOC004,SUP002,2026-03-13,2026-03-17,2026-03-17,140,140,Delivered
PO-15301,MED029,LOC001,SUP015,2026-03-13,2026-03-16,2026-03-16,320,320,Delivered
PO-15302,MED033,LOC001,SUP004,2026-03-13,2026-03-19,2026-03-19,180,180,Delivered
PO-15303,MED033,LOC002,SUP004,2026-03-13,2026-03-19,2026-03-19,90,90,Delivered
PO-15304,MED034,LOC001,SUP013,2026-03-13,2026-03-19,2026-03-20,340,340,Delayed
PO-15305,MED035,LOC004,SUP015,2026-03-13,2026-03-15,2026-03-15,50,50,Delivered
PO-15306,MED035,LOC005,SUP015,2026-03-13,2026-03-15,2026-03-15,110,110,Delivered
PO-15307,MED036,LOC001,SUP003,2026-03-13,2026-03-15,2026-03-15,2450,2450,Delivered
PO-15308,MED038,LOC002,SUP015,2026-03-13,2026-03-15,2026-03-15,60,60,Delivered
PO-15309,MED047,LOC007,SUP015,2026-03-13,2026-03-16,2026-03-16,50,50,Delivered
PO-15310,MED052,LOC001,SUP015,2026-03-13,2026-03-16,2026-03-16,410,410,Delivered
PO-15311,MED058,LOC004,SUP008,2026-03-13,2026-03-18,2026-03-18,300,300,Delivered
PO-15312,MED062,LOC004,SUP004,2026-03-13,2026-03-18,2026-03-18,230,230,Delivered
PO-15313,MED063,LOC003,SUP004,2026-03-13,2026-03-20,2026-03-20,350,350,Delivered
PO-15314,MED064,LOC001,SUP005,2026-03-13,2026-03-18,2026-03-18,2680,2680,Delivered
PO-15315,MED069,LOC004,SUP004,2026-03-13,2026-03-20,2026-03-20,510,510,Delivered
PO-15316,MED070,LOC002,SUP004,2026-03-13,2026-03-19,2026-03-19,200,200,Delivered
PO-15317,MED071,LOC006,SUP014,2026-03-13,2026-03-19,2026-03-20,110,110,Delayed
PO-15318,MED072,LOC006,SUP006,2026-03-13,2026-03-20,2026-03-20,60,60,Delivered
PO-15319,MED074,LOC003,SUP006,2026-03-13,2026-03-21,2026-03-21,80,80,Delivered
PO-15320,MED074,LOC006,SUP006,2026-03-13,2026-03-21,2026-03-21,110,110,Delivered
PO-15321,MED001,LOC004,SUP001,2026-03-14,2026-03-19,2026-03-19,110,110,Delivered
PO-15322,MED003,LOC003,SUP001,2026-03-14,2026-03-17,2026-03-17,270,270,Delivered
PO-15323,MED011,LOC002,SUP011,2026-03-14,2026-03-19,2026-03-19,190,190,Delivered
PO-15324,MED011,LOC005,SUP011,2026-03-14,2026-03-19,2026-03-19,170,170,Delivered
PO-15325,MED014,LOC004,SUP007,2026-03-14,2026-03-17,2026-03-17,80,80,Delivered
PO-15326,MED019,LOC002,SUP015,2026-03-14,2026-03-17,2026-03-20,570,570,Delayed
PO-15327,MED019,LOC005,SUP015,2026-03-14,2026-03-17,2026-03-17,420,420,Delivered
PO-15328,MED020,LOC003,SUP004,2026-03-14,2026-03-19,2026-03-19,800,800,Delivered
PO-15329,MED024,LOC004,SUP009,2026-03-14,2026-03-19,2026-03-19,300,300,Delivered
PO-15330,MED024,LOC005,SUP009,2026-03-14,2026-03-19,2026-03-19,580,580,Delivered
PO-15331,MED024,LOC006,SUP009,2026-03-14,2026-03-19,2026-03-19,1380,1380,Delivered
PO-15332,MED025,LOC003,SUP002,2026-03-14,2026-03-19,2026-03-19,1590,1590,Delivered
PO-15333,MED027,LOC005,SUP009,2026-03-14,2026-03-19,2026-03-19,310,310,Delivered
PO-15334,MED046,LOC004,SUP015,2026-03-14,2026-03-18,2026-03-18,160,160,Delivered
PO-15335,MED054,LOC002,SUP015,2026-03-14,2026-03-16,2026-03-16,140,140,Delivered
PO-15336,MED056,LOC001,SUP005,2026-03-14,2026-03-19,2026-03-19,930,930,Delivered
PO-15337,MED059,LOC004,SUP015,2026-03-14,2026-03-17,2026-03-29,80,80,Delayed
PO-15338,MED064,LOC006,SUP005,2026-03-14,2026-03-19,2026-03-19,1850,1850,Delivered
PO-15339,MED071,LOC002,SUP014,2026-03-14,2026-03-20,2026-03-22,70,70,Delayed
PO-15340,MED073,LOC001,SUP004,2026-03-14,2026-03-20,2026-03-20,220,220,Delivered
PO-15341,MED002,LOC006,SUP010,2026-03-15,2026-03-22,2026-03-22,710,710,Delivered
PO-15342,MED004,LOC001,SUP001,2026-03-15,2026-03-19,2026-03-19,440,440,Delivered
PO-15343,MED007,LOC005,SUP011,2026-03-15,2026-03-18,2026-03-18,490,490,Delivered
PO-15344,MED011,LOC006,SUP011,2026-03-15,2026-03-20,2026-03-20,390,390,Delivered
PO-15345,MED016,LOC001,SUP001,2026-03-15,2026-03-19,2026-03-19,2470,2470,Delivered
PO-15346,MED025,LOC006,SUP002,2026-03-15,2026-03-20,2026-03-20,1760,1760,Delivered
PO-15347,MED029,LOC003,SUP015,2026-03-15,2026-03-18,2026-03-18,270,270,Delivered
PO-15348,MED032,LOC002,SUP009,2026-03-15,2026-03-18,2026-03-18,230,230,Delivered
PO-15349,MED032,LOC003,SUP009,2026-03-15,2026-03-18,2026-03-18,520,520,Delivered
PO-15350,MED036,LOC003,SUP003,2026-03-15,2026-03-17,2026-03-17,1770,1770,Delivered
PO-15351,MED036,LOC006,SUP003,2026-03-15,2026-03-17,2026-03-17,1780,1780,Delivered
PO-15352,MED039,LOC001,SUP006,2026-03-15,2026-03-23,2026-03-23,70,70,Delivered
PO-15353,MED039,LOC002,SUP006,2026-03-15,2026-03-23,2026-03-23,50,50,Delivered
PO-15354,MED039,LOC006,SUP006,2026-03-15,2026-03-23,2026-03-23,60,60,Delivered
PO-15355,MED041,LOC004,SUP015,2026-03-15,2026-03-17,2026-03-17,50,50,Delivered
PO-15356,MED042,LOC004,SUP003,2026-03-15,2026-03-17,2026-03-17,110,110,Delivered
PO-15357,MED043,LOC002,SUP003,2026-03-15,2026-03-17,2026-03-17,120,120,Delivered
PO-15358,MED044,LOC006,SUP010,2026-03-15,2026-03-20,2026-03-20,400,400,Delivered
PO-15359,MED052,LOC002,SUP015,2026-03-15,2026-03-18,2026-03-18,160,160,Delivered
PO-15360,MED052,LOC004,SUP015,2026-03-15,2026-03-18,2026-03-18,80,80,Delivered
PO-15361,MED053,LOC005,SUP010,2026-03-15,2026-03-21,2026-03-21,100,100,Delivered
PO-15362,MED068,LOC007,SUP004,2026-03-15,2026-03-21,2026-03-21,250,250,Delivered
PO-15363,MED071,LOC005,SUP014,2026-03-15,2026-03-21,2026-03-21,50,50,Delivered
PO-15364,MED072,LOC002,SUP006,2026-03-15,2026-03-22,2026-03-22,50,50,Delivered
PO-15365,MED073,LOC003,SUP004,2026-03-15,2026-03-21,2026-03-21,180,180,Delivered
PO-15366,MED075,LOC002,SUP004,2026-03-15,2026-03-21,2026-03-21,330,330,Delivered
PO-15367,MED002,LOC005,SUP010,2026-03-16,2026-03-23,2026-03-23,240,240,Delivered
PO-15368,MED003,LOC001,SUP001,2026-03-16,2026-03-19,2026-03-19,350,350,Delivered
PO-15369,MED004,LOC006,SUP001,2026-03-16,2026-03-20,2026-03-20,440,440,Delivered
PO-15370,MED009,LOC001,SUP007,2026-03-16,2026-03-20,2026-03-20,1730,1730,Delivered
PO-15371,MED010,LOC004,SUP007,2026-03-16,2026-03-20,2026-03-20,160,160,Delivered
PO-15372,MED011,LOC004,SUP011,2026-03-16,2026-03-21,2026-03-23,80,80,Delayed
PO-15373,MED016,LOC003,SUP001,2026-03-16,2026-03-20,2026-03-20,1850,1850,Delivered
PO-15374,MED016,LOC004,SUP001,2026-03-16,2026-03-20,2026-03-20,320,320,Delivered
PO-15375,MED017,LOC006,SUP001,2026-03-16,2026-03-21,2026-03-21,1130,1130,Delivered
PO-15376,MED021,LOC001,SUP002,2026-03-16,2026-03-20,2026-03-21,1850,1850,Delayed
PO-15377,MED021,LOC002,SUP002,2026-03-16,2026-03-20,2026-03-20,720,720,Delivered
PO-15378,MED021,LOC004,SUP002,2026-03-16,2026-03-20,2026-03-20,250,250,Delivered
PO-15379,MED024,LOC003,SUP009,2026-03-16,2026-03-21,2026-03-21,1610,1610,Delivered
PO-15380,MED026,LOC003,SUP002,2026-03-16,2026-03-22,2026-03-22,1890,1890,Delivered
PO-15381,MED027,LOC001,SUP009,2026-03-16,2026-03-21,2026-03-21,900,900,Delivered
PO-15382,MED027,LOC003,SUP009,2026-03-16,2026-03-21,2026-03-21,700,700,Delivered
PO-15383,MED030,LOC002,SUP004,2026-03-16,2026-03-21,2026-03-21,110,110,Delivered
PO-15384,MED031,LOC002,SUP015,2026-03-16,2026-03-19,2026-03-19,570,570,Delivered
PO-15385,MED037,LOC002,SUP015,2026-03-16,2026-03-20,2026-03-20,1040,1040,Delivered
PO-15386,MED038,LOC004,SUP015,2026-03-16,2026-03-18,2026-03-18,50,50,Delivered
PO-15387,MED040,LOC007,SUP004,2026-03-16,2026-03-21,2026-03-21,50,50,Delivered
PO-15388,MED041,LOC005,SUP015,2026-03-16,2026-03-18,2026-03-18,80,80,Delivered
PO-15389,MED042,LOC007,SUP003,2026-03-16,2026-03-18,2026-03-18,50,50,Delivered
PO-15390,MED044,LOC007,SUP010,2026-03-16,2026-03-21,2026-03-21,50,50,Delivered
PO-15391,MED046,LOC001,SUP015,2026-03-16,2026-03-20,2026-03-20,1140,1140,Delivered
PO-15392,MED051,LOC004,SUP015,2026-03-16,2026-03-18,2026-03-18,360,360,Delivered
PO-15393,MED052,LOC003,SUP015,2026-03-16,2026-03-19,2026-03-19,320,320,Delivered
PO-15394,MED053,LOC004,SUP010,2026-03-16,2026-03-22,2026-03-22,60,60,Delivered
PO-15395,MED057,LOC005,SUP008,2026-03-16,2026-03-20,2026-03-20,260,260,Delivered
PO-15396,MED059,LOC002,SUP015,2026-03-16,2026-03-19,2026-03-31,240,240,Delayed
PO-15397,MED063,LOC001,SUP004,2026-03-16,2026-03-23,2026-03-23,530,530,Delivered
PO-15398,MED064,LOC003,SUP005,2026-03-16,2026-03-21,2026-03-21,2080,2080,Delivered
PO-15399,MED067,LOC003,SUP012,2026-03-16,2026-03-22,2026-03-22,830,830,Delivered
PO-15400,MED067,LOC007,SUP012,2026-03-16,2026-03-22,2026-03-22,70,70,Delivered
PO-15401,MED074,LOC002,SUP006,2026-03-16,2026-03-24,2026-03-24,50,50,Delivered
PO-15402,MED002,LOC004,SUP010,2026-03-17,2026-03-24,2026-03-24,80,80,Delivered
PO-15403,MED004,LOC004,SUP001,2026-03-17,2026-03-21,2026-03-21,70,70,Delivered
PO-15404,MED005,LOC003,SUP001,2026-03-17,2026-03-22,2026-03-22,300,300,Delivered
PO-15405,MED008,LOC003,SUP001,2026-03-17,2026-03-22,2026-03-22,470,470,Delivered
PO-15406,MED008,LOC006,SUP001,2026-03-17,2026-03-22,2026-03-22,480,480,Delivered
PO-15407,MED009,LOC002,SUP007,2026-03-17,2026-03-21,2026-03-21,630,630,Delivered
PO-15408,MED010,LOC001,SUP007,2026-03-17,2026-03-21,2026-03-21,1010,1010,Delivered
PO-15409,MED010,LOC002,SUP007,2026-03-17,2026-03-21,2026-03-21,410,410,Delivered
PO-15410,MED010,LOC003,SUP007,2026-03-17,2026-03-21,2026-03-21,840,840,Delivered
PO-15411,MED013,LOC001,SUP007,2026-03-17,2026-03-22,2026-03-22,330,330,Delivered
PO-15412,MED013,LOC003,SUP007,2026-03-17,2026-03-22,2026-03-22,260,260,Delivered
PO-15413,MED017,LOC003,SUP001,2026-03-17,2026-03-22,2026-03-22,1150,1150,Delivered
PO-15414,MED020,LOC006,SUP004,2026-03-17,2026-03-22,2026-03-22,670,670,Delivered
PO-15415,MED021,LOC006,SUP002,2026-03-17,2026-03-21,2026-03-21,1270,1270,Delivered
PO-15416,MED025,LOC001,SUP002,2026-03-17,2026-03-22,2026-03-22,2140,2140,Delivered
PO-15417,MED025,LOC002,SUP002,2026-03-17,2026-03-22,2026-03-22,850,850,Delivered
PO-15418,MED026,LOC001,SUP002,2026-03-17,2026-03-23,2026-03-23,2480,2480,Delivered
PO-15419,MED028,LOC001,SUP002,2026-03-17,2026-03-22,2026-03-22,820,820,Delivered
PO-15420,MED030,LOC005,SUP004,2026-03-17,2026-03-22,2026-03-22,70,70,Delivered
PO-15421,MED034,LOC002,SUP013,2026-03-17,2026-03-23,2026-03-23,120,120,Delivered
PO-15422,MED043,LOC007,SUP003,2026-03-17,2026-03-19,2026-03-19,50,50,Delivered
PO-15423,MED045,LOC001,SUP004,2026-03-17,2026-03-22,2026-03-22,790,790,Delivered
PO-15424,MED046,LOC002,SUP015,2026-03-17,2026-03-21,2026-03-21,480,480,Delivered
PO-15425,MED049,LOC005,SUP015,2026-03-17,2026-03-20,2026-03-20,800,800,Delivered
PO-15426,MED058,LOC001,SUP008,2026-03-17,2026-03-22,2026-03-22,750,750,Delivered
PO-15427,MED058,LOC005,SUP008,2026-03-17,2026-03-22,2026-03-22,230,230,Delivered
PO-15428,MED058,LOC006,SUP008,2026-03-17,2026-03-22,2026-03-22,610,610,Delivered
PO-15429,MED059,LOC007,SUP015,2026-03-17,2026-03-20,2026-03-20,50,50,Delivered
PO-15430,MED062,LOC002,SUP004,2026-03-17,2026-03-22,2026-03-22,590,590,Delivered
PO-15431,MED065,LOC004,SUP015,2026-03-17,2026-03-19,2026-03-19,120,120,Delivered
PO-15432,MED065,LOC006,SUP015,2026-03-17,2026-03-19,2026-03-19,630,630,Delivered
PO-15433,MED072,LOC005,SUP006,2026-03-17,2026-03-24,2026-03-24,50,50,Delivered
PO-15434,MED074,LOC001,SUP006,2026-03-17,2026-03-25,2026-03-25,100,100,Delivered
PO-15435,MED074,LOC007,SUP006,2026-03-17,2026-03-25,2026-03-25,50,50,Delivered
PO-15436,MED002,LOC001,SUP010,2026-03-18,2026-03-25,2026-03-25,600,600,Delivered
PO-15437,MED006,LOC001,SUP001,2026-03-18,2026-03-23,2026-03-23,1100,1100,Delivered
PO-15438,MED006,LOC004,SUP001,2026-03-18,2026-03-23,2026-03-23,150,150,Delivered
PO-15439,MED008,LOC002,SUP001,2026-03-18,2026-03-23,2026-03-23,230,230,Delivered
PO-15440,MED009,LOC003,SUP007,2026-03-18,2026-03-22,2026-03-22,1280,1280,Delivered
PO-15441,MED011,LOC003,SUP011,2026-03-18,2026-03-23,2026-03-23,410,410,Delivered
PO-15442,MED012,LOC003,SUP007,2026-03-18,2026-03-22,2026-03-22,660,660,Delivered
PO-15443,MED012,LOC004,SUP007,2026-03-18,2026-03-22,2026-03-22,110,110,Delivered
PO-15444,MED015,LOC007,SUP011,2026-03-18,2026-03-21,2026-03-21,150,150,Delivered
PO-15445,MED021,LOC007,SUP002,2026-03-18,2026-03-22,2026-03-22,120,120,Delivered
PO-15446,MED022,LOC006,SUP002,2026-03-18,2026-03-22,2026-03-23,790,790,Delayed
PO-15447,MED024,LOC001,SUP009,2026-03-18,2026-03-23,2026-03-23,1950,1950,Delivered
PO-15448,MED024,LOC002,SUP009,2026-03-18,2026-03-23,2026-03-23,790,790,Delivered
PO-15449,MED028,LOC007,SUP002,2026-03-18,2026-03-23,2026-03-23,50,50,Delivered
PO-15450,MED031,LOC005,SUP015,2026-03-18,2026-03-21,2026-03-21,510,510,Delivered
PO-15451,MED031,LOC007,SUP015,2026-03-18,2026-03-21,2026-03-21,90,90,Delivered
PO-15452,MED042,LOC001,SUP003,2026-03-18,2026-03-20,2026-03-20,860,860,Delivered
PO-15453,MED043,LOC003,SUP003,2026-03-18,2026-03-20,2026-03-20,240,240,Delivered
PO-15454,MED045,LOC004,SUP004,2026-03-18,2026-03-23,2026-03-23,120,120,Delivered
PO-15455,MED045,LOC005,SUP004,2026-03-18,2026-03-23,2026-03-23,290,290,Delivered
PO-15456,MED045,LOC007,SUP004,2026-03-18,2026-03-23,2026-03-23,70,70,Delivered
PO-15457,MED046,LOC003,SUP015,2026-03-18,2026-03-22,2026-03-22,900,900,Delivered
PO-15458,MED051,LOC001,SUP015,2026-03-18,2026-03-20,2026-03-20,2530,2530,Delivered
PO-15459,MED054,LOC006,SUP015,2026-03-18,2026-03-20,2026-03-20,310,310,Delivered
PO-15460,MED056,LOC005,SUP005,2026-03-18,2026-03-23,2026-03-24,300,300,Delayed
PO-15461,MED056,LOC007,SUP005,2026-03-18,2026-03-23,2026-03-23,60,60,Delivered
PO-15462,MED063,LOC005,SUP004,2026-03-18,2026-03-25,2026-03-25,140,140,Delivered
PO-15463,MED064,LOC007,SUP005,2026-03-18,2026-03-23,2026-03-23,130,130,Delivered
PO-15464,MED069,LOC002,SUP004,2026-03-18,2026-03-25,2026-03-25,1280,1280,Delivered
PO-15465,MED069,LOC005,SUP004,2026-03-18,2026-03-25,2026-03-25,1030,1030,Delivered
PO-15466,MED071,LOC001,SUP014,2026-03-18,2026-03-24,2026-03-24,170,170,Delivered
PO-15467,MED075,LOC005,SUP004,2026-03-18,2026-03-24,2026-03-24,310,310,Delivered
PO-15468,MED075,LOC007,SUP004,2026-03-18,2026-03-24,2026-03-24,50,50,Delivered
PO-15469,MED002,LOC002,SUP010,2026-03-19,2026-03-26,2026-03-26,240,240,Delivered
PO-15470,MED004,LOC002,SUP001,2026-03-19,2026-03-23,2026-03-23,190,190,Delivered
PO-15471,MED005,LOC001,SUP001,2026-03-19,2026-03-24,2026-03-24,370,370,Delivered
PO-15472,MED013,LOC005,SUP007,2026-03-19,2026-03-24,2026-03-24,100,100,Delivered
PO-15473,MED017,LOC001,SUP001,2026-03-19,2026-03-24,2026-03-24,1500,1500,Delivered
PO-15474,MED024,LOC007,SUP009,2026-03-19,2026-03-24,2026-03-27,120,120,Delayed
PO-15475,MED029,LOC005,SUP015,2026-03-19,2026-03-22,2026-03-22,130,130,Delivered
PO-15476,MED030,LOC003,SUP004,2026-03-19,2026-03-24,2026-03-24,200,200,Delivered
PO-15477,MED032,LOC004,SUP009,2026-03-19,2026-03-22,2026-03-22,90,90,Delivered
PO-15478,MED035,LOC002,SUP015,2026-03-19,2026-03-21,2026-03-21,110,110,Delivered
PO-15479,MED037,LOC003,SUP015,2026-03-19,2026-03-23,2026-03-23,1980,1980,Delivered
PO-15480,MED037,LOC007,SUP015,2026-03-19,2026-03-23,2026-03-23,130,130,Delivered
PO-15481,MED038,LOC003,SUP015,2026-03-19,2026-03-21,2026-03-21,120,120,Delivered
PO-15482,MED041,LOC002,SUP015,2026-03-19,2026-03-21,2026-03-21,100,100,Delivered
PO-15483,MED042,LOC003,SUP003,2026-03-19,2026-03-21,2026-03-21,730,730,Delivered
PO-15484,MED047,LOC003,SUP015,2026-03-19,2026-03-22,2026-03-22,600,600,Delivered
PO-15485,MED048,LOC003,SUP015,2026-03-19,2026-03-21,2026-03-21,430,430,Delivered
PO-15486,MED048,LOC004,SUP015,2026-03-19,2026-03-21,2026-03-21,80,80,Delivered
PO-15487,MED049,LOC004,SUP015,2026-03-19,2026-03-22,2026-03-22,330,330,Delivered
PO-15488,MED053,LOC002,SUP010,2026-03-19,2026-03-25,2026-03-25,130,130,Delivered
PO-15489,MED054,LOC005,SUP015,2026-03-19,2026-03-21,2026-03-21,180,180,Delivered
PO-15490,MED059,LOC003,SUP015,2026-03-19,2026-03-22,2026-03-22,510,510,Delivered
PO-15491,MED062,LOC006,SUP004,2026-03-19,2026-03-24,2026-03-24,1060,1060,Delivered
PO-15492,MED064,LOC002,SUP005,2026-03-19,2026-03-24,2026-03-24,1060,1060,Delivered
PO-15493,MED069,LOC003,SUP004,2026-03-19,2026-03-26,2026-03-26,2570,2570,Delivered
PO-15494,MED069,LOC007,SUP004,2026-03-19,2026-03-26,2026-03-26,190,190,Delivered
PO-15495,MED070,LOC003,SUP004,2026-03-19,2026-03-25,2026-03-25,430,430,Delivered
PO-15496,MED071,LOC004,SUP014,2026-03-19,2026-03-25,2026-03-25,50,50,Delivered
PO-15497,MED072,LOC004,SUP006,2026-03-19,2026-03-26,2026-03-28,50,50,Delayed
PO-15498,MED075,LOC001,SUP004,2026-03-19,2026-03-25,2026-03-25,890,890,Delivered
PO-15499,MED001,LOC003,SUP001,2026-03-20,2026-03-25,2026-03-25,700,700,Delivered
PO-15500,MED003,LOC002,SUP001,2026-03-20,2026-03-23,2026-03-23,150,150,Delivered
PO-15501,MED003,LOC006,SUP001,2026-03-20,2026-03-23,2026-03-23,380,380,Delivered
PO-15502,MED005,LOC005,SUP001,2026-03-20,2026-03-25,2026-03-25,100,100,Delivered
PO-15503,MED009,LOC004,SUP007,2026-03-20,2026-03-24,2026-03-24,250,250,Delivered
PO-15504,MED010,LOC005,SUP007,2026-03-20,2026-03-24,2026-03-24,360,360,Delivered
PO-15505,MED011,LOC007,SUP011,2026-03-20,2026-03-25,2026-03-25,120,120,Delivered
PO-15506,MED012,LOC005,SUP007,2026-03-20,2026-03-24,2026-03-24,280,280,Delivered
PO-15507,MED016,LOC002,SUP001,2026-03-20,2026-03-24,2026-03-24,1000,1000,Delivered
PO-15508,MED017,LOC005,SUP001,2026-03-20,2026-03-25,2026-03-25,470,470,Delivered
PO-15509,MED018,LOC004,SUP001,2026-03-20,2026-03-23,2026-03-23,300,300,Delivered
PO-15510,MED020,LOC001,SUP004,2026-03-20,2026-03-25,2026-03-25,1030,1030,Delivered
PO-15511,MED020,LOC007,SUP004,2026-03-20,2026-03-25,2026-03-25,240,240,Delivered
PO-15512,MED023,LOC002,SUP002,2026-03-20,2026-03-24,2026-03-24,500,500,Delivered
PO-15513,MED023,LOC007,SUP002,2026-03-20,2026-03-24,2026-03-24,70,70,Delivered
PO-15514,MED028,LOC004,SUP002,2026-03-20,2026-03-25,2026-03-25,110,110,Delivered
PO-15515,MED029,LOC006,SUP015,2026-03-20,2026-03-23,2026-03-23,200,200,Delivered
PO-15516,MED030,LOC006,SUP004,2026-03-20,2026-03-25,2026-03-26,180,180,Delayed
PO-15517,MED031,LOC001,SUP015,2026-03-20,2026-03-23,2026-03-23,1520,1520,Delivered
PO-15518,MED032,LOC005,SUP009,2026-03-20,2026-03-23,2026-03-23,210,210,Delivered
PO-15519,MED035,LOC001,SUP015,2026-03-20,2026-03-22,2026-03-22,300,300,Delivered
PO-15520,MED035,LOC003,SUP015,2026-03-20,2026-03-22,2026-03-22,210,210,Delivered
PO-15521,MED036,LOC005,SUP003,2026-03-20,2026-03-22,2026-03-22,840,840,Delivered
PO-15522,MED045,LOC002,SUP004,2026-03-20,2026-03-25,2026-03-25,330,330,Delivered
PO-15523,MED050,LOC002,SUP005,2026-03-20,2026-03-24,2026-03-24,1270,1270,Delivered
PO-15524,MED051,LOC002,SUP015,2026-03-20,2026-03-22,2026-03-22,1000,1000,Delivered
PO-15525,MED051,LOC006,SUP015,2026-03-20,2026-03-22,2026-03-22,1730,1730,Delivered
PO-15526,MED053,LOC006,SUP010,2026-03-20,2026-03-26,2026-03-26,320,320,Delivered
PO-15527,MED054,LOC007,SUP015,2026-03-20,2026-03-22,2026-03-22,50,50,Delivered
PO-15528,MED055,LOC005,SUP015,2026-03-20,2026-03-23,2026-03-23,340,340,Delivered
PO-15529,MED057,LOC003,SUP008,2026-03-20,2026-03-24,2026-03-24,560,560,Delivered
PO-15530,MED060,LOC002,SUP015,2026-03-20,2026-03-22,2026-03-22,50,50,Delivered
PO-15531,MED061,LOC004,SUP004,2026-03-20,2026-03-27,2026-03-27,130,130,Delivered
PO-15532,MED062,LOC001,SUP004,2026-03-20,2026-03-25,2026-03-25,1440,1440,Delivered
PO-15533,MED065,LOC001,SUP015,2026-03-20,2026-03-22,2026-03-22,970,970,Delivered
PO-15534,MED065,LOC002,SUP015,2026-03-20,2026-03-22,2026-03-22,370,370,Delivered
PO-15535,MED066,LOC001,SUP004,2026-03-20,2026-03-26,2026-03-26,1190,1190,Delivered
PO-15536,MED066,LOC006,SUP004,2026-03-20,2026-03-26,2026-03-26,930,930,Delivered
PO-15537,MED067,LOC006,SUP012,2026-03-20,2026-03-26,2026-03-26,810,810,Delivered
PO-15538,MED068,LOC001,SUP004,2026-03-20,2026-03-26,2026-03-26,4360,4360,Delivered
PO-15539,MED069,LOC001,SUP004,2026-03-20,2026-03-27,2026-03-27,3120,3120,Delivered
PO-15540,MED070,LOC005,SUP004,2026-03-20,2026-03-26,2026-03-26,200,200,Delivered
PO-15541,MED001,LOC006,SUP001,2026-03-21,2026-03-26,2026-03-26,1030,1030,Delivered
PO-15542,MED005,LOC002,SUP001,2026-03-21,2026-03-26,2026-03-26,150,150,Delivered
PO-15543,MED008,LOC004,SUP001,2026-03-21,2026-03-26,2026-03-26,90,90,Delivered
PO-15544,MED012,LOC002,SUP007,2026-03-21,2026-03-25,2026-03-25,330,330,Delivered
PO-15545,MED013,LOC002,SUP007,2026-03-21,2026-03-26,2026-03-26,110,110,Delivered
PO-15546,MED014,LOC002,SUP007,2026-03-21,2026-03-24,2026-03-24,210,210,Delivered
PO-15547,MED015,LOC004,SUP011,2026-03-21,2026-03-24,2026-03-24,100,100,Delivered
PO-15548,MED016,LOC005,SUP001,2026-03-21,2026-03-25,2026-03-25,870,870,Delivered
PO-15549,MED019,LOC001,SUP015,2026-03-21,2026-03-24,2026-03-24,1390,1390,Delivered
PO-15550,MED022,LOC005,SUP002,2026-03-21,2026-03-25,2026-03-25,330,330,Delivered
PO-15551,MED023,LOC005,SUP002,2026-03-21,2026-03-25,2026-03-25,460,460,Delivered
PO-15552,MED026,LOC006,SUP002,2026-03-21,2026-03-27,2026-03-27,1790,1790,Delivered
PO-15553,MED028,LOC003,SUP002,2026-03-21,2026-03-26,2026-03-26,640,640,Delivered
PO-15554,MED028,LOC006,SUP002,2026-03-21,2026-03-26,2026-03-26,540,540,Delivered
PO-15555,MED034,LOC004,SUP013,2026-03-21,2026-03-27,2026-03-27,50,50,Delivered
PO-15556,MED035,LOC006,SUP015,2026-03-21,2026-03-23,2026-03-23,250,250,Delivered
PO-15557,MED043,LOC006,SUP003,2026-03-21,2026-03-23,2026-03-26,200,200,Delayed
PO-15558,MED056,LOC006,SUP005,2026-03-21,2026-03-26,2026-03-26,600,600,Delivered
PO-15559,MED064,LOC004,SUP005,2026-03-21,2026-03-26,2026-03-26,370,370,Delivered
PO-15560,MED066,LOC002,SUP004,2026-03-21,2026-03-27,2026-03-27,490,490,Delivered
PO-15561,MED067,LOC001,SUP012,2026-03-21,2026-03-27,2026-03-27,1080,1080,Delivered
PO-15562,MED070,LOC001,SUP004,2026-03-21,2026-03-27,2026-03-27,530,530,Delivered
PO-15563,MED071,LOC003,SUP014,2026-03-21,2026-03-27,2026-03-27,120,120,Delivered
PO-15564,MED011,LOC001,SUP011,2026-03-22,2026-03-27,2026-03-30,490,490,Delayed
PO-15565,MED015,LOC005,SUP011,2026-03-22,2026-03-25,2026-03-25,240,240,Delivered
PO-15566,MED019,LOC006,SUP015,2026-03-22,2026-03-25,2026-03-27,1000,1000,Delayed
PO-15567,MED026,LOC004,SUP002,2026-03-22,2026-03-28,2026-03-28,310,310,Delivered
PO-15568,MED034,LOC003,SUP013,2026-03-22,2026-03-28,2026-03-28,280,280,Delivered
PO-15569,MED039,LOC003,SUP006,2026-03-22,2026-03-30,2026-03-30,70,70,Delivered
PO-15570,MED044,LOC001,SUP010,2026-03-22,2026-03-27,2026-03-27,550,550,Delivered
PO-15571,MED044,LOC002,SUP010,2026-03-22,2026-03-27,2026-03-27,230,230,Delivered
PO-15572,MED044,LOC003,SUP010,2026-03-22,2026-03-27,2026-03-27,410,410,Delivered
PO-15573,MED046,LOC005,SUP015,2026-03-22,2026-03-26,2026-03-26,410,410,Delivered
PO-15574,MED048,LOC001,SUP015,2026-03-22,2026-03-24,2026-03-24,480,480,Delivered
PO-15575,MED056,LOC004,SUP005,2026-03-22,2026-03-27,2026-03-27,320,320,Delivered
PO-15576,MED058,LOC003,SUP008,2026-03-22,2026-03-27,2026-03-27,570,570,Delivered
PO-15577,MED063,LOC006,SUP004,2026-03-22,2026-03-29,2026-03-29,370,370,Delivered
PO-15578,MED066,LOC003,SUP004,2026-03-22,2026-03-28,2026-03-28,960,960,Delivered
PO-15579,MED067,LOC005,SUP012,2026-03-22,2026-03-28,2026-03-28,360,360,Delivered
PO-15580,MED068,LOC003,SUP004,2026-03-22,2026-03-28,2026-03-28,3430,3430,Delivered
PO-15581,MED068,LOC004,SUP004,2026-03-22,2026-03-28,2026-03-28,650,650,Delivered
PO-15582,MED075,LOC006,SUP004,2026-03-22,2026-03-28,2026-03-28,600,600,Delivered
PO-15583,MED004,LOC003,SUP001,2026-03-23,2026-03-27,2026-03-27,340,340,Delivered
PO-15584,MED006,LOC003,SUP001,2026-03-23,2026-03-28,2026-03-28,830,830,Delivered
PO-15585,MED006,LOC005,SUP001,2026-03-23,2026-03-28,2026-03-28,400,400,Delivered
PO-15586,MED007,LOC003,SUP011,2026-03-23,2026-03-26,2026-03-26,1250,1250,Delivered
PO-15587,MED015,LOC006,SUP011,2026-03-23,2026-03-26,2026-03-26,420,420,Delivered
PO-15588,MED017,LOC002,SUP001,2026-03-23,2026-03-28,2026-03-28,600,600,Delivered
PO-15589,MED019,LOC007,SUP015,2026-03-23,2026-03-26,2026-03-26,80,80,Delivered
PO-15590,MED020,LOC002,SUP004,2026-03-23,2026-03-28,2026-03-28,390,390,Delivered
PO-15591,MED020,LOC005,SUP004,2026-03-23,2026-03-28,2026-03-28,290,290,Delivered
PO-15592,MED026,LOC002,SUP002,2026-03-23,2026-03-29,2026-03-29,860,860,Delivered
PO-15593,MED026,LOC005,SUP002,2026-03-23,2026-03-29,2026-03-29,760,760,Delivered
PO-15594,MED030,LOC004,SUP004,2026-03-23,2026-03-28,2026-03-28,50,50,Delivered
PO-15595,MED032,LOC001,SUP009,2026-03-23,2026-03-26,2026-03-26,680,680,Delivered
PO-15596,MED032,LOC007,SUP009,2026-03-23,2026-03-26,2026-03-26,50,50,Delivered
PO-15597,MED033,LOC006,SUP004,2026-03-23,2026-03-29,2026-03-29,140,140,Delivered
PO-15598,MED037,LOC005,SUP015,2026-03-23,2026-03-27,2026-03-27,820,820,Delivered
PO-15599,MED040,LOC005,SUP004,2026-03-23,2026-03-28,2026-03-28,60,60,Delivered
PO-15600,MED044,LOC005,SUP010,2026-03-23,2026-03-28,2026-03-28,180,180,Delivered
PO-15601,MED047,LOC002,SUP015,2026-03-23,2026-03-26,2026-03-26,280,280,Delivered
PO-15602,MED051,LOC003,SUP015,2026-03-23,2026-03-25,2026-03-25,1870,1870,Delivered
PO-15603,MED053,LOC001,SUP010,2026-03-23,2026-03-29,2026-03-29,310,310,Delivered
PO-15604,MED054,LOC001,SUP015,2026-03-23,2026-03-25,2026-03-25,430,430,Delivered
PO-15605,MED054,LOC003,SUP015,2026-03-23,2026-03-25,2026-03-25,330,330,Delivered
PO-15606,MED055,LOC004,SUP015,2026-03-23,2026-03-26,2026-03-26,170,170,Delivered
PO-15607,MED056,LOC003,SUP005,2026-03-23,2026-03-28,2026-03-28,650,650,Delivered
PO-15608,MED057,LOC002,SUP008,2026-03-23,2026-03-27,2026-03-27,320,320,Delivered
PO-15609,MED060,LOC003,SUP015,2026-03-23,2026-03-25,2026-03-25,70,70,Delivered
PO-15610,MED061,LOC007,SUP004,2026-03-23,2026-03-30,2026-03-30,70,70,Delivered
PO-15611,MED062,LOC003,SUP004,2026-03-23,2026-03-28,2026-03-28,1210,1210,Delivered
PO-15612,MED064,LOC005,SUP005,2026-03-23,2026-03-28,2026-03-28,930,930,Delivered
PO-15613,MED066,LOC004,SUP004,2026-03-23,2026-03-29,2026-03-29,180,180,Delivered
PO-15614,MED068,LOC002,SUP004,2026-03-23,2026-03-29,2026-03-29,1690,1690,Delivered
PO-15615,MED068,LOC005,SUP004,2026-03-23,2026-03-29,2026-03-29,1450,1450,Delivered
PO-15616,MED068,LOC006,SUP004,2026-03-23,2026-03-29,2026-03-29,4780,4780,Delivered
PO-15617,MED072,LOC001,SUP006,2026-03-23,2026-03-30,2026-03-30,70,70,Delivered
PO-15618,MED072,LOC003,SUP006,2026-03-23,2026-03-30,2026-03-30,60,60,Delivered
PO-15619,MED074,LOC003,SUP006,2026-03-23,2026-03-31,2026-03-31,80,80,Delivered
PO-15620,MED075,LOC003,SUP004,2026-03-23,2026-03-29,2026-03-29,630,630,Delivered
PO-15621,MED001,LOC004,SUP001,2026-03-24,2026-03-29,2026-03-29,130,130,Delivered
PO-15622,MED001,LOC005,SUP001,2026-03-24,2026-03-29,2026-03-29,310,310,Delivered
PO-15623,MED003,LOC005,SUP001,2026-03-24,2026-03-27,2026-03-27,130,130,Delivered
PO-15624,MED009,LOC005,SUP007,2026-03-24,2026-03-28,2026-03-28,550,550,Delivered
PO-15625,MED010,LOC007,SUP007,2026-03-24,2026-03-28,2026-03-28,60,60,Delivered
PO-15626,MED012,LOC006,SUP007,2026-03-24,2026-03-28,2026-03-28,630,630,Delivered
PO-15627,MED014,LOC005,SUP007,2026-03-24,2026-03-27,2026-03-27,150,150,Delivered
PO-15628,MED014,LOC007,SUP007,2026-03-24,2026-03-27,2026-03-27,50,50,Delivered
PO-15629,MED022,LOC002,SUP002,2026-03-24,2026-03-28,2026-03-28,420,420,Delivered
PO-15630,MED023,LOC004,SUP002,2026-03-24,2026-03-28,2026-03-28,200,200,Delivered
PO-15631,MED028,LOC002,SUP002,2026-03-24,2026-03-29,2026-03-29,280,280,Delivered
PO-15632,MED028,LOC005,SUP002,2026-03-24,2026-03-29,2026-03-29,260,260,Delivered
PO-15633,MED029,LOC004,SUP015,2026-03-24,2026-03-27,2026-03-27,50,50,Delivered
PO-15634,MED031,LOC004,SUP015,2026-03-24,2026-03-27,2026-03-27,250,250,Delivered
PO-15635,MED038,LOC006,SUP015,2026-03-24,2026-03-26,2026-03-26,80,80,Delivered
PO-15636,MED040,LOC002,SUP004,2026-03-24,2026-03-29,2026-03-29,60,60,Delivered
PO-15637,MED045,LOC003,SUP004,2026-03-24,2026-03-29,2026-03-29,670,670,Delivered
PO-15638,MED047,LOC006,SUP015,2026-03-24,2026-03-27,2026-03-27,540,540,Delivered
PO-15639,MED049,LOC003,SUP015,2026-03-24,2026-03-27,2026-03-27,2010,2010,Delivered
PO-15640,MED049,LOC006,SUP015,2026-03-24,2026-03-27,2026-03-27,1800,1800,Delivered
PO-15641,MED055,LOC003,SUP015,2026-03-24,2026-03-27,2026-03-27,840,840,Delivered
PO-15642,MED060,LOC001,SUP015,2026-03-24,2026-03-26,2026-03-26,80,80,Delivered
PO-15643,MED062,LOC005,SUP004,2026-03-24,2026-03-29,2026-03-29,460,460,Delivered
PO-15644,MED063,LOC002,SUP004,2026-03-24,2026-03-31,2026-03-31,170,170,Delivered
PO-15645,MED066,LOC005,SUP004,2026-03-24,2026-03-30,2026-03-30,400,400,Delivered
PO-15646,MED069,LOC006,SUP004,2026-03-24,2026-03-31,2026-03-31,3700,3700,Delivered
PO-15647,MED070,LOC006,SUP004,2026-03-24,2026-03-30,2026-03-30,370,370,Delivered
PO-15648,MED001,LOC002,SUP001,2026-03-25,2026-03-30,2026-03-30,340,340,Delivered
PO-15649,MED006,LOC006,SUP001,2026-03-25,2026-03-30,2026-03-30,1160,1160,Delivered
PO-15650,MED016,LOC006,SUP001,2026-03-25,2026-03-29,2026-03-29,1860,1860,Delivered
PO-15651,MED016,LOC007,SUP001,2026-03-25,2026-03-29,2026-03-29,120,120,Delivered
PO-15652,MED017,LOC004,SUP001,2026-03-25,2026-03-30,2026-03-30,240,240,Delivered
PO-15653,MED018,LOC001,SUP001,2026-03-25,2026-03-28,2026-03-28,1900,1900,Delivered
PO-15654,MED021,LOC005,SUP002,2026-03-25,2026-03-29,2026-03-29,600,600,Delivered
PO-15655,MED031,LOC006,SUP015,2026-03-25,2026-03-28,2026-03-28,1010,1010,Delivered
PO-15656,MED033,LOC003,SUP004,2026-03-25,2026-03-31,2026-03-31,160,160,Delivered
PO-15657,MED034,LOC006,SUP013,2026-03-25,2026-03-31,2026-03-31,260,260,Delivered
PO-15658,MED036,LOC004,SUP003,2026-03-25,2026-03-27,2026-03-27,350,350,Delivered
PO-15659,MED040,LOC003,SUP004,2026-03-25,2026-03-30,2026-03-30,140,140,Delivered
PO-15660,MED040,LOC006,SUP004,2026-03-25,2026-03-30,2026-03-30,110,110,Delivered
PO-15661,MED041,LOC007,SUP015,2026-03-25,2026-03-27,2026-03-27,50,50,Delivered
PO-15662,MED043,LOC001,SUP003,2026-03-25,2026-03-27,2026-03-27,250,250,Delivered
PO-15663,MED050,LOC005,SUP005,2026-03-25,2026-03-29,2026-03-29,1020,1020,Delivered
PO-15664,MED050,LOC007,SUP005,2026-03-25,2026-03-29,2026-03-29,200,200,Delivered
PO-15665,MED054,LOC004,SUP015,2026-03-25,2026-03-27,2026-03-27,60,60,Delivered
PO-15666,MED056,LOC002,SUP005,2026-03-25,2026-03-30,2026-03-30,340,340,Delivered
PO-15667,MED058,LOC002,SUP008,2026-03-25,2026-03-30,2026-03-30,330,330,Delivered
PO-15668,MED061,LOC001,SUP004,2026-03-25,2026-04-01,2026-04-01,860,860,Delivered
PO-15669,MED063,LOC003,SUP004,2026-03-25,2026-04-01,2026-04-01,390,390,Delivered
PO-15670,MED066,LOC007,SUP004,2026-03-25,2026-03-31,2026-03-31,90,90,Delivered
PO-15671,MED071,LOC005,SUP014,2026-03-25,2026-03-31,2026-03-31,60,60,Delivered
PO-15672,MED073,LOC002,SUP004,2026-03-25,2026-03-31,2026-03-31,90,90,Delivered
PO-15673,MED074,LOC006,SUP006,2026-03-25,2026-04-02,2026-04-02,80,80,Delivered
PO-15674,MED002,LOC003,SUP010,2026-03-26,2026-04-02,2026-04-04,440,440,Delayed
PO-15675,MED006,LOC002,SUP001,2026-03-26,2026-03-31,2026-03-31,420,420,Delivered
PO-15676,MED008,LOC005,SUP001,2026-03-26,2026-03-31,2026-03-31,250,250,Delivered
PO-15677,MED009,LOC007,SUP007,2026-03-26,2026-03-30,2026-03-30,80,80,Delivered
PO-15678,MED010,LOC006,SUP007,2026-03-26,2026-03-30,2026-03-30,710,710,Delivered
PO-15679,MED012,LOC007,SUP007,2026-03-26,2026-03-30,2026-03-30,50,50,Delivered
PO-15680,MED013,LOC006,SUP007,2026-03-26,2026-03-31,2026-03-31,240,240,Delivered
PO-15681,MED017,LOC007,SUP001,2026-03-26,2026-03-31,2026-03-31,80,80,Delivered
PO-15682,MED018,LOC006,SUP001,2026-03-26,2026-03-29,2026-03-29,1390,1390,Delivered
PO-15683,MED019,LOC003,SUP015,2026-03-26,2026-03-29,2026-03-29,1060,1060,Delivered
PO-15684,MED026,LOC007,SUP002,2026-03-26,2026-04-01,2026-04-01,140,140,Delivered
PO-15685,MED034,LOC001,SUP013,2026-03-26,2026-04-01,2026-04-01,350,350,Delivered
PO-15686,MED039,LOC006,SUP006,2026-03-26,2026-04-03,2026-04-03,70,70,Delivered
PO-15687,MED041,LOC001,SUP015,2026-03-26,2026-03-28,2026-03-28,250,250,Delivered
PO-15688,MED048,LOC006,SUP015,2026-03-26,2026-03-28,2026-03-28,370,370,Delivered
PO-15689,MED048,LOC007,SUP015,2026-03-26,2026-03-28,2026-03-28,50,50,Delivered
PO-15690,MED052,LOC006,SUP015,2026-03-26,2026-03-29,2026-03-29,360,360,Delivered
PO-15691,MED053,LOC005,SUP010,2026-03-26,2026-04-01,2026-04-01,120,120,Delivered
PO-15692,MED055,LOC001,SUP015,2026-03-26,2026-03-29,2026-03-29,1050,1050,Delivered
PO-15693,MED061,LOC003,SUP004,2026-03-26,2026-04-02,2026-04-02,690,690,Delivered
PO-15694,MED063,LOC005,SUP004,2026-03-26,2026-04-02,2026-04-02,170,170,Delivered
PO-15695,MED067,LOC002,SUP012,2026-03-26,2026-04-01,2026-04-01,400,400,Delivered
PO-15696,MED070,LOC002,SUP004,2026-03-26,2026-04-01,2026-04-01,250,250,Delivered
PO-15697,MED073,LOC003,SUP004,2026-03-26,2026-04-01,2026-04-02,200,200,Delayed
PO-15698,MED004,LOC005,SUP001,2026-03-27,2026-03-31,2026-03-31,130,130,Delivered
PO-15699,MED007,LOC004,SUP011,2026-03-27,2026-03-30,2026-03-30,190,190,Delivered
PO-15700,MED007,LOC007,SUP011,2026-03-27,2026-03-30,2026-03-30,370,370,Delivered
PO-15701,MED008,LOC007,SUP001,2026-03-27,2026-04-01,2026-04-01,160,160,Delivered
PO-15702,MED013,LOC004,SUP007,2026-03-27,2026-04-01,2026-04-01,50,50,Delivered
PO-15703,MED014,LOC001,SUP007,2026-03-27,2026-03-30,2026-03-30,510,510,Delivered
PO-15704,MED014,LOC006,SUP007,2026-03-27,2026-03-30,2026-03-30,340,340,Delivered
PO-15705,MED024,LOC005,SUP009,2026-03-27,2026-04-01,2026-04-01,620,620,Delivered
PO-15706,MED025,LOC005,SUP002,2026-03-27,2026-04-01,2026-04-01,670,670,Delivered
PO-15707,MED027,LOC004,SUP009,2026-03-27,2026-04-01,2026-04-01,140,140,Delivered
PO-15708,MED034,LOC005,SUP013,2026-03-27,2026-04-02,2026-04-02,110,110,Delivered
PO-15709,MED037,LOC001,SUP015,2026-03-27,2026-03-31,2026-03-31,2580,2580,Delivered
PO-15710,MED038,LOC002,SUP015,2026-03-27,2026-03-29,2026-03-29,80,80,Delivered
PO-15711,MED041,LOC003,SUP015,2026-03-27,2026-03-29,2026-03-29,170,170,Delivered
PO-15712,MED048,LOC005,SUP015,2026-03-27,2026-03-29,2026-03-29,200,200,Delivered
PO-15713,MED051,LOC007,SUP015,2026-03-27,2026-03-29,2026-03-29,150,150,Delivered
PO-15714,MED052,LOC005,SUP015,2026-03-27,2026-03-30,2026-03-31,130,130,Delayed
PO-15715,MED055,LOC002,SUP015,2026-03-27,2026-03-30,2026-03-30,430,430,Delivered
PO-15716,MED057,LOC004,SUP008,2026-03-27,2026-03-31,2026-03-31,240,240,Delivered
PO-15717,MED057,LOC007,SUP008,2026-03-27,2026-03-31,2026-03-31,50,50,Delivered
PO-15718,MED059,LOC005,SUP015,2026-03-27,2026-03-30,2026-03-30,200,200,Delivered
PO-15719,MED002,LOC006,SUP010,2026-03-28,2026-04-04,2026-04-04,670,670,Delivered
PO-15720,MED007,LOC001,SUP011,2026-03-28,2026-03-31,2026-03-31,1550,1550,Delivered
PO-15721,MED007,LOC002,SUP011,2026-03-28,2026-03-31,2026-03-31,610,610,Delivered
PO-15722,MED007,LOC006,SUP011,2026-03-28,2026-03-31,2026-03-31,1120,1120,Delivered
PO-15723,MED015,LOC001,SUP011,2026-03-28,2026-03-31,2026-03-31,610,610,Delivered
PO-15724,MED022,LOC003,SUP002,2026-03-28,2026-04-01,2026-04-01,770,770,Delivered
PO-15725,MED025,LOC003,SUP002,2026-03-28,2026-04-02,2026-04-02,1710,1710,Delivered
PO-15726,MED027,LOC005,SUP009,2026-03-28,2026-04-02,2026-04-02,340,340,Delivered
PO-15727,MED029,LOC002,SUP015,2026-03-28,2026-03-31,2026-03-31,140,140,Delivered
PO-15728,MED030,LOC005,SUP004,2026-03-28,2026-04-02,2026-04-02,80,80,Delivered
PO-15729,MED036,LOC002,SUP003,2026-03-28,2026-03-30,2026-03-30,940,940,Delivered
PO-15730,MED039,LOC001,SUP006,2026-03-28,2026-04-05,2026-04-05,70,70,Delivered
PO-15731,MED047,LOC004,SUP015,2026-03-28,2026-03-31,2026-03-31,110,110,Delivered
PO-15732,MED047,LOC005,SUP015,2026-03-28,2026-03-31,2026-03-31,240,240,Delivered
PO-15733,MED050,LOC006,SUP005,2026-03-28,2026-04-01,2026-04-01,2070,2070,Delivered
PO-15734,MED052,LOC001,SUP015,2026-03-28,2026-03-31,2026-03-31,490,490,Delivered
PO-15735,MED057,LOC001,SUP008,2026-03-28,2026-04-01,2026-04-01,800,800,Delivered
PO-15736,MED063,LOC004,SUP004,2026-03-28,2026-04-04,2026-04-04,80,80,Delivered
PO-15737,MED065,LOC003,SUP015,2026-03-28,2026-03-30,2026-03-30,710,710,Delivered
PO-15738,MED067,LOC003,SUP012,2026-03-28,2026-04-03,2026-04-03,840,840,Delivered
PO-15739,MED073,LOC001,SUP004,2026-03-28,2026-04-03,2026-04-03,210,210,Delivered
PO-15740,MED073,LOC006,SUP004,2026-03-28,2026-04-03,2026-04-03,150,150,Delivered
PO-15741,MED074,LOC005,SUP006,2026-03-28,2026-04-05,2026-04-05,50,50,Delivered
PO-15742,MED075,LOC004,SUP004,2026-03-28,2026-04-03,2026-04-03,50,50,Delivered
PO-15743,MED005,LOC006,SUP001,2026-03-29,2026-04-03,2026-04-03,390,390,Delivered
PO-15744,MED011,LOC002,SUP011,2026-03-29,2026-04-03,2026-04-03,200,200,Delivered
PO-15745,MED015,LOC002,SUP011,2026-03-29,2026-04-01,2026-04-01,250,250,Delivered
PO-15746,MED020,LOC006,SUP004,2026-03-29,2026-04-03,2026-04-03,730,730,Delivered
PO-15747,MED021,LOC003,SUP002,2026-03-29,2026-04-02,2026-04-02,1440,1440,Delivered
PO-15748,MED023,LOC003,SUP002,2026-03-29,2026-04-02,2026-04-02,1080,1080,Delivered
PO-15749,MED033,LOC005,SUP004,2026-03-29,2026-04-04,2026-04-04,50,50,Delivered
PO-15750,MED037,LOC006,SUP015,2026-03-29,2026-04-02,2026-04-02,1820,1820,Delivered
PO-15751,MED040,LOC001,SUP004,2026-03-29,2026-04-03,2026-04-03,170,170,Delivered
PO-15752,MED042,LOC006,SUP003,2026-03-29,2026-03-31,2026-03-31,610,610,Delivered
PO-15753,MED045,LOC006,SUP004,2026-03-29,2026-04-03,2026-04-03,620,620,Delivered
PO-15754,MED047,LOC001,SUP015,2026-03-29,2026-04-01,2026-04-01,740,740,Delivered
PO-15755,MED048,LOC002,SUP015,2026-03-29,2026-03-31,2026-03-31,210,210,Delivered
PO-15756,MED052,LOC002,SUP015,2026-03-29,2026-04-01,2026-04-01,190,190,Delivered
PO-15757,MED053,LOC003,SUP010,2026-03-29,2026-04-04,2026-04-04,220,220,Delivered
PO-15758,MED054,LOC002,SUP015,2026-03-29,2026-03-31,2026-03-31,160,160,Delivered
PO-15759,MED057,LOC006,SUP008,2026-03-29,2026-04-02,2026-04-02,560,560,Delivered
PO-15760,MED061,LOC005,SUP004,2026-03-29,2026-04-05,2026-04-05,310,310,Delivered
PO-15761,MED061,LOC006,SUP004,2026-03-29,2026-04-05,2026-04-05,650,650,Delivered
PO-15762,MED064,LOC006,SUP005,2026-03-29,2026-04-03,2026-04-03,1910,1910,Delivered
PO-15763,MED001,LOC001,SUP001,2026-03-30,2026-04-04,2026-04-04,890,890,Delivered
PO-15764,MED002,LOC004,SUP010,2026-03-30,2026-04-06,2026-04-08,90,90,Delayed
PO-15765,MED003,LOC003,SUP001,2026-03-30,2026-04-02,2026-04-02,280,280,Delivered
PO-15766,MED003,LOC004,SUP001,2026-03-30,2026-04-02,2026-04-04,50,50,Delayed
PO-15767,MED005,LOC004,SUP001,2026-03-30,2026-04-04,2026-04-04,60,60,Delivered
PO-15768,MED005,LOC005,SUP001,2026-03-30,2026-04-04,2026-04-04,130,130,Delivered
PO-15769,MED008,LOC001,SUP001,2026-03-30,2026-04-04,2026-04-04,590,590,Delivered
PO-15770,MED012,LOC001,SUP007,2026-03-30,2026-04-03,2026-04-03,830,830,Delivered
PO-15771,MED016,LOC004,SUP001,2026-03-30,2026-04-03,2026-04-03,350,350,Delivered
PO-15772,MED020,LOC003,SUP004,2026-03-30,2026-04-04,2026-04-04,870,870,Delivered
PO-15773,MED020,LOC004,SUP004,2026-03-30,2026-04-04,2026-04-04,130,130,Delivered
PO-15774,MED023,LOC001,SUP002,2026-03-30,2026-04-03,2026-04-03,1320,1320,Delivered
PO-15775,MED023,LOC006,SUP002,2026-03-30,2026-04-03,2026-04-05,990,990,Delayed
PO-15776,MED024,LOC004,SUP009,2026-03-30,2026-04-04,2026-04-04,300,300,Delivered
PO-15777,MED027,LOC002,SUP009,2026-03-30,2026-04-04,2026-04-04,350,350,Delivered
PO-15778,MED027,LOC006,SUP009,2026-03-30,2026-04-04,2026-04-04,670,670,Delivered
PO-15779,MED030,LOC001,SUP004,2026-03-30,2026-04-04,2026-04-04,220,220,Delivered
PO-15780,MED031,LOC002,SUP015,2026-03-30,2026-04-02,2026-04-02,660,660,Delivered
PO-15781,MED031,LOC003,SUP015,2026-03-30,2026-04-02,2026-04-02,1110,1110,Delivered
PO-15782,MED034,LOC002,SUP013,2026-03-30,2026-04-05,2026-04-05,140,140,Delivered
PO-15783,MED036,LOC007,SUP003,2026-03-30,2026-04-01,2026-04-02,110,110,Delayed
PO-15784,MED037,LOC004,SUP015,2026-03-30,2026-04-03,2026-04-03,340,340,Delivered
PO-15785,MED038,LOC001,SUP015,2026-03-30,2026-04-01,2026-04-01,150,150,Delivered
PO-15786,MED042,LOC005,SUP003,2026-03-30,2026-04-01,2026-04-01,260,260,Delivered
PO-15787,MED046,LOC006,SUP015,2026-03-30,2026-04-03,2026-04-03,860,860,Delivered
PO-15788,MED049,LOC001,SUP015,2026-03-30,2026-04-02,2026-04-02,2620,2620,Delivered
PO-15789,MED049,LOC002,SUP015,2026-03-30,2026-04-02,2026-04-02,1010,1010,Delivered
PO-15790,MED049,LOC007,SUP015,2026-03-30,2026-04-02,2026-04-02,140,140,Delivered
PO-15791,MED050,LOC003,SUP005,2026-03-30,2026-04-03,2026-04-03,2500,2500,Delivered
PO-15792,MED050,LOC004,SUP005,2026-03-30,2026-04-03,2026-04-03,1020,1020,Delivered
PO-15793,MED051,LOC005,SUP015,2026-03-30,2026-04-01,2026-04-01,830,830,Delivered
PO-15794,MED055,LOC006,SUP015,2026-03-30,2026-04-02,2026-04-02,700,700,Delivered
PO-15795,MED059,LOC004,SUP015,2026-03-30,2026-04-02,2026-04-02,110,110,Delivered
PO-15796,MED062,LOC007,SUP004,2026-03-30,2026-04-04,2026-04-04,80,80,Delivered
PO-15797,MED064,LOC001,SUP005,2026-03-30,2026-04-04,2026-04-04,2590,2590,Delivered
PO-15798,MED065,LOC005,SUP015,2026-03-30,2026-04-01,2026-04-01,290,290,Delivered
PO-15799,MED069,LOC004,SUP004,2026-03-30,2026-04-06,2026-04-06,430,430,Delivered
PO-15800,MED002,LOC001,SUP010,2026-03-31,2026-04-07,2026-04-10,600,600,Delayed
PO-15801,MED002,LOC007,SUP010,2026-03-31,2026-04-07,2026-04-07,50,50,Delivered
PO-15802,MED004,LOC006,SUP001,2026-03-31,2026-04-04,2026-04-04,440,440,Delivered
PO-15803,MED009,LOC002,SUP007,2026-03-31,2026-04-04,2026-04-04,660,660,Delivered
PO-15804,MED009,LOC006,SUP007,2026-03-31,2026-04-04,2026-04-04,1160,1160,Delivered
PO-15805,MED014,LOC003,SUP007,2026-03-31,2026-04-03,2026-04-03,360,360,Delivered
PO-15806,MED015,LOC003,SUP011,2026-03-31,2026-04-03,2026-04-03,480,480,Delivered
PO-15807,MED016,LOC001,SUP001,2026-03-31,2026-04-04,2026-04-04,2460,2460,Delivered
PO-15808,MED018,LOC002,SUP001,2026-03-31,2026-04-03,2026-04-03,760,760,Delivered
PO-15809,MED018,LOC003,SUP001,2026-03-31,2026-04-03,2026-04-03,1500,1500,Delivered
PO-15810,MED022,LOC001,SUP002,2026-03-31,2026-04-04,2026-04-04,1000,1000,Delivered
PO-15811,MED025,LOC004,SUP002,2026-03-31,2026-04-05,2026-04-06,270,270,Delayed
PO-15812,MED025,LOC007,SUP002,2026-03-31,2026-04-05,2026-04-05,140,140,Delivered
PO-15813,MED026,LOC003,SUP002,2026-03-31,2026-04-06,2026-04-06,1880,1880,Delivered
PO-15814,MED032,LOC006,SUP009,2026-03-31,2026-04-03,2026-04-03,460,460,Delivered
PO-15815,MED041,LOC006,SUP015,2026-03-31,2026-04-02,2026-04-02,160,160,Delivered
PO-15816,MED045,LOC001,SUP004,2026-03-31,2026-04-05,2026-04-05,830,830,Delivered
PO-15817,MED050,LOC001,SUP005,2026-03-31,2026-04-04,2026-04-04,3040,3040,Delivered
PO-15818,MED052,LOC003,SUP015,2026-03-31,2026-04-03,2026-04-03,360,360,Delivered
PO-15819,MED053,LOC007,SUP010,2026-03-31,2026-04-06,2026-04-06,50,50,Delivered
PO-15820,MED058,LOC001,SUP008,2026-03-31,2026-04-05,2026-04-05,800,800,Delivered
PO-15821,MED058,LOC005,SUP008,2026-03-31,2026-04-05,2026-04-05,260,260,Delivered
PO-15822,MED059,LOC006,SUP015,2026-03-31,2026-04-03,2026-04-03,470,470,Delivered
PO-15823,MED061,LOC002,SUP004,2026-03-31,2026-04-07,2026-04-07,340,340,Delivered
PO-15824,MED063,LOC001,SUP004,2026-03-31,2026-04-07,2026-04-07,490,490,Delivered
PO-15825,MED063,LOC007,SUP004,2026-03-31,2026-04-07,2026-04-07,50,50,Delivered
PO-15826,MED064,LOC003,SUP005,2026-03-31,2026-04-05,2026-04-05,2130,2130,Delivered
PO-15827,MED069,LOC005,SUP004,2026-03-31,2026-04-07,2026-04-07,1020,1020,Delivered
PO-15828,MED074,LOC001,SUP006,2026-03-31,2026-04-08,2026-04-08,100,100,Delivered
PO-15829,MED075,LOC007,SUP004,2026-03-31,2026-04-06,2026-04-06,60,60,Delivered
PO-15830,MED008,LOC002,SUP001,2026-04-01,2026-04-06,2026-04-06,250,250,Delivered
PO-15831,MED008,LOC003,SUP001,2026-04-01,2026-04-06,2026-04-06,480,480,Delivered
PO-15832,MED010,LOC003,SUP007,2026-04-01,2026-04-05,2026-04-05,880,880,Delivered
PO-15833,MED011,LOC003,SUP011,2026-04-01,2026-04-06,2026-04-06,410,410,Delivered
PO-15834,MED011,LOC005,SUP011,2026-04-01,2026-04-06,2026-04-06,150,150,Delivered
PO-15835,MED016,LOC003,SUP001,2026-04-01,2026-04-05,2026-04-05,1930,1930,Delivered
PO-15836,MED018,LOC005,SUP001,2026-04-01,2026-04-04,2026-04-04,670,670,Delivered
PO-15837,MED018,LOC007,SUP001,2026-04-01,2026-04-04,2026-04-04,100,100,Delivered
PO-15838,MED019,LOC004,SUP015,2026-04-01,2026-04-04,2026-04-04,180,180,Delivered
PO-15839,MED019,LOC005,SUP015,2026-04-01,2026-04-04,2026-04-04,430,430,Delivered
PO-15840,MED022,LOC004,SUP002,2026-04-01,2026-04-05,2026-04-05,120,120,Delivered
PO-15841,MED024,LOC002,SUP009,2026-04-01,2026-04-06,2026-04-06,850,850,Delivered
PO-15842,MED024,LOC006,SUP009,2026-04-01,2026-04-06,2026-04-06,1390,1390,Delivered
PO-15843,MED027,LOC003,SUP009,2026-04-01,2026-04-06,2026-04-07,690,690,Delayed
PO-15844,MED027,LOC007,SUP009,2026-04-01,2026-04-06,2026-04-07,50,50,Delayed
PO-15845,MED032,LOC002,SUP009,2026-04-01,2026-04-04,2026-04-04,250,250,Delivered
PO-15846,MED032,LOC003,SUP009,2026-04-01,2026-04-04,2026-04-04,560,560,Delivered
PO-15847,MED033,LOC001,SUP004,2026-04-01,2026-04-07,2026-04-07,190,190,Delivered
PO-15848,MED042,LOC002,SUP003,2026-04-01,2026-04-03,2026-04-03,320,320,Delivered
PO-15849,MED044,LOC006,SUP010,2026-04-01,2026-04-06,2026-04-06,390,390,Delivered
PO-15850,MED046,LOC004,SUP015,2026-04-01,2026-04-05,2026-04-05,180,180,Delivered
PO-15851,MED047,LOC007,SUP015,2026-04-01,2026-04-04,2026-04-04,50,50,Delivered
PO-15852,MED056,LOC001,SUP005,2026-04-01,2026-04-06,2026-04-06,850,850,Delivered
PO-15853,MED057,LOC005,SUP008,2026-04-01,2026-04-05,2026-04-05,280,280,Delivered
PO-15854,MED064,LOC007,SUP005,2026-04-01,2026-04-06,2026-04-06,150,150,Delivered
PO-15855,MED067,LOC004,SUP012,2026-04-01,2026-04-07,2026-04-07,130,130,Delivered
PO-15856,MED068,LOC007,SUP004,2026-04-01,2026-04-07,2026-04-07,250,250,Delivered
PO-15857,MED069,LOC002,SUP004,2026-04-01,2026-04-08,2026-04-08,1230,1230,Delivered
PO-15858,MED069,LOC003,SUP004,2026-04-01,2026-04-08,2026-04-08,2630,2630,Delivered
PO-15859,MED071,LOC002,SUP014,2026-04-01,2026-04-07,2026-04-07,70,70,Delivered
PO-15860,MED071,LOC006,SUP014,2026-04-01,2026-04-07,2026-04-07,110,110,Delivered
PO-15861,MED075,LOC002,SUP004,2026-04-01,2026-04-07,2026-04-07,320,320,Delivered
PO-15862,MED002,LOC002,SUP010,2026-04-02,2026-04-09,2026-04-09,280,280,Delivered
PO-15863,MED003,LOC006,SUP001,2026-04-02,2026-04-05,2026-04-05,430,430,Delivered
PO-15864,MED006,LOC001,SUP001,2026-04-02,2026-04-07,2026-04-07,1070,1070,Delivered
PO-15865,MED007,LOC005,SUP011,2026-04-02,2026-04-05,2026-04-05,470,470,Delivered
PO-15866,MED009,LOC003,SUP007,2026-04-02,2026-04-06,2026-04-06,1420,1420,Delivered
PO-15867,MED010,LOC001,SUP007,2026-04-02,2026-04-06,2026-04-07,1020,1020,Delayed
PO-15868,MED011,LOC006,SUP011,2026-04-02,2026-04-07,2026-04-07,360,360,Delivered
PO-15869,MED011,LOC007,SUP011,2026-04-02,2026-04-07,2026-04-07,130,130,Delivered
PO-15870,MED013,LOC002,SUP007,2026-04-02,2026-04-07,2026-04-07,130,130,Delivered
PO-15871,MED013,LOC003,SUP007,2026-04-02,2026-04-07,2026-04-07,250,250,Delivered
PO-15872,MED014,LOC004,SUP007,2026-04-02,2026-04-05,2026-04-05,80,80,Delivered
PO-15873,MED017,LOC003,SUP001,2026-04-02,2026-04-07,2026-04-07,1190,1190,Delivered
PO-15874,MED017,LOC005,SUP001,2026-04-02,2026-04-07,2026-04-07,540,540,Delivered
PO-15875,MED017,LOC006,SUP001,2026-04-02,2026-04-07,2026-04-07,1050,1050,Delivered
PO-15876,MED019,LOC002,SUP015,2026-04-02,2026-04-05,2026-04-05,540,540,Delivered
PO-15877,MED022,LOC007,SUP002,2026-04-02,2026-04-06,2026-04-06,70,70,Delivered
PO-15878,MED024,LOC003,SUP009,2026-04-02,2026-04-07,2026-04-07,1520,1520,Delivered
PO-15879,MED025,LOC001,SUP002,2026-04-02,2026-04-07,2026-04-07,2070,2070,Delivered
PO-15880,MED025,LOC006,SUP002,2026-04-02,2026-04-07,2026-04-07,1520,1520,Delivered
PO-15881,MED026,LOC001,SUP002,2026-04-02,2026-04-08,2026-04-08,2390,2390,Delivered
PO-15882,MED027,LOC001,SUP009,2026-04-02,2026-04-07,2026-04-07,850,850,Delivered
PO-15883,MED030,LOC006,SUP004,2026-04-02,2026-04-07,2026-04-07,220,220,Delivered
PO-15884,MED036,LOC003,SUP003,2026-04-02,2026-04-04,2026-04-04,1870,1870,Delivered
PO-15885,MED037,LOC002,SUP015,2026-04-02,2026-04-06,2026-04-06,1030,1030,Delivered
PO-15886,MED041,LOC005,SUP015,2026-04-02,2026-04-04,2026-04-04,80,80,Delivered
PO-15887,MED042,LOC004,SUP003,2026-04-02,2026-04-04,2026-04-04,120,120,Delivered
PO-15888,MED043,LOC004,SUP003,2026-04-02,2026-04-04,2026-04-04,50,50,Delivered
PO-15889,MED044,LOC003,SUP010,2026-04-02,2026-04-07,2026-04-07,460,460,Delivered
PO-15890,MED049,LOC005,SUP015,2026-04-02,2026-04-05,2026-04-05,870,870,Delivered
PO-15891,MED052,LOC007,SUP015,2026-04-02,2026-04-05,2026-04-05,50,50,Delivered
PO-15892,MED053,LOC006,SUP010,2026-04-02,2026-04-08,2026-04-11,330,330,Delayed
PO-15893,MED056,LOC005,SUP005,2026-04-02,2026-04-07,2026-04-07,280,280,Delivered
PO-15894,MED058,LOC006,SUP008,2026-04-02,2026-04-07,2026-04-07,550,550,Delivered
PO-15895,MED062,LOC002,SUP004,2026-04-02,2026-04-07,2026-04-07,590,590,Delivered
PO-15896,MED065,LOC007,SUP015,2026-04-02,2026-04-04,2026-04-04,60,60,Delivered
PO-15897,MED066,LOC001,SUP004,2026-04-02,2026-04-08,2026-04-08,1260,1260,Delivered
PO-15898,MED069,LOC007,SUP004,2026-04-02,2026-04-09,2026-04-09,190,190,Delivered
PO-15899,MED070,LOC003,SUP004,2026-04-02,2026-04-08,2026-04-08,440,440,Delivered
PO-15900,MED072,LOC002,SUP006,2026-04-02,2026-04-09,2026-04-09,50,50,Delivered
PO-15901,MED072,LOC006,SUP006,2026-04-02,2026-04-09,2026-04-09,50,50,Delivered
PO-15902,MED001,LOC003,SUP001,2026-04-03,2026-04-08,2026-04-08,700,700,Delivered
PO-15903,MED004,LOC001,SUP001,2026-04-03,2026-04-07,2026-04-07,430,430,Delivered
PO-15904,MED006,LOC004,SUP001,2026-04-03,2026-04-08,2026-04-08,160,160,Delivered
PO-15905,MED008,LOC006,SUP001,2026-04-03,2026-04-08,2026-04-08,460,460,Delivered
PO-15906,MED009,LOC001,SUP007,2026-04-03,2026-04-07,2026-04-07,1620,1620,Delivered
PO-15907,MED010,LOC002,SUP007,2026-04-03,2026-04-07,2026-04-07,430,430,Delivered
PO-15908,MED017,LOC001,SUP001,2026-04-03,2026-04-08,2026-04-08,1400,1400,Delivered
PO-15909,MED020,LOC005,SUP004,2026-04-03,2026-04-08,2026-04-08,350,350,Delivered
PO-15910,MED021,LOC001,SUP002,2026-04-03,2026-04-07,2026-04-07,1660,1660,Delivered
PO-15911,MED021,LOC002,SUP002,2026-04-03,2026-04-07,2026-04-07,690,690,Delivered
PO-15912,MED021,LOC006,SUP002,2026-04-03,2026-04-07,2026-04-07,1300,1300,Delivered
PO-15913,MED025,LOC002,SUP002,2026-04-03,2026-04-08,2026-04-08,800,800,Delivered
PO-15914,MED029,LOC001,SUP015,2026-04-03,2026-04-06,2026-04-06,290,290,Delivered
PO-15915,MED030,LOC003,SUP004,2026-04-03,2026-04-08,2026-04-08,220,220,Delivered
PO-15916,MED036,LOC001,SUP003,2026-04-03,2026-04-05,2026-04-05,2380,2380,Delivered
PO-15917,MED036,LOC006,SUP003,2026-04-03,2026-04-05,2026-04-05,1640,1640,Delivered
PO-15918,MED044,LOC004,SUP010,2026-04-03,2026-04-08,2026-04-08,80,80,Delivered
PO-15919,MED045,LOC004,SUP004,2026-04-03,2026-04-08,2026-04-08,120,120,Delivered
PO-15920,MED046,LOC001,SUP015,2026-04-03,2026-04-07,2026-04-07,1110,1110,Delivered
PO-15921,MED046,LOC003,SUP015,2026-04-03,2026-04-07,2026-04-07,960,960,Delivered
PO-15922,MED058,LOC004,SUP008,2026-04-03,2026-04-08,2026-04-09,260,260,Delayed
PO-15923,MED059,LOC001,SUP015,2026-04-03,2026-04-06,2026-04-06,650,650,Delivered
PO-15924,MED062,LOC004,SUP004,2026-04-03,2026-04-08,2026-04-08,190,190,Delivered
PO-15925,MED064,LOC002,SUP005,2026-04-03,2026-04-08,2026-04-08,1010,1010,Delivered
PO-15926,MED066,LOC002,SUP004,2026-04-03,2026-04-09,2026-04-09,540,540,Delivered
PO-15927,MED066,LOC006,SUP004,2026-04-03,2026-04-09,2026-04-09,940,940,Delivered
PO-15928,MED067,LOC007,SUP012,2026-04-03,2026-04-09,2026-04-09,70,70,Delivered
PO-15929,MED068,LOC001,SUP004,2026-04-03,2026-04-09,2026-04-09,4320,4320,Delivered
PO-15930,MED069,LOC001,SUP004,2026-04-03,2026-04-10,2026-04-10,3300,3300,Delivered
PO-15931,MED074,LOC002,SUP006,2026-04-03,2026-04-11,2026-04-11,50,50,Delivered
PO-15932,MED075,LOC001,SUP004,2026-04-03,2026-04-09,2026-04-09,860,860,Delivered
PO-15933,MED003,LOC001,SUP001,2026-04-04,2026-04-07,2026-04-07,330,330,Delivered
PO-15934,MED012,LOC004,SUP007,2026-04-04,2026-04-08,2026-04-08,110,110,Delivered
PO-15935,MED013,LOC001,SUP007,2026-04-04,2026-04-09,2026-04-09,320,320,Delivered
PO-15936,MED013,LOC005,SUP007,2026-04-04,2026-04-09,2026-04-09,110,110,Delivered
PO-15937,MED023,LOC002,SUP002,2026-04-04,2026-04-08,2026-04-08,540,540,Delivered
PO-15938,MED024,LOC007,SUP009,2026-04-04,2026-04-09,2026-04-09,110,110,Delivered
PO-15939,MED028,LOC006,SUP002,2026-04-04,2026-04-09,2026-04-09,540,540,Delivered
PO-15940,MED029,LOC006,SUP015,2026-04-04,2026-04-07,2026-04-07,210,210,Delivered
PO-15941,MED031,LOC005,SUP015,2026-04-04,2026-04-07,2026-04-07,510,510,Delivered
PO-15942,MED037,LOC003,SUP015,2026-04-04,2026-04-08,2026-04-08,1960,1960,Delivered
PO-15943,MED037,LOC007,SUP015,2026-04-04,2026-04-08,2026-04-08,130,130,Delivered
PO-15944,MED039,LOC002,SUP006,2026-04-04,2026-04-12,2026-04-12,50,50,Delivered
PO-15945,MED039,LOC006,SUP006,2026-04-04,2026-04-12,2026-04-15,80,80,Delayed
PO-15946,MED047,LOC003,SUP015,2026-04-04,2026-04-07,2026-04-07,610,610,Delivered
PO-15947,MED049,LOC004,SUP015,2026-04-04,2026-04-07,2026-04-07,360,360,Delivered
PO-15948,MED054,LOC004,SUP015,2026-04-04,2026-04-06,2026-04-06,90,90,Delivered
PO-15949,MED056,LOC006,SUP005,2026-04-04,2026-04-09,2026-04-09,620,620,Delivered
PO-15950,MED057,LOC003,SUP008,2026-04-04,2026-04-08,2026-04-08,610,610,Delivered
PO-15951,MED059,LOC002,SUP015,2026-04-04,2026-04-07,2026-04-07,270,270,Delivered
PO-15952,MED059,LOC003,SUP015,2026-04-04,2026-04-07,2026-04-10,540,540,Delayed
PO-15953,MED062,LOC001,SUP004,2026-04-04,2026-04-09,2026-04-09,1350,1350,Delivered
PO-15954,MED062,LOC006,SUP004,2026-04-04,2026-04-09,2026-04-09,1080,1080,Delivered
PO-15955,MED063,LOC006,SUP004,2026-04-04,2026-04-11,2026-04-11,350,350,Delivered
PO-15956,MED065,LOC004,SUP015,2026-04-04,2026-04-06,2026-04-06,130,130,Delivered
PO-15957,MED065,LOC006,SUP015,2026-04-04,2026-04-06,2026-04-06,650,650,Delivered
PO-15958,MED066,LOC003,SUP004,2026-04-04,2026-04-10,2026-04-10,1030,1030,Delivered
PO-15959,MED067,LOC006,SUP012,2026-04-04,2026-04-10,2026-04-10,810,810,Delivered
PO-15960,MED070,LOC001,SUP004,2026-04-04,2026-04-10,2026-04-10,550,550,Delivered
PO-15961,MED070,LOC006,SUP004,2026-04-04,2026-04-10,2026-04-10,420,420,Delivered
PO-15962,MED071,LOC001,SUP014,2026-04-04,2026-04-10,2026-04-10,170,170,Delivered
PO-15963,MED071,LOC003,SUP014,2026-04-04,2026-04-10,2026-04-10,120,120,Delivered
PO-15964,MED072,LOC001,SUP006,2026-04-04,2026-04-11,2026-04-11,70,70,Delivered
PO-15965,MED073,LOC005,SUP004,2026-04-04,2026-04-10,2026-04-10,70,70,Delivered
PO-15966,MED001,LOC006,SUP001,2026-04-05,2026-04-10,2026-04-10,1000,1000,Delivered
PO-15967,MED005,LOC003,SUP001,2026-04-05,2026-04-10,2026-04-10,290,290,Delivered
PO-15968,MED012,LOC003,SUP007,2026-04-05,2026-04-09,2026-04-09,620,620,Delivered
PO-15969,MED022,LOC006,SUP002,2026-04-05,2026-04-09,2026-04-09,770,770,Delivered
PO-15970,MED024,LOC001,SUP009,2026-04-05,2026-04-10,2026-04-10,1820,1820,Delivered
PO-15971,MED026,LOC004,SUP002,2026-04-05,2026-04-11,2026-04-11,320,320,Delivered
PO-15972,MED026,LOC006,SUP002,2026-04-05,2026-04-11,2026-04-11,1760,1760,Delivered
PO-15973,MED029,LOC003,SUP015,2026-04-05,2026-04-08,2026-04-08,240,240,Delivered
PO-15974,MED035,LOC003,SUP015,2026-04-05,2026-04-07,2026-04-07,230,230,Delivered
PO-15975,MED041,LOC002,SUP015,2026-04-05,2026-04-07,2026-04-07,110,110,Delivered
PO-15976,MED043,LOC002,SUP003,2026-04-05,2026-04-07,2026-04-07,110,110,Delivered
PO-15977,MED043,LOC005,SUP003,2026-04-05,2026-04-07,2026-04-07,90,90,Delivered
PO-15978,MED045,LOC002,SUP004,2026-04-05,2026-04-10,2026-04-10,310,310,Delivered
PO-15979,MED056,LOC003,SUP005,2026-04-05,2026-04-10,2026-04-10,720,720,Delivered
PO-15980,MED063,LOC002,SUP004,2026-04-05,2026-04-12,2026-04-12,190,190,Delivered
PO-15981,MED068,LOC003,SUP004,2026-04-05,2026-04-11,2026-04-11,3410,3410,Delivered
PO-15982,MED068,LOC005,SUP004,2026-04-05,2026-04-11,2026-04-12,1510,1510,Delayed
PO-15983,MED074,LOC003,SUP006,2026-04-05,2026-04-13,2026-04-14,100,100,Delayed
PO-15984,MED075,LOC005,SUP004,2026-04-05,2026-04-11,2026-04-11,290,290,Delivered
PO-15985,MED075,LOC006,SUP004,2026-04-05,2026-04-11,2026-04-11,580,580,Delivered
PO-15986,MED005,LOC001,SUP001,2026-04-06,2026-04-11,2026-04-11,340,340,Delivered
PO-15987,MED010,LOC005,SUP007,2026-04-06,2026-04-10,2026-04-10,360,360,Delivered
PO-15988,MED011,LOC001,SUP011,2026-04-06,2026-04-11,2026-04-11,470,470,Delivered
PO-15989,MED011,LOC004,SUP011,2026-04-06,2026-04-11,2026-04-11,70,70,Delivered
PO-15990,MED012,LOC002,SUP007,2026-04-06,2026-04-10,2026-04-10,350,350,Delivered
PO-15991,MED016,LOC002,SUP001,2026-04-06,2026-04-10,2026-04-10,970,970,Delivered
PO-15992,MED020,LOC001,SUP004,2026-04-06,2026-04-11,2026-04-11,1000,1000,Delivered
PO-15993,MED021,LOC004,SUP002,2026-04-06,2026-04-10,2026-04-10,220,220,Delivered
PO-15994,MED026,LOC002,SUP002,2026-04-06,2026-04-12,2026-04-12,900,900,Delivered
PO-15995,MED026,LOC005,SUP002,2026-04-06,2026-04-12,2026-04-12,800,800,Delivered
PO-15996,MED028,LOC001,SUP002,2026-04-06,2026-04-11,2026-04-11,790,790,Delivered
PO-15997,MED028,LOC002,SUP002,2026-04-06,2026-04-11,2026-04-11,290,290,Delivered
PO-15998,MED028,LOC007,SUP002,2026-04-06,2026-04-11,2026-04-11,50,50,Delivered
PO-15999,MED032,LOC004,SUP009,2026-04-06,2026-04-09,2026-04-09,100,100,Delivered
PO-16000,MED032,LOC005,SUP009,2026-04-06,2026-04-09,2026-04-09,210,210,Delivered
PO-16001,MED033,LOC002,SUP004,2026-04-06,2026-04-12,2026-04-12,70,70,Delivered
PO-16002,MED043,LOC003,SUP003,2026-04-06,2026-04-08,2026-04-08,230,230,Delivered
PO-16003,MED043,LOC006,SUP003,2026-04-06,2026-04-08,2026-04-08,210,210,Delivered
PO-16004,MED046,LOC002,SUP015,2026-04-06,2026-04-10,2026-04-10,430,430,Delivered
PO-16005,MED046,LOC007,SUP015,2026-04-06,2026-04-10,2026-04-10,70,70,Delivered
PO-16006,MED050,LOC002,SUP005,2026-04-06,2026-04-10,2026-04-10,1190,1190,Delivered
PO-16007,MED051,LOC004,SUP015,2026-04-06,2026-04-08,2026-04-08,330,330,Delivered
PO-16008,MED052,LOC004,SUP015,2026-04-06,2026-04-09,2026-04-09,60,60,Delivered
PO-16009,MED053,LOC001,SUP010,2026-04-06,2026-04-12,2026-04-12,330,330,Delivered
PO-16010,MED055,LOC005,SUP015,2026-04-06,2026-04-09,2026-04-09,340,340,Delivered
PO-16011,MED058,LOC003,SUP008,2026-04-06,2026-04-11,2026-04-13,630,630,Delayed
PO-16012,MED060,LOC001,SUP015,2026-04-06,2026-04-08,2026-04-08,100,100,Delivered
PO-16013,MED061,LOC001,SUP004,2026-04-06,2026-04-13,2026-04-13,980,980,Delivered
PO-16014,MED061,LOC004,SUP004,2026-04-06,2026-04-13,2026-04-13,130,130,Delivered
PO-16015,MED065,LOC002,SUP015,2026-04-06,2026-04-08,2026-04-08,380,380,Delivered
PO-16016,MED067,LOC005,SUP012,2026-04-06,2026-04-12,2026-04-12,370,370,Delivered
PO-16017,MED068,LOC002,SUP004,2026-04-06,2026-04-12,2026-04-15,1720,1720,Delayed
PO-16018,MED068,LOC006,SUP004,2026-04-06,2026-04-12,2026-04-12,4710,4710,Delivered
PO-16019,MED069,LOC006,SUP004,2026-04-06,2026-04-13,2026-04-13,3470,3470,Delivered
PO-16020,MED070,LOC005,SUP004,2026-04-06,2026-04-12,2026-04-12,180,180,Delivered
PO-16021,MED075,LOC003,SUP004,2026-04-06,2026-04-12,2026-04-12,600,600,Delivered
PO-16022,MED002,LOC003,SUP010,2026-04-07,2026-04-14,2026-04-14,440,440,Delivered
PO-16023,MED002,LOC005,SUP010,2026-04-07,2026-04-14,2026-04-14,170,170,Delivered
PO-16024,MED004,LOC004,SUP001,2026-04-07,2026-04-11,2026-04-11,60,60,Delivered
PO-16025,MED009,LOC004,SUP007,2026-04-07,2026-04-11,2026-04-11,230,230,Delivered
PO-16026,MED012,LOC005,SUP007,2026-04-07,2026-04-11,2026-04-11,270,270,Delivered
PO-16027,MED014,LOC005,SUP007,2026-04-07,2026-04-10,2026-04-10,170,170,Delivered
PO-16028,MED015,LOC007,SUP011,2026-04-07,2026-04-10,2026-04-10,150,150,Delivered
PO-16029,MED016,LOC007,SUP001,2026-04-07,2026-04-11,2026-04-11,140,140,Delivered
PO-16030,MED017,LOC002,SUP001,2026-04-07,2026-04-12,2026-04-12,580,580,Delivered
PO-16031,MED020,LOC002,SUP004,2026-04-07,2026-04-12,2026-04-12,400,400,Delivered
PO-16032,MED022,LOC005,SUP002,2026-04-07,2026-04-11,2026-04-11,330,330,Delivered
PO-16033,MED023,LOC005,SUP002,2026-04-07,2026-04-11,2026-04-11,450,450,Delivered
PO-16034,MED023,LOC007,SUP002,2026-04-07,2026-04-11,2026-04-11,80,80,Delivered
PO-16035,MED026,LOC007,SUP002,2026-04-07,2026-04-13,2026-04-13,140,140,Delivered
PO-16036,MED028,LOC004,SUP002,2026-04-07,2026-04-12,2026-04-12,100,100,Delivered
PO-16037,MED035,LOC004,SUP015,2026-04-07,2026-04-09,2026-04-09,50,50,Delivered
PO-16038,MED038,LOC003,SUP015,2026-04-07,2026-04-09,2026-04-09,130,130,Delivered
PO-16039,MED039,LOC003,SUP006,2026-04-07,2026-04-15,2026-04-15,50,50,Delivered
PO-16040,MED040,LOC006,SUP004,2026-04-07,2026-04-12,2026-04-12,130,130,Delivered
PO-16041,MED042,LOC001,SUP003,2026-04-07,2026-04-09,2026-04-09,800,800,Delivered
PO-16042,MED042,LOC007,SUP003,2026-04-07,2026-04-09,2026-04-09,50,50,Delivered
PO-16043,MED048,LOC004,SUP015,2026-04-07,2026-04-09,2026-04-09,90,90,Delivered
PO-16044,MED051,LOC001,SUP015,2026-04-07,2026-04-09,2026-04-09,2630,2630,Delivered
PO-16045,MED053,LOC002,SUP010,2026-04-07,2026-04-13,2026-04-13,120,120,Delivered
PO-16046,MED060,LOC003,SUP015,2026-04-07,2026-04-09,2026-04-09,90,90,Delivered
PO-16047,MED060,LOC006,SUP015,2026-04-07,2026-04-09,2026-04-09,60,60,Delivered
PO-16048,MED062,LOC003,SUP004,2026-04-07,2026-04-12,2026-04-12,1160,1160,Delivered
PO-16049,MED062,LOC005,SUP004,2026-04-07,2026-04-12,2026-04-12,480,480,Delivered
PO-16050,MED064,LOC004,SUP005,2026-04-07,2026-04-12,2026-04-12,370,370,Delivered
PO-16051,MED065,LOC001,SUP015,2026-04-07,2026-04-09,2026-04-09,940,940,Delivered
PO-16052,MED066,LOC005,SUP004,2026-04-07,2026-04-13,2026-04-13,410,410,Delivered
PO-16053,MED068,LOC004,SUP004,2026-04-07,2026-04-13,2026-04-13,590,590,Delivered
PO-16054,MED070,LOC002,SUP004,2026-04-07,2026-04-13,2026-04-13,240,240,Delivered
PO-16055,MED072,LOC003,SUP006,2026-04-07,2026-04-14,2026-04-14,60,60,Delivered
PO-16056,MED073,LOC004,SUP004,2026-04-07,2026-04-13,2026-04-13,50,50,Delivered
PO-16057,MED002,LOC007,SUP010,2026-04-08,2026-04-15,2026-04-15,50,50,Delivered
PO-16058,MED004,LOC005,SUP001,2026-04-08,2026-04-12,2026-04-12,160,160,Delivered
PO-16059,MED005,LOC002,SUP001,2026-04-08,2026-04-13,2026-04-13,140,140,Delivered
PO-16060,MED006,LOC003,SUP001,2026-04-08,2026-04-13,2026-04-13,790,790,Delivered
PO-16061,MED008,LOC004,SUP001,2026-04-08,2026-04-13,2026-04-13,90,90,Delivered
PO-16062,MED010,LOC004,SUP007,2026-04-08,2026-04-12,2026-04-12,140,140,Delivered
PO-16063,MED020,LOC007,SUP004,2026-04-08,2026-04-13,2026-04-13,210,210,Delivered
PO-16064,MED022,LOC002,SUP002,2026-04-08,2026-04-12,2026-04-12,450,450,Delivered
PO-16065,MED023,LOC004,SUP002,2026-04-08,2026-04-12,2026-04-12,200,200,Delivered
PO-16066,MED030,LOC002,SUP004,2026-04-08,2026-04-13,2026-04-13,80,80,Delivered
PO-16067,MED034,LOC005,SUP013,2026-04-08,2026-04-14,2026-04-14,120,120,Delivered
PO-16068,MED035,LOC002,SUP015,2026-04-08,2026-04-10,2026-04-10,100,100,Delivered
PO-16069,MED037,LOC005,SUP015,2026-04-08,2026-04-12,2026-04-12,790,790,Delivered
PO-16070,MED038,LOC006,SUP015,2026-04-08,2026-04-10,2026-04-10,110,110,Delivered
PO-16071,MED040,LOC002,SUP004,2026-04-08,2026-04-13,2026-04-13,60,60,Delivered
PO-16072,MED044,LOC001,SUP010,2026-04-08,2026-04-13,2026-04-13,520,520,Delivered
PO-16073,MED045,LOC005,SUP004,2026-04-08,2026-04-13,2026-04-13,270,270,Delivered
PO-16074,MED046,LOC005,SUP015,2026-04-08,2026-04-12,2026-04-12,380,380,Delivered
PO-16075,MED048,LOC003,SUP015,2026-04-08,2026-04-10,2026-04-10,430,430,Delivered
PO-16076,MED051,LOC002,SUP015,2026-04-08,2026-04-10,2026-04-10,930,930,Delivered
PO-16077,MED051,LOC006,SUP015,2026-04-08,2026-04-10,2026-04-10,1750,1750,Delivered
PO-16078,MED055,LOC007,SUP015,2026-04-08,2026-04-11,2026-04-11,60,60,Delivered
PO-16079,MED058,LOC007,SUP008,2026-04-08,2026-04-13,2026-04-13,50,50,Delivered
PO-16080,MED060,LOC005,SUP015,2026-04-08,2026-04-10,2026-04-10,50,50,Delivered
PO-16081,MED064,LOC005,SUP005,2026-04-08,2026-04-13,2026-04-13,880,880,Delivered
PO-16082,MED066,LOC004,SUP004,2026-04-08,2026-04-14,2026-04-14,210,210,Delivered
PO-16083,MED067,LOC001,SUP012,2026-04-08,2026-04-14,2026-04-14,960,960,Delivered
PO-16084,MED003,LOC002,SUP001,2026-04-09,2026-04-12,2026-04-12,140,140,Delivered
PO-16085,MED006,LOC005,SUP001,2026-04-09,2026-04-14,2026-04-14,360,360,Delivered
PO-16086,MED006,LOC006,SUP001,2026-04-09,2026-04-14,2026-04-14,1170,1170,Delivered
PO-16087,MED009,LOC007,SUP007,2026-04-09,2026-04-13,2026-04-16,90,90,Delayed
PO-16088,MED010,LOC006,SUP007,2026-04-09,2026-04-13,2026-04-13,770,770,Delivered
PO-16089,MED013,LOC004,SUP007,2026-04-09,2026-04-14,2026-04-14,50,50,Delivered
PO-16090,MED015,LOC006,SUP011,2026-04-09,2026-04-12,2026-04-12,430,430,Delivered
PO-16091,MED016,LOC005,SUP001,2026-04-09,2026-04-13,2026-04-15,780,780,Delayed
PO-16092,MED017,LOC007,SUP001,2026-04-09,2026-04-14,2026-04-14,100,100,Delivered
PO-16093,MED018,LOC004,SUP001,2026-04-09,2026-04-12,2026-04-12,290,290,Delivered
PO-16094,MED019,LOC001,SUP015,2026-04-09,2026-04-12,2026-04-12,1340,1340,Delivered
PO-16095,MED019,LOC006,SUP015,2026-04-09,2026-04-12,2026-04-12,920,920,Delivered
PO-16096,MED021,LOC007,SUP002,2026-04-09,2026-04-13,2026-04-13,100,100,Delivered
PO-16097,MED028,LOC003,SUP002,2026-04-09,2026-04-14,2026-04-14,570,570,Delivered
PO-16098,MED028,LOC005,SUP002,2026-04-09,2026-04-14,2026-04-14,260,260,Delivered
PO-16099,MED031,LOC001,SUP015,2026-04-09,2026-04-12,2026-04-12,1520,1520,Delivered
PO-16100,MED031,LOC006,SUP015,2026-04-09,2026-04-12,2026-04-12,1080,1080,Delivered
PO-16101,MED033,LOC005,SUP004,2026-04-09,2026-04-15,2026-04-15,60,60,Delivered
PO-16102,MED033,LOC006,SUP004,2026-04-09,2026-04-15,2026-04-15,140,140,Delivered
PO-16103,MED034,LOC003,SUP013,2026-04-09,2026-04-15,2026-04-16,250,250,Delayed
PO-16104,MED036,LOC005,SUP003,2026-04-09,2026-04-11,2026-04-11,800,800,Delivered
PO-16105,MED040,LOC005,SUP004,2026-04-09,2026-04-14,2026-04-14,70,70,Delivered
PO-16106,MED045,LOC003,SUP004,2026-04-09,2026-04-14,2026-04-14,690,690,Delivered
PO-16107,MED047,LOC002,SUP015,2026-04-09,2026-04-12,2026-04-12,290,290,Delivered
PO-16108,MED048,LOC001,SUP015,2026-04-09,2026-04-11,2026-04-11,550,550,Delivered
PO-16109,MED050,LOC005,SUP005,2026-04-09,2026-04-13,2026-04-13,1070,1070,Delivered
PO-16110,MED054,LOC003,SUP015,2026-04-09,2026-04-11,2026-04-11,340,340,Delivered
PO-16111,MED057,LOC002,SUP008,2026-04-09,2026-04-13,2026-04-13,300,300,Delivered
PO-16112,MED067,LOC002,SUP012,2026-04-09,2026-04-15,2026-04-15,390,390,Delivered
PO-16113,MED073,LOC001,SUP004,2026-04-09,2026-04-15,2026-04-15,250,250,Delivered
PO-16114,MED074,LOC006,SUP006,2026-04-09,2026-04-17,2026-04-20,80,80,Delayed
PO-16115,MED001,LOC002,SUP001,2026-04-10,2026-04-15,2026-04-15,370,370,Delivered
PO-16116,MED001,LOC004,SUP001,2026-04-10,2026-04-15,2026-04-15,140,140,Delivered
PO-16117,MED001,LOC005,SUP001,2026-04-10,2026-04-15,2026-04-15,320,320,Delivered
PO-16118,MED003,LOC004,SUP001,2026-04-10,2026-04-13,2026-04-13,70,70,Delivered
PO-16119,MED004,LOC002,SUP001,2026-04-10,2026-04-14,2026-04-14,150,150,Delivered
PO-16120,MED007,LOC004,SUP011,2026-04-10,2026-04-13,2026-04-13,210,210,Delivered
PO-16121,MED009,LOC005,SUP007,2026-04-10,2026-04-14,2026-04-14,600,600,Delivered
PO-16122,MED010,LOC007,SUP007,2026-04-10,2026-04-14,2026-04-14,70,70,Delivered
PO-16123,MED016,LOC006,SUP001,2026-04-10,2026-04-14,2026-04-14,1840,1840,Delivered
PO-16124,MED019,LOC007,SUP015,2026-04-10,2026-04-13,2026-04-13,90,90,Delivered
PO-16125,MED033,LOC003,SUP004,2026-04-10,2026-04-16,2026-04-16,160,160,Delivered
PO-16126,MED034,LOC004,SUP013,2026-04-10,2026-04-16,2026-04-16,50,50,Delivered
PO-16127,MED042,LOC003,SUP003,2026-04-10,2026-04-12,2026-04-12,630,630,Delivered
PO-16128,MED044,LOC002,SUP010,2026-04-10,2026-04-15,2026-04-15,200,200,Delivered
PO-16129,MED048,LOC006,SUP015,2026-04-10,2026-04-12,2026-04-12,410,410,Delivered
PO-16130,MED049,LOC006,SUP015,2026-04-10,2026-04-13,2026-04-13,1920,1920,Delivered
PO-16131,MED053,LOC004,SUP010,2026-04-10,2026-04-16,2026-04-18,50,50,Delayed
PO-16132,MED054,LOC001,SUP015,2026-04-10,2026-04-12,2026-04-12,460,460,Delivered
PO-16133,MED054,LOC006,SUP015,2026-04-10,2026-04-12,2026-04-12,290,290,Delivered
PO-16134,MED056,LOC004,SUP005,2026-04-10,2026-04-15,2026-04-15,310,310,Delivered
PO-16135,MED056,LOC007,SUP005,2026-04-10,2026-04-15,2026-04-15,50,50,Delivered
PO-16136,MED057,LOC004,SUP008,2026-04-10,2026-04-14,2026-04-15,260,260,Delayed
PO-16137,MED058,LOC002,SUP008,2026-04-10,2026-04-15,2026-04-17,310,310,Delayed
PO-16138,MED061,LOC003,SUP004,2026-04-10,2026-04-17,2026-04-17,660,660,Delivered
PO-16139,MED061,LOC005,SUP004,2026-04-10,2026-04-17,2026-04-17,320,320,Delivered
PO-16140,MED061,LOC006,SUP004,2026-04-10,2026-04-17,2026-04-17,650,650,Delivered
PO-16141,MED062,LOC007,SUP004,2026-04-10,2026-04-15,2026-04-16,100,100,Delayed
PO-16142,MED063,LOC003,SUP004,2026-04-10,2026-04-17,2026-04-17,340,340,Delivered
PO-16143,MED073,LOC007,SUP004,2026-04-10,2026-04-16,2026-04-16,50,50,Delivered
PO-16144,MED002,LOC006,SUP010,2026-04-11,2026-04-18,2026-04-18,710,710,Delivered
PO-16145,MED006,LOC002,SUP001,2026-04-11,2026-04-16,2026-04-16,440,440,Delivered
PO-16146,MED012,LOC006,SUP007,2026-04-11,2026-04-15,2026-04-15,600,600,Delivered
PO-16147,MED012,LOC007,SUP007,2026-04-11,2026-04-15,2026-04-15,60,60,Delivered
PO-16148,MED013,LOC006,SUP007,2026-04-11,2026-04-16,2026-04-16,240,240,Delivered
PO-16149,MED018,LOC001,SUP001,2026-04-11,2026-04-14,2026-04-14,1930,1930,Delivered
PO-16150,MED022,LOC004,SUP002,2026-04-11,2026-04-15,2026-04-15,160,160,Delivered
PO-16151,MED024,LOC005,SUP009,2026-04-11,2026-04-16,2026-04-16,650,650,Delivered
PO-16152,MED031,LOC007,SUP015,2026-04-11,2026-04-14,2026-04-14,80,80,Delivered
PO-16153,MED032,LOC001,SUP009,2026-04-11,2026-04-14,2026-04-14,660,660,Delivered
PO-16154,MED033,LOC001,SUP004,2026-04-11,2026-04-17,2026-04-17,230,230,Delivered
PO-16155,MED034,LOC006,SUP013,2026-04-11,2026-04-17,2026-04-17,220,220,Delivered
PO-16156,MED035,LOC001,SUP015,2026-04-11,2026-04-13,2026-04-13,260,260,Delivered
PO-16157,MED039,LOC001,SUP006,2026-04-11,2026-04-19,2026-04-19,70,70,Delivered
PO-16158,MED039,LOC005,SUP006,2026-04-11,2026-04-19,2026-04-19,50,50,Delivered
PO-16159,MED043,LOC001,SUP003,2026-04-11,2026-04-13,2026-04-13,270,270,Delivered
PO-16160,MED045,LOC007,SUP004,2026-04-11,2026-04-16,2026-04-16,60,60,Delivered
PO-16161,MED047,LOC006,SUP015,2026-04-11,2026-04-14,2026-04-14,510,510,Delivered
PO-16162,MED049,LOC003,SUP015,2026-04-11,2026-04-14,2026-04-14,1970,1970,Delivered
PO-16163,MED050,LOC006,SUP005,2026-04-11,2026-04-15,2026-04-15,2310,2310,Delivered
PO-16164,MED053,LOC005,SUP010,2026-04-11,2026-04-17,2026-04-17,110,110,Delivered
PO-16165,MED055,LOC003,SUP015,2026-04-11,2026-04-14,2026-04-14,780,780,Delivered
PO-16166,MED059,LOC005,SUP015,2026-04-11,2026-04-14,2026-04-14,230,230,Delivered
PO-16167,MED071,LOC006,SUP014,2026-04-11,2026-04-17,2026-04-17,140,140,Delivered
PO-16168,MED072,LOC005,SUP006,2026-04-11,2026-04-18,2026-04-18,50,50,Delivered
PO-16169,MED073,LOC002,SUP004,2026-04-11,2026-04-17,2026-04-17,90,90,Delivered
PO-16170,MED073,LOC003,SUP004,2026-04-11,2026-04-17,2026-04-17,180,180,Delivered
PO-16171,MED074,LOC002,SUP006,2026-04-11,2026-04-19,2026-04-19,60,60,Delivered
PO-16172,MED002,LOC004,SUP010,2026-04-12,2026-04-19,2026-04-19,80,80,Delivered
PO-16173,MED004,LOC003,SUP001,2026-04-12,2026-04-16,2026-04-16,290,290,Delivered
PO-16174,MED007,LOC007,SUP011,2026-04-12,2026-04-15,2026-04-15,390,390,Delivered
PO-16175,MED015,LOC005,SUP011,2026-04-12,2026-04-15,2026-04-15,220,220,Delivered
PO-16176,MED018,LOC006,SUP001,2026-04-12,2026-04-15,2026-04-15,1330,1330,Delivered
PO-16177,MED019,LOC003,SUP015,2026-04-12,2026-04-15,2026-04-15,990,990,Delivered
PO-16178,MED029,LOC004,SUP015,2026-04-12,2026-04-15,2026-04-15,60,60,Delivered
PO-16179,MED029,LOC005,SUP015,2026-04-12,2026-04-15,2026-04-15,120,120,Delivered
PO-16180,MED030,LOC001,SUP004,2026-04-12,2026-04-17,2026-04-17,230,230,Delivered
PO-16181,MED035,LOC005,SUP015,2026-04-12,2026-04-14,2026-04-14,80,80,Delivered
PO-16182,MED047,LOC005,SUP015,2026-04-12,2026-04-15,2026-04-15,260,260,Delivered
PO-16183,MED050,LOC007,SUP005,2026-04-12,2026-04-16,2026-04-16,180,180,Delivered
PO-16184,MED051,LOC003,SUP015,2026-04-12,2026-04-14,2026-04-14,1800,1800,Delivered
PO-16185,MED052,LOC005,SUP015,2026-04-12,2026-04-15,2026-04-15,150,150,Delivered
PO-16186,MED054,LOC005,SUP015,2026-04-12,2026-04-14,2026-04-14,150,150,Delivered
PO-16187,MED055,LOC001,SUP015,2026-04-12,2026-04-15,2026-04-15,1090,1090,Delivered
PO-16188,MED056,LOC002,SUP005,2026-04-12,2026-04-17,2026-04-17,330,330,Delivered
PO-16189,MED069,LOC004,SUP004,2026-04-12,2026-04-19,2026-04-19,430,430,Delivered
PO-16190,MED074,LOC001,SUP006,2026-04-12,2026-04-20,2026-04-20,100,100,Delivered
PO-16191,MED001,LOC001,SUP001,2026-04-13,2026-04-18,2026-04-18,930,930,Delivered
PO-16192,MED001,LOC007,SUP001,2026-04-13,2026-04-18,2026-04-18,50,50,Delivered
PO-16193,MED002,LOC001,SUP010,2026-04-13,2026-04-20,2026-04-20,620,620,Delivered
PO-16194,MED007,LOC003,SUP011,2026-04-13,2026-04-16,2026-04-16,1130,1130,Delivered
PO-16195,MED008,LOC001,SUP001,2026-04-13,2026-04-18,2026-04-18,610,610,Delivered
PO-16196,MED008,LOC007,SUP001,2026-04-13,2026-04-18,2026-04-18,160,160,Delivered
PO-16197,MED011,LOC005,SUP011,2026-04-13,2026-04-18,2026-04-18,170,170,Delivered
PO-16198,MED014,LOC006,SUP007,2026-04-13,2026-04-16,2026-04-16,360,360,Delivered
PO-16199,MED015,LOC001,SUP011,2026-04-13,2026-04-16,2026-04-16,600,600,Delivered
PO-16200,MED017,LOC004,SUP001,2026-04-13,2026-04-18,2026-04-18,200,200,Delivered
PO-16201,MED018,LOC007,SUP001,2026-04-13,2026-04-16,2026-04-16,120,120,Delivered
PO-16202,MED020,LOC004,SUP004,2026-04-13,2026-04-18,2026-04-18,140,140,Delivered
PO-16203,MED021,LOC005,SUP002,2026-04-13,2026-04-17,2026-04-17,550,550,Delivered
PO-16204,MED022,LOC003,SUP002,2026-04-13,2026-04-17,2026-04-17,810,810,Delivered
PO-16205,MED025,LOC005,SUP002,2026-04-13,2026-04-18,2026-04-21,660,660,Delayed
PO-16206,MED034,LOC002,SUP013,2026-04-13,2026-04-19,2026-04-19,160,160,Delivered
PO-16207,MED035,LOC006,SUP015,2026-04-13,2026-04-15,2026-04-15,230,230,Delivered
PO-16208,MED037,LOC006,SUP015,2026-04-13,2026-04-17,2026-04-17,1880,1880,Delivered
PO-16209,MED040,LOC003,SUP004,2026-04-13,2026-04-18,2026-04-18,120,120,Delivered
PO-16210,MED040,LOC004,SUP004,2026-04-13,2026-04-18,2026-04-18,50,50,Delivered
PO-16211,MED041,LOC006,SUP015,2026-04-13,2026-04-15,2026-04-15,190,190,Delivered
PO-16212,MED044,LOC005,SUP010,2026-04-13,2026-04-18,2026-04-18,140,140,Delivered
PO-16213,MED045,LOC006,SUP004,2026-04-13,2026-04-18,2026-04-18,610,610,Delivered
PO-16214,MED050,LOC004,SUP005,2026-04-13,2026-04-17,2026-04-17,1200,1200,Delivered
PO-16215,MED055,LOC006,SUP015,2026-04-13,2026-04-16,2026-04-16,790,790,Delivered
PO-16216,MED060,LOC002,SUP015,2026-04-13,2026-04-15,2026-04-15,50,50,Delivered
PO-16217,MED061,LOC002,SUP004,2026-04-13,2026-04-20,2026-04-20,350,350,Delivered
PO-16218,MED063,LOC005,SUP004,2026-04-13,2026-04-20,2026-04-20,150,150,Delivered
PO-16219,MED067,LOC004,SUP012,2026-04-13,2026-04-19,2026-04-19,160,160,Delivered
PO-16220,MED068,LOC007,SUP004,2026-04-13,2026-04-19,2026-04-20,280,280,Delayed
PO-16221,MED072,LOC007,SUP006,2026-04-13,2026-04-20,2026-04-20,50,50,Delivered
PO-16222,MED007,LOC002,SUP011,2026-04-14,2026-04-17,2026-04-17,590,590,Delivered
PO-16223,MED008,LOC002,SUP001,2026-04-14,2026-04-19,2026-04-19,300,300,Delivered
PO-16224,MED025,LOC003,SUP002,2026-04-14,2026-04-19,2026-04-19,1600,1600,Delivered
PO-16225,MED025,LOC004,SUP002,2026-04-14,2026-04-19,2026-04-19,290,290,Delivered
PO-16226,MED033,LOC007,SUP004,2026-04-14,2026-04-20,2026-04-23,50,50,Delayed
PO-16227,MED034,LOC001,SUP013,2026-04-14,2026-04-20,2026-04-21,320,320,Delayed
PO-16228,MED037,LOC001,SUP015,2026-04-14,2026-04-18,2026-04-18,2670,2670,Delivered
PO-16229,MED037,LOC004,SUP015,2026-04-14,2026-04-18,2026-04-18,340,340,Delivered
PO-16230,MED041,LOC004,SUP015,2026-04-14,2026-04-16,2026-04-16,50,50,Delivered
PO-16231,MED042,LOC006,SUP003,2026-04-14,2026-04-16,2026-04-16,620,620,Delivered
PO-16232,MED052,LOC006,SUP015,2026-04-14,2026-04-17,2026-04-17,340,340,Delivered
PO-16233,MED053,LOC003,SUP010,2026-04-14,2026-04-20,2026-04-20,210,210,Delivered
PO-16234,MED056,LOC001,SUP005,2026-04-14,2026-04-19,2026-04-19,910,910,Delivered
PO-16235,MED057,LOC001,SUP008,2026-04-14,2026-04-18,2026-04-19,760,760,Delayed
PO-16236,MED064,LOC006,SUP005,2026-04-14,2026-04-19,2026-04-19,1970,1970,Delivered
PO-16237,MED065,LOC003,SUP015,2026-04-14,2026-04-16,2026-04-16,740,740,Delivered
PO-16238,MED066,LOC007,SUP004,2026-04-14,2026-04-20,2026-04-20,90,90,Delivered
PO-16239,MED067,LOC003,SUP012,2026-04-14,2026-04-20,2026-04-20,750,750,Delivered
PO-16240,MED069,LOC002,SUP004,2026-04-14,2026-04-21,2026-04-21,1330,1330,Delivered
PO-16241,MED070,LOC004,SUP004,2026-04-14,2026-04-20,2026-04-20,50,50,Delivered
PO-16242,MED073,LOC006,SUP004,2026-04-14,2026-04-20,2026-04-20,130,130,Delivered
PO-16243,MED007,LOC001,SUP011,2026-04-15,2026-04-18,2026-04-18,1520,1520,Delivered
PO-16244,MED012,LOC001,SUP007,2026-04-15,2026-04-19,2026-04-19,860,860,Delivered
PO-16245,MED013,LOC005,SUP007,2026-04-15,2026-04-20,2026-04-20,140,140,Delivered
PO-16246,MED014,LOC001,SUP007,2026-04-15,2026-04-18,2026-04-18,520,520,Delivered
PO-16247,MED014,LOC002,SUP007,2026-04-15,2026-04-18,2026-04-18,190,190,Delivered
PO-16248,MED020,LOC006,SUP004,2026-04-15,2026-04-20,2026-04-20,720,720,Delivered
PO-16249,MED022,LOC001,SUP002,2026-04-15,2026-04-19,2026-04-19,1030,1030,Delivered
PO-16250,MED023,LOC001,SUP002,2026-04-15,2026-04-19,2026-04-19,1390,1390,Delivered
PO-16251,MED024,LOC006,SUP009,2026-04-15,2026-04-20,2026-04-20,1410,1410,Delivered
PO-16252,MED027,LOC006,SUP009,2026-04-15,2026-04-20,2026-04-20,640,640,Delivered
PO-16253,MED029,LOC007,SUP015,2026-04-15,2026-04-18,2026-04-18,50,50,Delivered
PO-16254,MED032,LOC006,SUP009,2026-04-15,2026-04-18,2026-04-18,490,490,Delivered
PO-16255,MED038,LOC007,SUP015,2026-04-15,2026-04-17,2026-04-17,50,50,Delivered
PO-16256,MED040,LOC001,SUP004,2026-04-15,2026-04-20,2026-04-21,180,180,Delayed
PO-16257,MED041,LOC003,SUP015,2026-04-15,2026-04-17,2026-04-17,170,170,Delivered
PO-16258,MED046,LOC004,SUP015,2026-04-15,2026-04-19,2026-04-19,210,210,Delivered
PO-16259,MED047,LOC001,SUP015,2026-04-15,2026-04-18,2026-04-18,730,730,Delivered
PO-16260,MED049,LOC007,SUP015,2026-04-15,2026-04-18,2026-04-18,150,150,Delivered
PO-16261,MED050,LOC003,SUP005,2026-04-15,2026-04-19,2026-04-19,2450,2450,Delivered
PO-16262,MED055,LOC002,SUP015,2026-04-15,2026-04-18,2026-04-18,420,420,Delivered
PO-16263,MED058,LOC004,SUP008,2026-04-15,2026-04-20,2026-04-20,280,280,Delivered
PO-16264,MED061,LOC007,SUP004,2026-04-15,2026-04-22,2026-04-22,60,60,Delivered
PO-16265,MED064,LOC001,SUP005,2026-04-15,2026-04-20,2026-04-20,2730,2730,Delivered
PO-16266,MED067,LOC007,SUP012,2026-04-15,2026-04-21,2026-04-21,70,70,Delivered
PO-16267,MED069,LOC005,SUP004,2026-04-15,2026-04-22,2026-04-22,950,950,Delivered
PO-16268,MED071,LOC005,SUP014,2026-04-15,2026-04-21,2026-04-21,70,70,Delivered
PO-16269,MED002,LOC005,SUP010,2026-04-16,2026-04-23,2026-04-23,190,190,Delivered
PO-16270,MED003,LOC005,SUP001,2026-04-16,2026-04-19,2026-04-19,110,110,Delivered
PO-16271,MED005,LOC006,SUP001,2026-04-16,2026-04-21,2026-04-21,360,360,Delivered
PO-16272,MED006,LOC001,SUP001,2026-04-16,2026-04-21,2026-04-21,1090,1090,Delivered
PO-16273,MED007,LOC006,SUP011,2026-04-16,2026-04-19,2026-04-19,1140,1140,Delivered
PO-16274,MED008,LOC003,SUP001,2026-04-16,2026-04-21,2026-04-21,480,480,Delivered
PO-16275,MED008,LOC005,SUP001,2026-04-16,2026-04-21,2026-04-21,240,240,Delivered
PO-16276,MED013,LOC003,SUP007,2026-04-16,2026-04-21,2026-04-21,260,260,Delivered
PO-16277,MED014,LOC003,SUP007,2026-04-16,2026-04-19,2026-04-19,400,400,Delivered
PO-16278,MED015,LOC002,SUP011,2026-04-16,2026-04-19,2026-04-19,240,240,Delivered
PO-16279,MED015,LOC004,SUP011,2026-04-16,2026-04-19,2026-04-19,90,90,Delivered
PO-16280,MED017,LOC006,SUP001,2026-04-16,2026-04-21,2026-04-21,1080,1080,Delivered
PO-16281,MED019,LOC004,SUP015,2026-04-16,2026-04-19,2026-04-19,210,210,Delivered
PO-16282,MED021,LOC003,SUP002,2026-04-16,2026-04-20,2026-04-20,1300,1300,Delivered
PO-16283,MED023,LOC003,SUP002,2026-04-16,2026-04-20,2026-04-20,1070,1070,Delivered
PO-16284,MED023,LOC006,SUP002,2026-04-16,2026-04-20,2026-04-20,1020,1020,Delivered
PO-16285,MED025,LOC001,SUP002,2026-04-16,2026-04-21,2026-04-21,2170,2170,Delivered
PO-16286,MED026,LOC001,SUP002,2026-04-16,2026-04-22,2026-04-22,2320,2320,Delivered
PO-16287,MED026,LOC003,SUP002,2026-04-16,2026-04-22,2026-04-22,1860,1860,Delivered
PO-16288,MED027,LOC005,SUP009,2026-04-16,2026-04-21,2026-04-21,300,300,Delivered
PO-16289,MED036,LOC002,SUP003,2026-04-16,2026-04-18,2026-04-18,880,880,Delivered
PO-16290,MED042,LOC005,SUP003,2026-04-16,2026-04-18,2026-04-18,270,270,Delivered
PO-16291,MED046,LOC006,SUP015,2026-04-16,2026-04-20,2026-04-20,850,850,Delivered
PO-16292,MED048,LOC002,SUP015,2026-04-16,2026-04-18,2026-04-18,220,220,Delivered
PO-16293,MED049,LOC001,SUP015,2026-04-16,2026-04-19,2026-04-19,2520,2520,Delivered
PO-16294,MED049,LOC002,SUP015,2026-04-16,2026-04-19,2026-04-19,1050,1050,Delivered
PO-16295,MED050,LOC001,SUP005,2026-04-16,2026-04-20,2026-04-20,3090,3090,Delivered
PO-16296,MED052,LOC001,SUP015,2026-04-16,2026-04-19,2026-04-19,500,500,Delivered
PO-16297,MED053,LOC006,SUP010,2026-04-16,2026-04-22,2026-04-22,330,330,Delivered
PO-16298,MED055,LOC004,SUP015,2026-04-16,2026-04-19,2026-04-19,160,160,Delivered
PO-16299,MED057,LOC006,SUP008,2026-04-16,2026-04-20,2026-04-20,540,540,Delivered
PO-16300,MED058,LOC001,SUP008,2026-04-16,2026-04-21,2026-04-21,770,770,Delivered
PO-16301,MED064,LOC003,SUP005,2026-04-16,2026-04-21,2026-04-21,2170,2170,Delivered
PO-16302,MED069,LOC003,SUP004,2026-04-16,2026-04-23,2026-04-23,2610,2610,Delivered
PO-16303,MED071,LOC001,SUP014,2026-04-16,2026-04-22,2026-04-22,180,180,Delivered
PO-16304,MED072,LOC001,SUP006,2026-04-16,2026-04-23,2026-04-23,90,90,Delivered
PO-16305,MED075,LOC002,SUP004,2026-04-16,2026-04-22,2026-04-22,350,350,Delivered
PO-16306,MED005,LOC005,SUP001,2026-04-17,2026-04-22,2026-04-22,130,130,Delivered
PO-16307,MED007,LOC005,SUP011,2026-04-17,2026-04-20,2026-04-20,530,530,Delivered
PO-16308,MED008,LOC006,SUP001,2026-04-17,2026-04-22,2026-04-22,480,480,Delivered
PO-16309,MED009,LOC001,SUP007,2026-04-17,2026-04-21,2026-04-21,1780,1780,Delivered
PO-16310,MED009,LOC006,SUP007,2026-04-17,2026-04-21,2026-04-21,1210,1210,Delivered
PO-16311,MED010,LOC002,SUP007,2026-04-17,2026-04-21,2026-04-21,440,440,Delivered
PO-16312,MED011,LOC002,SUP011,2026-04-17,2026-04-22,2026-04-22,190,190,Delivered
PO-16313,MED011,LOC006,SUP011,2026-04-17,2026-04-22,2026-04-22,350,350,Delivered
PO-16314,MED016,LOC001,SUP001,2026-04-17,2026-04-21,2026-04-21,2440,2440,Delivered
PO-16315,MED017,LOC001,SUP001,2026-04-17,2026-04-22,2026-04-22,1550,1550,Delivered
PO-16316,MED018,LOC002,SUP001,2026-04-17,2026-04-20,2026-04-20,780,780,Delivered
PO-16317,MED019,LOC005,SUP015,2026-04-17,2026-04-20,2026-04-20,440,440,Delivered
PO-16318,MED022,LOC007,SUP002,2026-04-17,2026-04-21,2026-04-21,60,60,Delivered
PO-16319,MED024,LOC003,SUP009,2026-04-17,2026-04-22,2026-04-24,1470,1470,Delayed
PO-16320,MED025,LOC002,SUP002,2026-04-17,2026-04-22,2026-04-22,850,850,Delivered
PO-16321,MED027,LOC001,SUP009,2026-04-17,2026-04-22,2026-04-25,840,840,Delayed
PO-16322,MED027,LOC003,SUP009,2026-04-17,2026-04-22,2026-04-22,690,690,Delivered
PO-16323,MED029,LOC001,SUP015,2026-04-17,2026-04-20,2026-04-20,320,320,Delivered
PO-16324,MED030,LOC007,SUP004,2026-04-17,2026-04-22,2026-04-22,50,50,Delivered
PO-16325,MED031,LOC003,SUP015,2026-04-17,2026-04-20,2026-04-20,1060,1060,Delivered
PO-16326,MED036,LOC004,SUP003,2026-04-17,2026-04-19,2026-04-19,320,320,Delivered
PO-16327,MED038,LOC005,SUP015,2026-04-17,2026-04-19,2026-04-19,50,50,Delivered
PO-16328,MED042,LOC002,SUP003,2026-04-17,2026-04-19,2026-04-19,340,340,Delivered
PO-16329,MED043,LOC005,SUP003,2026-04-17,2026-04-19,2026-04-19,110,110,Delivered
PO-16330,MED044,LOC006,SUP010,2026-04-17,2026-04-22,2026-04-22,420,420,Delivered
PO-16331,MED047,LOC004,SUP015,2026-04-17,2026-04-20,2026-04-20,120,120,Delivered
PO-16332,MED048,LOC005,SUP015,2026-04-17,2026-04-19,2026-04-19,190,190,Delivered
PO-16333,MED052,LOC002,SUP015,2026-04-17,2026-04-20,2026-04-20,190,190,Delivered
PO-16334,MED058,LOC005,SUP008,2026-04-17,2026-04-22,2026-04-22,260,260,Delivered
PO-16335,MED058,LOC006,SUP008,2026-04-17,2026-04-22,2026-04-22,610,610,Delivered
PO-16336,MED059,LOC006,SUP015,2026-04-17,2026-04-20,2026-04-20,490,490,Delivered
PO-16337,MED059,LOC007,SUP015,2026-04-17,2026-04-20,2026-04-20,50,50,Delivered
PO-16338,MED062,LOC004,SUP004,2026-04-17,2026-04-22,2026-04-22,200,200,Delivered
PO-16339,MED065,LOC007,SUP015,2026-04-17,2026-04-19,2026-04-19,70,70,Delivered
PO-16340,MED066,LOC001,SUP004,2026-04-17,2026-04-23,2026-04-23,1350,1350,Delivered
PO-16341,MED069,LOC001,SUP004,2026-04-17,2026-04-24,2026-04-24,3230,3230,Delivered
PO-16342,MED070,LOC003,SUP004,2026-04-17,2026-04-23,2026-04-23,460,460,Delivered
PO-16343,MED073,LOC005,SUP004,2026-04-17,2026-04-23,2026-04-23,90,90,Delivered
PO-16344,MED001,LOC003,SUP001,2026-04-18,2026-04-23,2026-04-23,720,720,Delivered
PO-16345,MED009,LOC002,SUP007,2026-04-18,2026-04-22,2026-04-22,670,670,Delivered
PO-16346,MED010,LOC001,SUP007,2026-04-18,2026-04-22,2026-04-22,1070,1070,Delivered
PO-16347,MED011,LOC003,SUP011,2026-04-18,2026-04-23,2026-04-23,410,410,Delivered
PO-16348,MED013,LOC002,SUP007,2026-04-18,2026-04-23,2026-04-23,140,140,Delivered
PO-16349,MED016,LOC003,SUP001,2026-04-18,2026-04-22,2026-04-22,1890,1890,Delivered
PO-16350,MED017,LOC003,SUP001,2026-04-18,2026-04-23,2026-04-23,1160,1160,Delivered
PO-16351,MED019,LOC002,SUP015,2026-04-18,2026-04-21,2026-04-21,570,570,Delivered
PO-16352,MED020,LOC003,SUP004,2026-04-18,2026-04-23,2026-04-23,780,780,Delivered
PO-16353,MED025,LOC006,SUP002,2026-04-18,2026-04-23,2026-04-23,1550,1550,Delivered
PO-16354,MED025,LOC007,SUP002,2026-04-18,2026-04-23,2026-04-23,130,130,Delivered
PO-16355,MED029,LOC002,SUP015,2026-04-18,2026-04-21,2026-04-21,140,140,Delivered
PO-16356,MED032,LOC002,SUP009,2026-04-18,2026-04-21,2026-04-21,290,290,Delivered
PO-16357,MED036,LOC007,SUP003,2026-04-18,2026-04-20,2026-04-20,100,100,Delivered
PO-16358,MED037,LOC002,SUP015,2026-04-18,2026-04-22,2026-04-22,1020,1020,Delivered
PO-16359,MED045,LOC001,SUP004,2026-04-18,2026-04-23,2026-04-23,740,740,Delivered
PO-16360,MED046,LOC001,SUP015,2026-04-18,2026-04-22,2026-04-22,1140,1140,Delivered
PO-16361,MED048,LOC007,SUP015,2026-04-18,2026-04-20,2026-04-20,50,50,Delivered
PO-16362,MED054,LOC002,SUP015,2026-04-18,2026-04-20,2026-04-20,160,160,Delivered
PO-16363,MED056,LOC005,SUP005,2026-04-18,2026-04-23,2026-04-23,290,290,Delivered
PO-16364,MED059,LOC001,SUP015,2026-04-18,2026-04-21,2026-04-21,720,720,Delivered
PO-16365,MED060,LOC006,SUP015,2026-04-18,2026-04-20,2026-04-20,90,90,Delivered
PO-16366,MED063,LOC001,SUP004,2026-04-18,2026-04-25,2026-04-25,460,460,Delivered
PO-16367,MED064,LOC002,SUP005,2026-04-18,2026-04-23,2026-04-23,1050,1050,Delivered
PO-16368,MED064,LOC007,SUP005,2026-04-18,2026-04-23,2026-04-23,140,140,Delivered
PO-16369,MED065,LOC005,SUP015,2026-04-18,2026-04-20,2026-04-20,300,300,Delivered
PO-16370,MED066,LOC002,SUP004,2026-04-18,2026-04-24,2026-04-24,540,540,Delivered
PO-16371,MED066,LOC006,SUP004,2026-04-18,2026-04-24,2026-04-24,910,910,Delivered
PO-16372,MED068,LOC001,SUP004,2026-04-18,2026-04-24,2026-04-25,4390,4390,Delayed
PO-16373,MED069,LOC007,SUP004,2026-04-18,2026-04-25,2026-04-25,180,180,Delivered
PO-16374,MED072,LOC002,SUP006,2026-04-18,2026-04-25,2026-04-25,50,50,Delivered
PO-16375,MED074,LOC004,SUP006,2026-04-18,2026-04-26,2026-04-26,50,50,Delivered
PO-16376,MED003,LOC001,SUP001,2026-04-19,2026-04-22,2026-04-22,350,350,Delivered
PO-16377,MED003,LOC003,SUP001,2026-04-19,2026-04-22,2026-04-22,250,250,Delivered
PO-16378,MED004,LOC006,SUP001,2026-04-19,2026-04-23,2026-04-23,410,410,Delivered
PO-16379,MED005,LOC001,SUP001,2026-04-19,2026-04-24,2026-04-24,410,410,Delivered
PO-16380,MED010,LOC003,SUP007,2026-04-19,2026-04-23,2026-04-23,820,820,Delivered
PO-16381,MED012,LOC004,SUP007,2026-04-19,2026-04-23,2026-04-23,140,140,Delivered
PO-16382,MED013,LOC001,SUP007,2026-04-19,2026-04-24,2026-04-24,310,310,Delivered
PO-16383,MED016,LOC004,SUP001,2026-04-19,2026-04-23,2026-04-23,360,360,Delivered
PO-16384,MED017,LOC005,SUP001,2026-04-19,2026-04-24,2026-04-24,480,480,Delivered
PO-16385,MED018,LOC003,SUP001,2026-04-19,2026-04-22,2026-04-22,1450,1450,Delivered
PO-16386,MED020,LOC005,SUP004,2026-04-19,2026-04-24,2026-04-24,340,340,Delivered
PO-16387,MED021,LOC006,SUP002,2026-04-19,2026-04-23,2026-04-23,1300,1300,Delivered
PO-16388,MED024,LOC001,SUP009,2026-04-19,2026-04-24,2026-04-24,1890,1890,Delivered
PO-16389,MED026,LOC006,SUP002,2026-04-19,2026-04-25,2026-04-25,1740,1740,Delivered
PO-16390,MED027,LOC002,SUP009,2026-04-19,2026-04-24,2026-04-24,290,290,Delivered
PO-16391,MED027,LOC007,SUP009,2026-04-19,2026-04-24,2026-04-24,50,50,Delivered
PO-16392,MED029,LOC006,SUP015,2026-04-19,2026-04-22,2026-04-22,220,220,Delivered
PO-16393,MED030,LOC005,SUP004,2026-04-19,2026-04-24,2026-04-24,80,80,Delivered
PO-16394,MED031,LOC004,SUP015,2026-04-19,2026-04-22,2026-04-22,190,190,Delivered
PO-16395,MED035,LOC003,SUP015,2026-04-19,2026-04-21,2026-04-21,300,300,Delivered
PO-16396,MED039,LOC002,SUP006,2026-04-19,2026-04-27,2026-04-27,50,50,Delivered
PO-16397,MED051,LOC005,SUP015,2026-04-19,2026-04-21,2026-04-21,790,790,Delivered
PO-16398,MED056,LOC006,SUP005,2026-04-19,2026-04-24,2026-04-24,670,670,Delivered
PO-16399,MED062,LOC001,SUP004,2026-04-19,2026-04-24,2026-04-24,1400,1400,Delivered
PO-16400,MED065,LOC004,SUP015,2026-04-19,2026-04-21,2026-04-21,150,150,Delivered
PO-16401,MED067,LOC001,SUP012,2026-04-19,2026-04-25,2026-04-25,1090,1090,Delivered
PO-16402,MED074,LOC005,SUP006,2026-04-19,2026-04-27,2026-04-27,50,50,Delivered
PO-16403,MED001,LOC006,SUP001,2026-04-20,2026-04-25,2026-04-25,990,990,Delivered
PO-16404,MED005,LOC004,SUP001,2026-04-20,2026-04-25,2026-04-25,60,60,Delivered
PO-16405,MED015,LOC003,SUP011,2026-04-20,2026-04-23,2026-04-23,500,500,Delivered
PO-16406,MED018,LOC005,SUP001,2026-04-20,2026-04-23,2026-04-23,640,640,Delivered
PO-16407,MED020,LOC001,SUP004,2026-04-20,2026-04-25,2026-04-25,1040,1040,Delivered
PO-16408,MED021,LOC001,SUP002,2026-04-20,2026-04-24,2026-04-24,1650,1650,Delivered
PO-16409,MED021,LOC004,SUP002,2026-04-20,2026-04-24,2026-04-24,230,230,Delivered
PO-16410,MED022,LOC006,SUP002,2026-04-20,2026-04-24,2026-04-24,780,780,Delivered
PO-16411,MED026,LOC002,SUP002,2026-04-20,2026-04-26,2026-04-26,910,910,Delivered
PO-16412,MED026,LOC004,SUP002,2026-04-20,2026-04-26,2026-04-26,350,350,Delivered
PO-16413,MED027,LOC004,SUP009,2026-04-20,2026-04-25,2026-04-25,130,130,Delivered
PO-16414,MED028,LOC001,SUP002,2026-04-20,2026-04-25,2026-04-25,750,750,Delivered
PO-16415,MED028,LOC004,SUP002,2026-04-20,2026-04-25,2026-04-25,120,120,Delivered
PO-16416,MED028,LOC006,SUP002,2026-04-20,2026-04-25,2026-04-25,530,530,Delivered
PO-16417,MED032,LOC007,SUP009,2026-04-20,2026-04-23,2026-04-23,50,50,Delivered
PO-16418,MED033,LOC002,SUP004,2026-04-20,2026-04-26,2026-04-26,80,80,Delivered
PO-16419,MED033,LOC005,SUP004,2026-04-20,2026-04-26,2026-04-26,70,70,Delivered
PO-16420,MED034,LOC004,SUP013,2026-04-20,2026-04-26,2026-04-26,60,60,Delivered
PO-16421,MED036,LOC006,SUP003,2026-04-20,2026-04-22,2026-04-22,1680,1680,Delivered
PO-16422,MED037,LOC003,SUP015,2026-04-20,2026-04-24,2026-04-24,2030,2030,Delivered
PO-16423,MED037,LOC007,SUP015,2026-04-20,2026-04-24,2026-04-24,170,170,Delivered
PO-16424,MED041,LOC001,SUP015,2026-04-20,2026-04-22,2026-04-22,220,220,Delivered
PO-16425,MED044,LOC003,SUP010,2026-04-20,2026-04-25,2026-04-25,490,490,Delivered
PO-16426,MED046,LOC007,SUP015,2026-04-20,2026-04-24,2026-04-24,80,80,Delivered
PO-16427,MED049,LOC004,SUP015,2026-04-20,2026-04-23,2026-04-23,370,370,Delivered
PO-16428,MED049,LOC005,SUP015,2026-04-20,2026-04-23,2026-04-23,830,830,Delivered
PO-16429,MED051,LOC007,SUP015,2026-04-20,2026-04-22,2026-04-22,140,140,Delivered
PO-16430,MED052,LOC003,SUP015,2026-04-20,2026-04-23,2026-04-23,330,330,Delivered
PO-16431,MED053,LOC004,SUP010,2026-04-20,2026-04-26,2026-04-26,60,60,Delivered
PO-16432,MED057,LOC005,SUP008,2026-04-20,2026-04-24,2026-04-24,260,260,Delivered
PO-16433,MED061,LOC004,SUP004,2026-04-20,2026-04-27,2026-04-27,120,120,Delivered
PO-16434,MED062,LOC002,SUP004,2026-04-20,2026-04-25,2026-04-25,550,550,Delivered
PO-16435,MED062,LOC006,SUP004,2026-04-20,2026-04-25,2026-04-25,1070,1070,Delivered
PO-16436,MED063,LOC002,SUP004,2026-04-20,2026-04-27,2026-04-28,170,170,Delayed
PO-16437,MED063,LOC004,SUP004,2026-04-20,2026-04-27,2026-04-28,60,60,Delayed
PO-16438,MED064,LOC004,SUP005,2026-04-20,2026-04-25,2026-04-25,390,390,Delivered
PO-16439,MED066,LOC003,SUP004,2026-04-20,2026-04-26,2026-04-27,1030,1030,Delayed
PO-16440,MED066,LOC004,SUP004,2026-04-20,2026-04-26,2026-04-28,210,210,Delayed
PO-16441,MED068,LOC002,SUP004,2026-04-20,2026-04-26,2026-04-28,1740,1740,Delayed
PO-16442,MED068,LOC003,SUP004,2026-04-20,2026-04-26,2026-04-28,3300,3300,Delayed
PO-16443,MED069,LOC006,SUP004,2026-04-20,2026-04-27,2026-04-27,3400,3400,Delivered
PO-16444,MED070,LOC001,SUP004,2026-04-20,2026-04-26,2026-04-26,550,550,Delivered
PO-16445,MED071,LOC004,SUP014,2026-04-20,2026-04-26,2026-04-26,50,50,Delivered
PO-16446,MED075,LOC001,SUP004,2026-04-20,2026-04-26,2026-04-26,800,800,Delivered
PO-16447,MED075,LOC006,SUP004,2026-04-20,2026-04-26,2026-04-26,570,570,Delivered
PO-16448,MED002,LOC002,SUP010,2026-04-21,2026-04-28,2026-05-01,220,220,Delayed
PO-16449,MED002,LOC003,SUP010,2026-04-21,2026-04-28,2026-04-28,510,510,Delivered
PO-16450,MED004,LOC001,SUP001,2026-04-21,2026-04-25,2026-04-25,420,420,Delivered
PO-16451,MED006,LOC004,SUP001,2026-04-21,2026-04-26,2026-04-26,150,150,Delivered
PO-16452,MED009,LOC004,SUP007,2026-04-21,2026-04-25,2026-04-25,270,270,Delivered
PO-16453,MED011,LOC001,SUP011,2026-04-21,2026-04-26,2026-04-26,500,500,Delivered
PO-16454,MED012,LOC003,SUP007,2026-04-21,2026-04-25,2026-04-25,660,660,Delivered
PO-16455,MED012,LOC005,SUP007,2026-04-21,2026-04-25,2026-04-25,330,330,Delivered
PO-16456,MED017,LOC002,SUP001,2026-04-21,2026-04-26,2026-04-26,610,610,Delivered
PO-16457,MED021,LOC002,SUP002,2026-04-21,2026-04-25,2026-04-25,700,700,Delivered
PO-16458,MED024,LOC004,SUP009,2026-04-21,2026-04-26,2026-04-26,260,260,Delivered
PO-16459,MED028,LOC002,SUP002,2026-04-21,2026-04-26,2026-04-26,310,310,Delivered
PO-16460,MED030,LOC004,SUP004,2026-04-21,2026-04-26,2026-04-26,50,50,Delivered
PO-16461,MED030,LOC006,SUP004,2026-04-21,2026-04-26,2026-04-26,180,180,Delivered
PO-16462,MED031,LOC002,SUP015,2026-04-21,2026-04-24,2026-04-24,580,580,Delivered
PO-16463,MED032,LOC003,SUP009,2026-04-21,2026-04-24,2026-04-24,490,490,Delivered
PO-16464,MED033,LOC006,SUP004,2026-04-21,2026-04-27,2026-04-27,150,150,Delivered
PO-16465,MED036,LOC003,SUP003,2026-04-21,2026-04-23,2026-04-23,1750,1750,Delivered
PO-16466,MED038,LOC001,SUP015,2026-04-21,2026-04-23,2026-04-23,140,140,Delivered
PO-16467,MED040,LOC002,SUP004,2026-04-21,2026-04-26,2026-04-26,70,70,Delivered
PO-16468,MED044,LOC004,SUP010,2026-04-21,2026-04-26,2026-04-26,60,60,Delivered
PO-16469,MED045,LOC002,SUP004,2026-04-21,2026-04-26,2026-04-26,310,310,Delivered
PO-16470,MED045,LOC004,SUP004,2026-04-21,2026-04-26,2026-04-26,130,130,Delivered
PO-16471,MED046,LOC003,SUP015,2026-04-21,2026-04-25,2026-04-25,910,910,Delivered
PO-16472,MED050,LOC002,SUP005,2026-04-21,2026-04-25,2026-04-25,1230,1230,Delivered
PO-16473,MED057,LOC003,SUP008,2026-04-21,2026-04-25,2026-04-25,590,590,Delivered
PO-16474,MED057,LOC007,SUP008,2026-04-21,2026-04-25,2026-04-25,50,50,Delivered
PO-16475,MED058,LOC007,SUP008,2026-04-21,2026-04-26,2026-04-26,60,60,Delivered
PO-16476,MED059,LOC004,SUP015,2026-04-21,2026-04-24,2026-04-24,110,110,Delivered
PO-16477,MED063,LOC003,SUP004,2026-04-21,2026-04-28,2026-04-28,380,380,Delivered
PO-16478,MED063,LOC006,SUP004,2026-04-21,2026-04-28,2026-04-28,320,320,Delivered
PO-16479,MED067,LOC006,SUP012,2026-04-21,2026-04-27,2026-04-27,740,740,Delivered
PO-16480,MED068,LOC005,SUP004,2026-04-21,2026-04-27,2026-04-27,1440,1440,Delivered
PO-16481,MED068,LOC006,SUP004,2026-04-21,2026-04-27,2026-04-27,4810,4810,Delivered
PO-16482,MED071,LOC002,SUP014,2026-04-21,2026-04-27,2026-04-27,60,60,Delivered
PO-16483,MED072,LOC006,SUP006,2026-04-21,2026-04-28,2026-04-28,50,50,Delivered
PO-16484,MED075,LOC004,SUP004,2026-04-21,2026-04-27,2026-04-29,50,50,Delayed
PO-16485,MED005,LOC002,SUP001,2026-04-22,2026-04-27,2026-04-27,140,140,Delivered
PO-16486,MED005,LOC003,SUP001,2026-04-22,2026-04-27,2026-04-27,290,290,Delivered
PO-16487,MED006,LOC003,SUP001,2026-04-22,2026-04-27,2026-04-27,870,870,Delivered
PO-16488,MED009,LOC003,SUP007,2026-04-22,2026-04-26,2026-04-26,1290,1290,Delivered
PO-16489,MED016,LOC002,SUP001,2026-04-22,2026-04-26,2026-04-26,990,990,Delivered
PO-16490,MED024,LOC002,SUP009,2026-04-22,2026-04-27,2026-04-27,720,720,Delivered
PO-16491,MED026,LOC005,SUP002,2026-04-22,2026-04-28,2026-05-01,780,780,Delayed
PO-16492,MED026,LOC007,SUP002,2026-04-22,2026-04-28,2026-04-28,140,140,Delivered
PO-16493,MED031,LOC005,SUP015,2026-04-22,2026-04-25,2026-04-25,500,500,Delivered
PO-16494,MED035,LOC002,SUP015,2026-04-22,2026-04-24,2026-04-24,120,120,Delivered
PO-16495,MED036,LOC001,SUP003,2026-04-22,2026-04-24,2026-04-24,2310,2310,Delivered
PO-16496,MED039,LOC003,SUP006,2026-04-22,2026-04-30,2026-04-30,50,50,Delivered
PO-16497,MED039,LOC006,SUP006,2026-04-22,2026-04-30,2026-04-30,70,70,Delivered
PO-16498,MED042,LOC004,SUP003,2026-04-22,2026-04-24,2026-04-24,120,120,Delivered
PO-16499,MED044,LOC002,SUP010,2026-04-22,2026-04-27,2026-04-27,220,220,Delivered
PO-16500,MED046,LOC002,SUP015,2026-04-22,2026-04-26,2026-04-26,480,480,Delivered
PO-16501,MED047,LOC007,SUP015,2026-04-22,2026-04-25,2026-04-25,50,50,Delivered
PO-16502,MED051,LOC004,SUP015,2026-04-22,2026-04-24,2026-04-24,350,350,Delivered
PO-16503,MED057,LOC002,SUP008,2026-04-22,2026-04-26,2026-04-26,340,340,Delivered
PO-16504,MED058,LOC003,SUP008,2026-04-22,2026-04-27,2026-04-27,590,590,Delivered
PO-16505,MED060,LOC001,SUP015,2026-04-22,2026-04-24,2026-04-24,110,110,Delivered
PO-16506,MED061,LOC001,SUP004,2026-04-22,2026-04-29,2026-04-29,900,900,Delivered
PO-16507,MED065,LOC006,SUP015,2026-04-22,2026-04-24,2026-04-24,670,670,Delivered
PO-16508,MED066,LOC005,SUP004,2026-04-22,2026-04-28,2026-04-28,450,450,Delivered
PO-16509,MED067,LOC005,SUP012,2026-04-22,2026-04-28,2026-04-28,340,340,Delivered
PO-16510,MED068,LOC004,SUP004,2026-04-22,2026-04-28,2026-04-28,620,620,Delivered
PO-16511,MED070,LOC005,SUP004,2026-04-22,2026-04-28,2026-04-30,170,170,Delayed
PO-16512,MED070,LOC006,SUP004,2026-04-22,2026-04-28,2026-04-28,380,380,Delivered
PO-16513,MED072,LOC003,SUP006,2026-04-22,2026-04-29,2026-04-29,60,60,Delivered
PO-16514,MED073,LOC002,SUP004,2026-04-22,2026-04-28,2026-04-28,110,110,Delivered
PO-16515,MED075,LOC003,SUP004,2026-04-22,2026-04-28,2026-04-28,600,600,Delivered
PO-16516,MED075,LOC005,SUP004,2026-04-22,2026-04-28,2026-04-28,250,250,Delivered
PO-16517,MED004,LOC004,SUP001,2026-04-23,2026-04-27,2026-04-27,60,60,Delivered
PO-16518,MED006,LOC006,SUP001,2026-04-23,2026-04-28,2026-04-28,1220,1220,Delivered
PO-16519,MED008,LOC004,SUP001,2026-04-23,2026-04-28,2026-04-28,90,90,Delivered
PO-16520,MED011,LOC007,SUP011,2026-04-23,2026-04-28,2026-04-28,140,140,Delivered
PO-16521,MED012,LOC002,SUP007,2026-04-23,2026-04-27,2026-04-27,310,310,Delivered
PO-16522,MED015,LOC007,SUP011,2026-04-23,2026-04-26,2026-04-26,150,150,Delivered
PO-16523,MED016,LOC007,SUP001,2026-04-23,2026-04-27,2026-04-27,140,140,Delivered
PO-16524,MED020,LOC002,SUP004,2026-04-23,2026-04-28,2026-04-28,390,390,Delivered
PO-16525,MED020,LOC007,SUP004,2026-04-23,2026-04-28,2026-04-28,210,210,Delivered
PO-16526,MED022,LOC005,SUP002,2026-04-23,2026-04-27,2026-04-27,320,320,Delivered
PO-16527,MED023,LOC002,SUP002,2026-04-23,2026-04-27,2026-04-27,520,520,Delivered
PO-16528,MED023,LOC007,SUP002,2026-04-23,2026-04-27,2026-04-27,80,80,Delivered
PO-16529,MED024,LOC007,SUP009,2026-04-23,2026-04-28,2026-04-28,110,110,Delivered
PO-16530,MED029,LOC003,SUP015,2026-04-23,2026-04-26,2026-04-26,260,260,Delivered
PO-16531,MED030,LOC003,SUP004,2026-04-23,2026-04-28,2026-04-28,180,180,Delivered
PO-16532,MED033,LOC004,SUP004,2026-04-23,2026-04-29,2026-04-29,50,50,Delivered
PO-16533,MED034,LOC003,SUP013,2026-04-23,2026-04-29,2026-04-29,250,250,Delivered
PO-16534,MED034,LOC006,SUP013,2026-04-23,2026-04-29,2026-04-29,240,240,Delivered
PO-16535,MED034,LOC007,SUP013,2026-04-23,2026-04-29,2026-04-29,50,50,Delivered
PO-16536,MED035,LOC004,SUP015,2026-04-23,2026-04-25,2026-04-25,60,60,Delivered
PO-16537,MED037,LOC005,SUP015,2026-04-23,2026-04-27,2026-04-27,830,830,Delivered
PO-16538,MED040,LOC006,SUP004,2026-04-23,2026-04-28,2026-04-28,140,140,Delivered
PO-16539,MED044,LOC007,SUP010,2026-04-23,2026-04-28,2026-04-28,50,50,Delivered
PO-16540,MED047,LOC003,SUP015,2026-04-23,2026-04-26,2026-04-26,570,570,Delivered
PO-16541,MED059,LOC003,SUP015,2026-04-23,2026-04-26,2026-04-26,520,520,Delivered
PO-16542,MED069,LOC004,SUP004,2026-04-23,2026-04-30,2026-04-30,470,470,Delivered
PO-16543,MED071,LOC003,SUP014,2026-04-23,2026-04-29,2026-04-29,130,130,Delivered
PO-16544,MED073,LOC006,SUP004,2026-04-23,2026-04-29,2026-04-29,170,170,Delivered
PO-16545,MED075,LOC007,SUP004,2026-04-23,2026-04-29,2026-04-29,50,50,Delivered
PO-16546,MED003,LOC006,SUP001,2026-04-24,2026-04-27,2026-04-27,370,370,Delivered
PO-16547,MED004,LOC003,SUP001,2026-04-24,2026-04-28,2026-04-28,350,350,Delivered
PO-16548,MED006,LOC005,SUP001,2026-04-24,2026-04-29,2026-04-29,370,370,Delivered
PO-16549,MED007,LOC004,SUP011,2026-04-24,2026-04-27,2026-04-27,230,230,Delivered
PO-16550,MED010,LOC004,SUP007,2026-04-24,2026-04-28,2026-04-28,140,140,Delivered
PO-16551,MED011,LOC004,SUP011,2026-04-24,2026-04-29,2026-04-29,70,70,Delivered
PO-16552,MED016,LOC005,SUP001,2026-04-24,2026-04-28,2026-04-28,870,870,Delivered
PO-16553,MED028,LOC003,SUP002,2026-04-24,2026-04-29,2026-04-29,550,550,Delivered
PO-16554,MED030,LOC002,SUP004,2026-04-24,2026-04-29,2026-04-29,80,80,Delivered
PO-16555,MED034,LOC001,SUP013,2026-04-24,2026-04-30,2026-04-30,340,340,Delivered
PO-16556,MED035,LOC005,SUP015,2026-04-24,2026-04-26,2026-04-26,110,110,Delivered
PO-16557,MED040,LOC003,SUP004,2026-04-24,2026-04-29,2026-04-29,130,130,Delivered
PO-16558,MED041,LOC005,SUP015,2026-04-24,2026-04-26,2026-04-26,90,90,Delivered
PO-16559,MED042,LOC001,SUP003,2026-04-24,2026-04-26,2026-04-26,900,900,Delivered
PO-16560,MED043,LOC002,SUP003,2026-04-24,2026-04-26,2026-04-26,130,130,Delivered
PO-16561,MED044,LOC001,SUP010,2026-04-24,2026-04-29,2026-04-29,540,540,Delivered
PO-16562,MED044,LOC005,SUP010,2026-04-24,2026-04-29,2026-04-29,160,160,Delivered
PO-16563,MED053,LOC002,SUP010,2026-04-24,2026-04-30,2026-04-30,110,110,Delivered
PO-16564,MED059,LOC002,SUP015,2026-04-24,2026-04-27,2026-04-27,260,260,Delivered
PO-16565,MED061,LOC002,SUP004,2026-04-24,2026-05-01,2026-05-01,360,360,Delivered
PO-16566,MED061,LOC003,SUP004,2026-04-24,2026-05-01,2026-05-01,660,660,Delivered
PO-16567,MED061,LOC006,SUP004,2026-04-24,2026-05-01,2026-05-01,620,620,Delivered
PO-16568,MED061,LOC007,SUP004,2026-04-24,2026-05-01,2026-05-01,70,70,Delivered
PO-16569,MED062,LOC003,SUP004,2026-04-24,2026-04-29,2026-05-02,1060,1060,Delayed
PO-16570,MED067,LOC002,SUP012,2026-04-24,2026-04-30,2026-04-30,380,380,Delivered
PO-16571,MED070,LOC002,SUP004,2026-04-24,2026-04-30,2026-04-30,230,230,Delivered
PO-16572,MED010,LOC005,SUP007,2026-04-25,2026-04-29,2026-04-29,310,310,Delivered
PO-16573,MED017,LOC004,SUP001,2026-04-25,2026-04-30,2026-04-30,240,240,Delivered
PO-16574,MED023,LOC005,SUP002,2026-04-25,2026-04-29,2026-04-29,440,440,Delivered
PO-16575,MED031,LOC007,SUP015,2026-04-25,2026-04-28,2026-04-28,100,100,Delivered
PO-16576,MED034,LOC005,SUP013,2026-04-25,2026-05-01,2026-05-01,120,120,Delivered
PO-16577,MED040,LOC001,SUP004,2026-04-25,2026-04-30,2026-04-30,210,210,Delivered
PO-16578,MED043,LOC001,SUP003,2026-04-25,2026-04-27,2026-04-27,320,320,Delivered
PO-16579,MED046,LOC005,SUP015,2026-04-25,2026-04-29,2026-04-29,370,370,Delivered
PO-16580,MED051,LOC006,SUP015,2026-04-25,2026-04-27,2026-04-27,1860,1860,Delivered
PO-16581,MED053,LOC001,SUP010,2026-04-25,2026-05-01,2026-05-01,280,280,Delivered
PO-16582,MED054,LOC006,SUP015,2026-04-25,2026-04-27,2026-04-27,370,370,Delivered
PO-16583,MED056,LOC003,SUP005,2026-04-25,2026-04-30,2026-04-30,600,600,Delivered
PO-16584,MED056,LOC004,SUP005,2026-04-25,2026-04-30,2026-04-30,300,300,Delivered
PO-16585,MED063,LOC005,SUP004,2026-04-25,2026-05-02,2026-05-02,150,150,Delivered
PO-16586,MED001,LOC004,SUP001,2026-04-26,2026-05-01,2026-05-01,140,140,Delivered
PO-16587,MED002,LOC004,SUP010,2026-04-26,2026-05-03,2026-05-03,90,90,Delivered
PO-16588,MED002,LOC006,SUP010,2026-04-26,2026-05-03,2026-05-03,650,650,Delivered
PO-16589,MED009,LOC007,SUP007,2026-04-26,2026-04-30,2026-04-30,90,90,Delivered
PO-16590,MED019,LOC001,SUP015,2026-04-26,2026-04-29,2026-04-29,1290,1290,Delivered
PO-16591,MED019,LOC006,SUP015,2026-04-26,2026-04-29,2026-04-29,960,960,Delivered
PO-16592,MED032,LOC004,SUP009,2026-04-26,2026-04-29,2026-04-29,100,100,Delivered
PO-16593,MED033,LOC003,SUP004,2026-04-26,2026-05-02,2026-05-02,150,150,Delivered
PO-16594,MED038,LOC006,SUP015,2026-04-26,2026-04-28,2026-04-28,110,110,Delivered
PO-16595,MED045,LOC005,SUP004,2026-04-26,2026-05-01,2026-05-01,240,240,Delivered
PO-16596,MED047,LOC002,SUP015,2026-04-26,2026-04-29,2026-04-29,290,290,Delivered
PO-16597,MED049,LOC006,SUP015,2026-04-26,2026-04-29,2026-04-29,1870,1870,Delivered
PO-16598,MED051,LOC001,SUP015,2026-04-26,2026-04-28,2026-04-28,2460,2460,Delivered
PO-16599,MED052,LOC004,SUP015,2026-04-26,2026-04-29,2026-04-29,60,60,Delivered
PO-16600,MED052,LOC005,SUP015,2026-04-26,2026-04-29,2026-04-29,170,170,Delivered
PO-16601,MED057,LOC004,SUP008,2026-04-26,2026-04-30,2026-05-01,290,290,Delayed
PO-16602,MED058,LOC002,SUP008,2026-04-26,2026-05-01,2026-05-01,310,310,Delivered
PO-16603,MED064,LOC005,SUP005,2026-04-26,2026-05-01,2026-05-01,890,890,Delivered
PO-16604,MED067,LOC004,SUP012,2026-04-26,2026-05-02,2026-05-04,160,160,Delayed
PO-16605,MED001,LOC002,SUP001,2026-04-27,2026-05-02,2026-05-02,340,340,Delivered
PO-16606,MED001,LOC005,SUP001,2026-04-27,2026-05-02,2026-05-02,300,300,Delivered
PO-16607,MED002,LOC001,SUP010,2026-04-27,2026-05-04,2026-05-07,590,590,Delayed
PO-16608,MED003,LOC002,SUP001,2026-04-27,2026-04-30,2026-04-30,140,140,Delivered
PO-16609,MED004,LOC002,SUP001,2026-04-27,2026-05-01,2026-05-01,160,160,Delivered
PO-16610,MED009,LOC005,SUP007,2026-04-27,2026-05-01,2026-05-01,550,550,Delivered
PO-16611,MED010,LOC006,SUP007,2026-04-27,2026-05-01,2026-05-01,720,720,Delivered
PO-16612,MED015,LOC006,SUP011,2026-04-27,2026-04-30,2026-04-30,430,430,Delivered
PO-16613,MED016,LOC006,SUP001,2026-04-27,2026-05-01,2026-05-01,1780,1780,Delivered
PO-16614,MED017,LOC007,SUP001,2026-04-27,2026-05-02,2026-05-02,90,90,Delivered
PO-16615,MED018,LOC004,SUP001,2026-04-27,2026-04-30,2026-04-30,310,310,Delivered
PO-16616,MED021,LOC005,SUP002,2026-04-27,2026-05-01,2026-05-01,600,600,Delivered
PO-16617,MED021,LOC007,SUP002,2026-04-27,2026-05-01,2026-05-01,110,110,Delivered
PO-16618,MED025,LOC005,SUP002,2026-04-27,2026-05-02,2026-05-02,670,670,Delivered
PO-16619,MED032,LOC005,SUP009,2026-04-27,2026-04-30,2026-04-30,180,180,Delivered
PO-16620,MED035,LOC007,SUP015,2026-04-27,2026-04-29,2026-04-29,50,50,Delivered
PO-16621,MED042,LOC003,SUP003,2026-04-27,2026-04-29,2026-04-29,680,680,Delivered
PO-16622,MED043,LOC003,SUP003,2026-04-27,2026-04-29,2026-04-29,230,230,Delivered
PO-16623,MED043,LOC006,SUP003,2026-04-27,2026-04-29,2026-04-29,190,190,Delivered
PO-16624,MED047,LOC006,SUP015,2026-04-27,2026-04-30,2026-04-30,550,550,Delivered
PO-16625,MED051,LOC002,SUP015,2026-04-27,2026-04-29,2026-04-29,960,960,Delivered
PO-16626,MED055,LOC003,SUP015,2026-04-27,2026-04-30,2026-04-30,860,860,Delivered
PO-16627,MED055,LOC005,SUP015,2026-04-27,2026-04-30,2026-04-30,320,320,Delivered
PO-16628,MED062,LOC005,SUP004,2026-04-27,2026-05-02,2026-05-02,430,430,Delivered
PO-16629,MED062,LOC007,SUP004,2026-04-27,2026-05-02,2026-05-02,100,100,Delivered
PO-16630,MED065,LOC001,SUP015,2026-04-27,2026-04-29,2026-04-29,960,960,Delivered
PO-16631,MED066,LOC007,SUP004,2026-04-27,2026-05-03,2026-05-03,90,90,Delivered
PO-16632,MED069,LOC002,SUP004,2026-04-27,2026-05-04,2026-05-04,1250,1250,Delivered
PO-16633,MED069,LOC005,SUP004,2026-04-27,2026-05-04,2026-05-04,1050,1050,Delivered
PO-16634,MED073,LOC001,SUP004,2026-04-27,2026-05-03,2026-05-03,220,220,Delivered
PO-16635,MED002,LOC005,SUP010,2026-04-28,2026-05-05,2026-05-05,200,200,Delivered
PO-16636,MED007,LOC003,SUP011,2026-04-28,2026-05-01,2026-05-01,1220,1220,Delivered
PO-16637,MED008,LOC001,SUP001,2026-04-28,2026-05-03,2026-05-03,650,650,Delivered
PO-16638,MED008,LOC007,SUP001,2026-04-28,2026-05-03,2026-05-03,160,160,Delivered
PO-16639,MED012,LOC006,SUP007,2026-04-28,2026-05-02,2026-05-02,600,600,Delivered
PO-16640,MED013,LOC006,SUP007,2026-04-28,2026-05-03,2026-05-03,220,220,Delivered
PO-16641,MED014,LOC004,SUP007,2026-04-28,2026-05-01,2026-05-01,70,70,Delivered
PO-16642,MED014,LOC007,SUP007,2026-04-28,2026-05-01,2026-05-01,50,50,Delivered
PO-16643,MED019,LOC003,SUP015,2026-04-28,2026-05-01,2026-05-01,1090,1090,Delivered
PO-16644,MED022,LOC002,SUP002,2026-04-28,2026-05-02,2026-05-02,410,410,Delivered
PO-16645,MED028,LOC005,SUP002,2026-04-28,2026-05-03,2026-05-03,240,240,Delivered
PO-16646,MED029,LOC002,SUP015,2026-04-28,2026-05-01,2026-05-01,180,180,Delivered
PO-16647,MED031,LOC001,SUP015,2026-04-28,2026-05-01,2026-05-01,1460,1460,Delivered
PO-16648,MED031,LOC006,SUP015,2026-04-28,2026-05-01,2026-05-01,1120,1120,Delivered
PO-16649,MED032,LOC001,SUP009,2026-04-28,2026-05-01,2026-05-01,670,670,Delivered
PO-16650,MED038,LOC002,SUP015,2026-04-28,2026-04-30,2026-04-30,70,70,Delivered
PO-16651,MED039,LOC001,SUP006,2026-04-28,2026-05-06,2026-05-07,60,60,Delayed
PO-16652,MED045,LOC007,SUP004,2026-04-28,2026-05-03,2026-05-03,60,60,Delivered
PO-16653,MED050,LOC005,SUP005,2026-04-28,2026-05-02,2026-05-02,1050,1050,Delivered
PO-16654,MED050,LOC006,SUP005,2026-04-28,2026-05-02,2026-05-02,2300,2300,Delivered
PO-16655,MED050,LOC007,SUP005,2026-04-28,2026-05-02,2026-05-02,200,200,Delivered
PO-16656,MED054,LOC003,SUP015,2026-04-28,2026-04-30,2026-04-30,370,370,Delivered
PO-16657,MED055,LOC007,SUP015,2026-04-28,2026-05-01,2026-05-01,70,70,Delivered
PO-16658,MED056,LOC002,SUP005,2026-04-28,2026-05-03,2026-05-03,320,320,Delivered
PO-16659,MED058,LOC004,SUP008,2026-04-28,2026-05-03,2026-05-03,330,330,Delivered
PO-16660,MED063,LOC002,SUP004,2026-04-28,2026-05-05,2026-05-05,200,200,Delivered
PO-16661,MED065,LOC002,SUP015,2026-04-28,2026-04-30,2026-04-30,370,370,Delivered
PO-16662,MED067,LOC003,SUP012,2026-04-28,2026-05-04,2026-05-04,810,810,Delivered
PO-16663,MED073,LOC004,SUP004,2026-04-28,2026-05-04,2026-05-04,50,50,Delivered
PO-16664,MED074,LOC006,SUP006,2026-04-28,2026-05-06,2026-05-07,70,70,Delayed
PO-16665,MED003,LOC005,SUP001,2026-04-29,2026-05-02,2026-05-02,120,120,Delivered
PO-16666,MED006,LOC002,SUP001,2026-04-29,2026-05-04,2026-05-04,420,420,Delivered
PO-16667,MED013,LOC004,SUP007,2026-04-29,2026-05-04,2026-05-04,50,50,Delivered
PO-16668,MED013,LOC007,SUP007,2026-04-29,2026-05-04,2026-05-04,50,50,Delivered
PO-16669,MED014,LOC005,SUP007,2026-04-29,2026-05-02,2026-05-02,160,160,Delivered
PO-16670,MED018,LOC006,SUP001,2026-04-29,2026-05-02,2026-05-02,1440,1440,Delivered
PO-16671,MED024,LOC005,SUP009,2026-04-29,2026-05-04,2026-05-04,630,630,Delivered
PO-16672,MED033,LOC001,SUP004,2026-04-29,2026-05-05,2026-05-05,190,190,Delivered
PO-16673,MED037,LOC004,SUP015,2026-04-29,2026-05-03,2026-05-03,390,390,Delivered
PO-16674,MED037,LOC006,SUP015,2026-04-29,2026-05-03,2026-05-03,1880,1880,Delivered
PO-16675,MED041,LOC002,SUP015,2026-04-29,2026-05-01,2026-05-01,90,90,Delivered
PO-16676,MED043,LOC004,SUP003,2026-04-29,2026-05-01,2026-05-01,50,50,Delivered
PO-16677,MED044,LOC004,SUP010,2026-04-29,2026-05-04,2026-05-04,80,80,Delivered
PO-16678,MED045,LOC003,SUP004,2026-04-29,2026-05-04,2026-05-04,580,580,Delivered
PO-16679,MED045,LOC006,SUP004,2026-04-29,2026-05-04,2026-05-04,600,600,Delivered
PO-16680,MED048,LOC001,SUP015,2026-04-29,2026-05-01,2026-05-01,510,510,Delivered
PO-16681,MED048,LOC003,SUP015,2026-04-29,2026-05-01,2026-05-01,360,360,Delivered
PO-16682,MED053,LOC003,SUP010,2026-04-29,2026-05-05,2026-05-05,200,200,Delivered
PO-16683,MED053,LOC005,SUP010,2026-04-29,2026-05-05,2026-05-05,100,100,Delivered
PO-16684,MED056,LOC007,SUP005,2026-04-29,2026-05-04,2026-05-04,50,50,Delivered
PO-16685,MED059,LOC007,SUP015,2026-04-29,2026-05-02,2026-05-04,60,60,Delayed
PO-16686,MED061,LOC005,SUP004,2026-04-29,2026-05-06,2026-05-06,290,290,Delivered
PO-16687,MED069,LOC003,SUP004,2026-04-29,2026-05-06,2026-05-06,2530,2530,Delivered
PO-16688,MED071,LOC006,SUP014,2026-04-29,2026-05-05,2026-05-05,130,130,Delivered
PO-16689,MED074,LOC001,SUP006,2026-04-29,2026-05-07,2026-05-07,90,90,Delivered
PO-16690,MED074,LOC003,SUP006,2026-04-29,2026-05-07,2026-05-07,70,70,Delivered
PO-16691,MED001,LOC001,SUP001,2026-04-30,2026-05-05,2026-05-05,970,970,Delivered
PO-16692,MED005,LOC006,SUP001,2026-04-30,2026-05-05,2026-05-05,380,380,Delivered
PO-16693,MED014,LOC006,SUP007,2026-04-30,2026-05-03,2026-05-03,370,370,Delivered
PO-16694,MED018,LOC001,SUP001,2026-04-30,2026-05-03,2026-05-03,1880,1880,Delivered
PO-16695,MED020,LOC006,SUP004,2026-04-30,2026-05-05,2026-05-05,730,730,Delivered
PO-16696,MED022,LOC003,SUP002,2026-04-30,2026-05-04,2026-05-04,750,750,Delivered
PO-16697,MED023,LOC004,SUP002,2026-04-30,2026-05-04,2026-05-04,160,160,Delivered
PO-16698,MED025,LOC003,SUP002,2026-04-30,2026-05-05,2026-05-05,1650,1650,Delivered
PO-16699,MED025,LOC004,SUP002,2026-04-30,2026-05-05,2026-05-07,320,320,Delayed
PO-16700,MED026,LOC003,SUP002,2026-04-30,2026-05-06,2026-05-06,1840,1840,Delivered
PO-16701,MED028,LOC007,SUP002,2026-04-30,2026-05-05,2026-05-05,50,50,Delivered
PO-16702,MED030,LOC001,SUP004,2026-04-30,2026-05-05,2026-05-05,220,220,Delivered
PO-16703,MED036,LOC005,SUP003,2026-04-30,2026-05-02,2026-05-02,720,720,Delivered
PO-16704,MED036,LOC007,SUP003,2026-04-30,2026-05-02,2026-05-03,140,140,Delayed
PO-16705,MED037,LOC001,SUP015,2026-04-30,2026-05-04,2026-05-04,2570,2570,Delivered
PO-16706,MED038,LOC003,SUP015,2026-04-30,2026-05-02,2026-05-02,140,140,Delivered
PO-16707,MED041,LOC003,SUP015,2026-04-30,2026-05-02,2026-05-02,200,200,Delivered
PO-16708,MED046,LOC006,SUP015,2026-04-30,2026-05-04,2026-05-04,940,940,Delivered
PO-16709,MED049,LOC003,SUP015,2026-04-30,2026-05-03,2026-05-03,1860,1860,Delivered
PO-16710,MED050,LOC004,SUP005,2026-04-30,2026-05-04,2026-05-04,1100,1100,Delivered
PO-16711,MED051,LOC003,SUP015,2026-04-30,2026-05-02,2026-05-02,1880,1880,Delivered
PO-16712,MED054,LOC004,SUP015,2026-04-30,2026-05-02,2026-05-02,90,90,Delivered
PO-16713,MED054,LOC007,SUP015,2026-04-30,2026-05-02,2026-05-02,50,50,Delivered
PO-16714,MED059,LOC005,SUP015,2026-04-30,2026-05-03,2026-05-03,200,200,Delivered
PO-16715,MED064,LOC006,SUP005,2026-04-30,2026-05-05,2026-05-05,1940,1940,Delivered
PO-16716,MED068,LOC007,SUP004,2026-04-30,2026-05-06,2026-05-06,250,250,Delivered
PO-16717,MED069,LOC007,SUP004,2026-04-30,2026-05-07,2026-05-07,210,210,Delivered
PO-16718,MED074,LOC005,SUP006,2026-04-30,2026-05-08,2026-05-08,50,50,Delivered
PO-16719,MED075,LOC002,SUP004,2026-04-30,2026-05-06,2026-05-06,330,330,Delivered
PO-16720,MED003,LOC003,SUP001,2026-05-01,2026-05-04,2026-05-04,300,300,Delivered
PO-16721,MED007,LOC002,SUP011,2026-05-01,2026-05-04,2026-05-04,620,620,Delivered
PO-16722,MED007,LOC007,SUP011,2026-05-01,2026-05-04,2026-05-04,370,370,Delivered
PO-16723,MED008,LOC003,SUP001,2026-05-01,2026-05-06,2026-05-06,510,510,Delivered
PO-16724,MED011,LOC002,SUP011,2026-05-01,2026-05-06,2026-05-06,200,200,Delivered
PO-16725,MED011,LOC005,SUP011,2026-05-01,2026-05-06,2026-05-06,170,170,Delivered
PO-16726,MED011,LOC006,SUP011,2026-05-01,2026-05-06,2026-05-06,380,380,Delivered
PO-16727,MED013,LOC003,SUP007,2026-05-01,2026-05-06,2026-05-06,260,260,Delivered
PO-16728,MED015,LOC005,SUP011,2026-05-01,2026-05-04,2026-05-04,220,220,Delivered
PO-16729,MED019,LOC007,SUP015,2026-05-01,2026-05-04,2026-05-04,90,90,Delivered
PO-16730,MED020,LOC003,SUP004,2026-05-01,2026-05-06,2026-05-06,840,840,Delivered
PO-16731,MED022,LOC001,SUP002,2026-05-01,2026-05-05,2026-05-05,1030,1030,Delivered
PO-16732,MED026,LOC001,SUP002,2026-05-01,2026-05-07,2026-05-07,2380,2380,Delivered
PO-16733,MED031,LOC003,SUP015,2026-05-01,2026-05-04,2026-05-04,1180,1180,Delivered
PO-16734,MED035,LOC001,SUP015,2026-05-01,2026-05-03,2026-05-03,240,240,Delivered
PO-16735,MED042,LOC007,SUP003,2026-05-01,2026-05-03,2026-05-03,50,50,Delivered
PO-16736,MED048,LOC006,SUP015,2026-05-01,2026-05-03,2026-05-03,370,370,Delivered
PO-16737,MED050,LOC003,SUP005,2026-05-01,2026-05-05,2026-05-07,2530,2530,Delayed
PO-16738,MED052,LOC007,SUP015,2026-05-01,2026-05-04,2026-05-04,50,50,Delivered
PO-16739,MED053,LOC006,SUP010,2026-05-01,2026-05-07,2026-05-07,370,370,Delivered
PO-16740,MED055,LOC001,SUP015,2026-05-01,2026-05-04,2026-05-04,1050,1050,Delivered
PO-16741,MED055,LOC006,SUP015,2026-05-01,2026-05-04,2026-05-04,790,790,Delivered
PO-16742,MED058,LOC005,SUP008,2026-05-01,2026-05-06,2026-05-06,290,290,Delivered
PO-16743,MED064,LOC001,SUP005,2026-05-01,2026-05-06,2026-05-06,2610,2610,Delivered
PO-16744,MED069,LOC001,SUP004,2026-05-01,2026-05-08,2026-05-08,3010,3010,Delivered
PO-16745,MED070,LOC003,SUP004,2026-05-01,2026-05-07,2026-05-07,440,440,Delivered
PO-16746,MED073,LOC003,SUP004,2026-05-01,2026-05-07,2026-05-10,160,160,Delayed
PO-16747,MED002,LOC003,SUP010,2026-05-02,2026-05-09,2026-05-09,520,520,Delivered
PO-16748,MED007,LOC001,SUP011,2026-05-02,2026-05-05,2026-05-05,1480,1480,Delivered
PO-16749,MED009,LOC006,SUP007,2026-05-02,2026-05-06,2026-05-06,1280,1280,Delivered
PO-16750,MED011,LOC004,SUP011,2026-05-02,2026-05-07,2026-05-07,80,80,Delivered
PO-16751,MED012,LOC001,SUP007,2026-05-02,2026-05-06,2026-05-06,840,840,Delivered
PO-16752,MED015,LOC001,SUP011,2026-05-02,2026-05-05,2026-05-05,630,630,Delivered
PO-16753,MED017,LOC006,SUP001,2026-05-02,2026-05-07,2026-05-07,1050,1050,Delivered
PO-16754,MED020,LOC004,SUP004,2026-05-02,2026-05-07,2026-05-07,130,130,Delivered
PO-16755,MED024,LOC004,SUP009,2026-05-02,2026-05-07,2026-05-10,280,280,Delayed
PO-16756,MED024,LOC006,SUP009,2026-05-02,2026-05-07,2026-05-07,1410,1410,Delivered
PO-16757,MED027,LOC006,SUP009,2026-05-02,2026-05-07,2026-05-07,600,600,Delivered
PO-16758,MED036,LOC004,SUP003,2026-05-02,2026-05-04,2026-05-04,340,340,Delivered
PO-16759,MED038,LOC004,SUP015,2026-05-02,2026-05-04,2026-05-04,50,50,Delivered
PO-16760,MED040,LOC005,SUP004,2026-05-02,2026-05-07,2026-05-07,60,60,Delivered
PO-16761,MED050,LOC001,SUP005,2026-05-02,2026-05-06,2026-05-06,3030,3030,Delivered
PO-16762,MED056,LOC001,SUP005,2026-05-02,2026-05-07,2026-05-07,800,800,Delivered
PO-16763,MED057,LOC001,SUP008,2026-05-02,2026-05-06,2026-05-06,740,740,Delivered
PO-16764,MED063,LOC001,SUP004,2026-05-02,2026-05-09,2026-05-09,430,430,Delivered
PO-16765,MED064,LOC003,SUP005,2026-05-02,2026-05-07,2026-05-07,2140,2140,Delivered
PO-16766,MED065,LOC003,SUP015,2026-05-02,2026-05-04,2026-05-04,770,770,Delivered
PO-16767,MED066,LOC006,SUP004,2026-05-02,2026-05-08,2026-05-11,960,960,Delayed
PO-16768,MED067,LOC007,SUP012,2026-05-02,2026-05-08,2026-05-08,70,70,Delivered
PO-16769,MED001,LOC003,SUP001,2026-05-03,2026-05-08,2026-05-08,720,720,Delivered
PO-16770,MED002,LOC002,SUP010,2026-05-03,2026-05-10,2026-05-12,230,230,Delayed
PO-16771,MED005,LOC004,SUP001,2026-05-03,2026-05-08,2026-05-08,60,60,Delivered
PO-16772,MED007,LOC006,SUP011,2026-05-03,2026-05-06,2026-05-06,1180,1180,Delivered
PO-16773,MED015,LOC004,SUP011,2026-05-03,2026-05-06,2026-05-06,100,100,Delivered
PO-16774,MED018,LOC007,SUP001,2026-05-03,2026-05-06,2026-05-06,120,120,Delivered
PO-16775,MED021,LOC003,SUP002,2026-05-03,2026-05-07,2026-05-09,1250,1250,Delayed
PO-16776,MED022,LOC004,SUP002,2026-05-03,2026-05-07,2026-05-07,140,140,Delivered
PO-16777,MED023,LOC001,SUP002,2026-05-03,2026-05-07,2026-05-07,1300,1300,Delivered
PO-16778,MED023,LOC006,SUP002,2026-05-03,2026-05-07,2026-05-07,960,960,Delivered
PO-16779,MED025,LOC001,SUP002,2026-05-03,2026-05-08,2026-05-08,2010,2010,Delivered
PO-16780,MED025,LOC002,SUP002,2026-05-03,2026-05-08,2026-05-08,810,810,Delivered
PO-16781,MED025,LOC006,SUP002,2026-05-03,2026-05-08,2026-05-11,1490,1490,Delayed
PO-16782,MED026,LOC002,SUP002,2026-05-03,2026-05-09,2026-05-09,960,960,Delivered
PO-16783,MED026,LOC004,SUP002,2026-05-03,2026-05-09,2026-05-09,340,340,Delivered
PO-16784,MED027,LOC001,SUP009,2026-05-03,2026-05-08,2026-05-11,870,870,Delayed
PO-16785,MED027,LOC003,SUP009,2026-05-03,2026-05-08,2026-05-08,670,670,Delivered
PO-16786,MED027,LOC005,SUP009,2026-05-03,2026-05-08,2026-05-08,290,290,Delivered
PO-16787,MED034,LOC002,SUP013,2026-05-03,2026-05-09,2026-05-09,130,130,Delivered
PO-16788,MED035,LOC006,SUP015,2026-05-03,2026-05-05,2026-05-05,220,220,Delivered
PO-16789,MED040,LOC002,SUP004,2026-05-03,2026-05-08,2026-05-08,80,80,Delivered
PO-16790,MED042,LOC006,SUP003,2026-05-03,2026-05-05,2026-05-05,630,630,Delivered
PO-16791,MED044,LOC006,SUP010,2026-05-03,2026-05-08,2026-05-08,400,400,Delivered
PO-16792,MED047,LOC001,SUP015,2026-05-03,2026-05-06,2026-05-06,700,700,Delivered
PO-16793,MED054,LOC001,SUP015,2026-05-03,2026-05-05,2026-05-05,380,380,Delivered
PO-16794,MED057,LOC006,SUP008,2026-05-03,2026-05-07,2026-05-07,530,530,Delivered
PO-16795,MED058,LOC001,SUP008,2026-05-03,2026-05-08,2026-05-08,720,720,Delivered
PO-16796,MED059,LOC006,SUP015,2026-05-03,2026-05-06,2026-05-06,490,490,Delivered
PO-16797,MED063,LOC006,SUP004,2026-05-03,2026-05-10,2026-05-10,330,330,Delivered
PO-16798,MED064,LOC002,SUP005,2026-05-03,2026-05-08,2026-05-08,1160,1160,Delivered
PO-16799,MED066,LOC002,SUP004,2026-05-03,2026-05-09,2026-05-09,520,520,Delivered
PO-16800,MED068,LOC001,SUP004,2026-05-03,2026-05-09,2026-05-09,4300,4300,Delivered
PO-16801,MED069,LOC006,SUP004,2026-05-03,2026-05-10,2026-05-10,3510,3510,Delivered
PO-16802,MED004,LOC005,SUP001,2026-05-04,2026-05-08,2026-05-08,140,140,Delivered
PO-16803,MED006,LOC001,SUP001,2026-05-04,2026-05-09,2026-05-09,1070,1070,Delivered
PO-16804,MED008,LOC006,SUP001,2026-05-04,2026-05-09,2026-05-09,470,470,Delivered
PO-16805,MED010,LOC001,SUP007,2026-05-04,2026-05-08,2026-05-08,1100,1100,Delivered
PO-16806,MED010,LOC003,SUP007,2026-05-04,2026-05-08,2026-05-08,850,850,Delivered
PO-16807,MED013,LOC001,SUP007,2026-05-04,2026-05-09,2026-05-09,320,320,Delivered
PO-16808,MED014,LOC001,SUP007,2026-05-04,2026-05-07,2026-05-07,520,520,Delivered
PO-16809,MED014,LOC002,SUP007,2026-05-04,2026-05-07,2026-05-07,180,180,Delivered
PO-16810,MED014,LOC003,SUP007,2026-05-04,2026-05-07,2026-05-07,430,430,Delivered
PO-16811,MED015,LOC002,SUP011,2026-05-04,2026-05-07,2026-05-07,240,240,Delivered
PO-16812,MED016,LOC001,SUP001,2026-05-04,2026-05-08,2026-05-08,2500,2500,Delivered
PO-16813,MED016,LOC003,SUP001,2026-05-04,2026-05-08,2026-05-08,1910,1910,Delivered
PO-16814,MED017,LOC001,SUP001,2026-05-04,2026-05-09,2026-05-09,1520,1520,Delivered
PO-16815,MED023,LOC003,SUP002,2026-05-04,2026-05-08,2026-05-11,1010,1010,Delayed
PO-16816,MED024,LOC003,SUP009,2026-05-04,2026-05-09,2026-05-09,1350,1350,Delivered
PO-16817,MED025,LOC007,SUP002,2026-05-04,2026-05-09,2026-05-09,140,140,Delivered
PO-16818,MED027,LOC002,SUP009,2026-05-04,2026-05-09,2026-05-09,340,340,Delivered
PO-16819,MED029,LOC005,SUP015,2026-05-04,2026-05-07,2026-05-07,100,100,Delivered
PO-16820,MED032,LOC006,SUP009,2026-05-04,2026-05-07,2026-05-07,510,510,Delivered
PO-16821,MED032,LOC007,SUP009,2026-05-04,2026-05-07,2026-05-07,50,50,Delivered
PO-16822,MED042,LOC005,SUP003,2026-05-04,2026-05-06,2026-05-06,310,310,Delivered
PO-16823,MED045,LOC001,SUP004,2026-05-04,2026-05-09,2026-05-09,780,780,Delivered
PO-16824,MED045,LOC002,SUP004,2026-05-04,2026-05-09,2026-05-09,350,350,Delivered
PO-16825,MED049,LOC001,SUP015,2026-05-04,2026-05-07,2026-05-07,2510,2510,Delivered
PO-16826,MED049,LOC007,SUP015,2026-05-04,2026-05-07,2026-05-07,150,150,Delivered
PO-16827,MED052,LOC006,SUP015,2026-05-04,2026-05-07,2026-05-07,310,310,Delivered
PO-16828,MED054,LOC005,SUP015,2026-05-04,2026-05-06,2026-05-06,130,130,Delivered
PO-16829,MED056,LOC005,SUP005,2026-05-04,2026-05-09,2026-05-09,290,290,Delivered
PO-16830,MED058,LOC006,SUP008,2026-05-04,2026-05-09,2026-05-09,610,610,Delivered
PO-16831,MED060,LOC003,SUP015,2026-05-04,2026-05-06,2026-05-06,80,80,Delivered
PO-16832,MED063,LOC004,SUP004,2026-05-04,2026-05-11,2026-05-11,70,70,Delivered
PO-16833,MED064,LOC007,SUP005,2026-05-04,2026-05-09,2026-05-09,140,140,Delivered
PO-16834,MED065,LOC005,SUP015,2026-05-04,2026-05-06,2026-05-06,340,340,Delivered
PO-16835,MED066,LOC001,SUP004,2026-05-04,2026-05-10,2026-05-10,1250,1250,Delivered
PO-16836,MED067,LOC001,SUP012,2026-05-04,2026-05-10,2026-05-10,1010,1010,Delivered
PO-16837,MED067,LOC006,SUP012,2026-05-04,2026-05-10,2026-05-10,730,730,Delivered
PO-16838,MED070,LOC001,SUP004,2026-05-04,2026-05-10,2026-05-10,570,570,Delivered
PO-16839,MED071,LOC005,SUP014,2026-05-04,2026-05-10,2026-05-10,60,60,Delivered
PO-16840,MED072,LOC006,SUP006,2026-05-04,2026-05-11,2026-05-11,50,50,Delivered
PO-16841,MED073,LOC005,SUP004,2026-05-04,2026-05-10,2026-05-10,80,80,Delivered
PO-16842,MED075,LOC003,SUP004,2026-05-04,2026-05-10,2026-05-10,630,630,Delivered
PO-16843,MED075,LOC006,SUP004,2026-05-04,2026-05-10,2026-05-13,560,560,Delayed
PO-16844,MED005,LOC005,SUP001,2026-05-05,2026-05-10,2026-05-10,120,120,Delivered
PO-16845,MED008,LOC005,SUP001,2026-05-05,2026-05-10,2026-05-10,200,200,Delivered
PO-16846,MED009,LOC002,SUP007,2026-05-05,2026-05-09,2026-05-09,670,670,Delivered
PO-16847,MED010,LOC007,SUP007,2026-05-05,2026-05-09,2026-05-09,60,60,Delivered
PO-16848,MED011,LOC003,SUP011,2026-05-05,2026-05-10,2026-05-10,400,400,Delivered
PO-16849,MED017,LOC003,SUP001,2026-05-05,2026-05-10,2026-05-10,1100,1100,Delivered
PO-16850,MED020,LOC005,SUP004,2026-05-05,2026-05-10,2026-05-10,370,370,Delivered
PO-16851,MED020,LOC007,SUP004,2026-05-05,2026-05-10,2026-05-10,260,260,Delivered
PO-16852,MED021,LOC001,SUP002,2026-05-05,2026-05-09,2026-05-09,1740,1740,Delivered
PO-16853,MED021,LOC002,SUP002,2026-05-05,2026-05-09,2026-05-09,780,780,Delivered
PO-16854,MED021,LOC004,SUP002,2026-05-05,2026-05-09,2026-05-09,240,240,Delivered
PO-16855,MED022,LOC005,SUP002,2026-05-05,2026-05-09,2026-05-09,370,370,Delivered
PO-16856,MED024,LOC001,SUP009,2026-05-05,2026-05-10,2026-05-10,1840,1840,Delivered
PO-16857,MED026,LOC006,SUP002,2026-05-05,2026-05-11,2026-05-12,1660,1660,Delayed
PO-16858,MED026,LOC007,SUP002,2026-05-05,2026-05-11,2026-05-11,140,140,Delivered
PO-16859,MED027,LOC007,SUP009,2026-05-05,2026-05-10,2026-05-10,50,50,Delivered
PO-16860,MED028,LOC006,SUP002,2026-05-05,2026-05-10,2026-05-10,540,540,Delivered
PO-16861,MED031,LOC002,SUP015,2026-05-05,2026-05-08,2026-05-08,670,670,Delivered
PO-16862,MED032,LOC002,SUP009,2026-05-05,2026-05-08,2026-05-08,280,280,Delivered
PO-16863,MED036,LOC002,SUP003,2026-05-05,2026-05-07,2026-05-07,850,850,Delivered
PO-16864,MED037,LOC007,SUP015,2026-05-05,2026-05-09,2026-05-09,160,160,Delivered
PO-16865,MED041,LOC006,SUP015,2026-05-05,2026-05-07,2026-05-07,180,180,Delivered
PO-16866,MED046,LOC001,SUP015,2026-05-05,2026-05-09,2026-05-09,1120,1120,Delivered
PO-16867,MED047,LOC005,SUP015,2026-05-05,2026-05-08,2026-05-08,240,240,Delivered
PO-16868,MED060,LOC004,SUP015,2026-05-05,2026-05-07,2026-05-07,50,50,Delivered
PO-16869,MED062,LOC001,SUP004,2026-05-05,2026-05-10,2026-05-10,1390,1390,Delivered
PO-16870,MED062,LOC004,SUP004,2026-05-05,2026-05-10,2026-05-10,190,190,Delivered
PO-16871,MED063,LOC003,SUP004,2026-05-05,2026-05-12,2026-05-12,390,390,Delivered
PO-16872,MED064,LOC004,SUP005,2026-05-05,2026-05-10,2026-05-10,410,410,Delivered
PO-16873,MED066,LOC003,SUP004,2026-05-05,2026-05-11,2026-05-11,1030,1030,Delivered
PO-16874,MED066,LOC005,SUP004,2026-05-05,2026-05-11,2026-05-11,430,430,Delivered
PO-16875,MED068,LOC002,SUP004,2026-05-05,2026-05-11,2026-05-11,1820,1820,Delivered
PO-16876,MED068,LOC003,SUP004,2026-05-05,2026-05-11,2026-05-11,3490,3490,Delivered
PO-16877,MED068,LOC005,SUP004,2026-05-05,2026-05-11,2026-05-11,1470,1470,Delivered
PO-16878,MED070,LOC006,SUP004,2026-05-05,2026-05-11,2026-05-11,400,400,Delivered
PO-16879,MED075,LOC001,SUP004,2026-05-05,2026-05-11,2026-05-11,770,770,Delivered
PO-16880,MED001,LOC006,SUP001,2026-05-06,2026-05-11,2026-05-11,990,990,Delivered
PO-16881,MED003,LOC004,SUP001,2026-05-06,2026-05-09,2026-05-09,50,50,Delivered
PO-16882,MED004,LOC006,SUP001,2026-05-06,2026-05-10,2026-05-10,420,420,Delivered
PO-16883,MED006,LOC004,SUP001,2026-05-06,2026-05-11,2026-05-11,150,150,Delivered
PO-16884,MED007,LOC005,SUP011,2026-05-06,2026-05-09,2026-05-09,500,500,Delivered
PO-16885,MED008,LOC004,SUP001,2026-05-06,2026-05-11,2026-05-11,100,100,Delivered
PO-16886,MED012,LOC004,SUP007,2026-05-06,2026-05-10,2026-05-10,130,130,Delivered
PO-16887,MED013,LOC002,SUP007,2026-05-06,2026-05-11,2026-05-11,120,120,Delivered
PO-16888,MED016,LOC004,SUP001,2026-05-06,2026-05-10,2026-05-10,320,320,Delivered
PO-16889,MED016,LOC007,SUP001,2026-05-06,2026-05-10,2026-05-10,160,160,Delivered
PO-16890,MED017,LOC005,SUP001,2026-05-06,2026-05-11,2026-05-11,500,500,Delivered
PO-16891,MED018,LOC002,SUP001,2026-05-06,2026-05-09,2026-05-09,760,760,Delivered
PO-16892,MED018,LOC003,SUP001,2026-05-06,2026-05-09,2026-05-09,1480,1480,Delivered
PO-16893,MED019,LOC005,SUP015,2026-05-06,2026-05-09,2026-05-09,410,410,Delivered
PO-16894,MED022,LOC007,SUP002,2026-05-06,2026-05-10,2026-05-10,60,60,Delivered
PO-16895,MED026,LOC005,SUP002,2026-05-06,2026-05-12,2026-05-12,830,830,Delivered
PO-16896,MED027,LOC004,SUP009,2026-05-06,2026-05-11,2026-05-11,120,120,Delivered
PO-16897,MED029,LOC006,SUP015,2026-05-06,2026-05-09,2026-05-09,230,230,Delivered
PO-16898,MED030,LOC002,SUP004,2026-05-06,2026-05-11,2026-05-11,90,90,Delivered
PO-16899,MED030,LOC003,SUP004,2026-05-06,2026-05-11,2026-05-11,210,210,Delivered
PO-16900,MED030,LOC005,SUP004,2026-05-06,2026-05-11,2026-05-11,70,70,Delivered
PO-16901,MED030,LOC006,SUP004,2026-05-06,2026-05-11,2026-05-11,200,200,Delivered
PO-16902,MED037,LOC002,SUP015,2026-05-06,2026-05-10,2026-05-10,1020,1020,Delivered
PO-16903,MED041,LOC001,SUP015,2026-05-06,2026-05-08,2026-05-08,230,230,Delivered
PO-16904,MED044,LOC005,SUP010,2026-05-06,2026-05-11,2026-05-11,200,200,Delivered
PO-16905,MED044,LOC007,SUP010,2026-05-06,2026-05-11,2026-05-11,50,50,Delivered
PO-16906,MED048,LOC002,SUP015,2026-05-06,2026-05-08,2026-05-08,230,230,Delivered
PO-16907,MED048,LOC004,SUP015,2026-05-06,2026-05-08,2026-05-08,60,60,Delivered
PO-16908,MED049,LOC002,SUP015,2026-05-06,2026-05-09,2026-05-09,950,950,Delivered
PO-16909,MED052,LOC001,SUP015,2026-05-06,2026-05-09,2026-05-09,430,430,Delivered
PO-16910,MED052,LOC003,SUP015,2026-05-06,2026-05-09,2026-05-09,340,340,Delivered
PO-16911,MED053,LOC002,SUP010,2026-05-06,2026-05-12,2026-05-12,120,120,Delivered
PO-16912,MED055,LOC002,SUP015,2026-05-06,2026-05-09,2026-05-09,400,400,Delivered
PO-16913,MED057,LOC003,SUP008,2026-05-06,2026-05-10,2026-05-10,670,670,Delivered
PO-16914,MED062,LOC002,SUP004,2026-05-06,2026-05-11,2026-05-11,510,510,Delivered
PO-16915,MED065,LOC004,SUP015,2026-05-06,2026-05-08,2026-05-08,160,160,Delivered
PO-16916,MED068,LOC004,SUP004,2026-05-06,2026-05-12,2026-05-12,600,600,Delivered
PO-16917,MED068,LOC006,SUP004,2026-05-06,2026-05-12,2026-05-12,4850,4850,Delivered
PO-16918,MED070,LOC005,SUP004,2026-05-06,2026-05-12,2026-05-15,190,190,Delayed
PO-16919,MED004,LOC001,SUP001,2026-05-07,2026-05-11,2026-05-11,440,440,Delivered
PO-16920,MED005,LOC001,SUP001,2026-05-07,2026-05-12,2026-05-12,380,380,Delivered
PO-16921,MED009,LOC001,SUP007,2026-05-07,2026-05-11,2026-05-11,1680,1680,Delivered
PO-16922,MED012,LOC002,SUP007,2026-05-07,2026-05-11,2026-05-11,370,370,Delivered
PO-16923,MED012,LOC003,SUP007,2026-05-07,2026-05-11,2026-05-11,630,630,Delivered
PO-16924,MED013,LOC005,SUP007,2026-05-07,2026-05-12,2026-05-12,130,130,Delivered
PO-16925,MED015,LOC003,SUP011,2026-05-07,2026-05-10,2026-05-10,460,460,Delivered
PO-16926,MED018,LOC005,SUP001,2026-05-07,2026-05-10,2026-05-10,640,640,Delivered
PO-16927,MED019,LOC004,SUP015,2026-05-07,2026-05-10,2026-05-10,180,180,Delivered
PO-16928,MED020,LOC001,SUP004,2026-05-07,2026-05-12,2026-05-12,1030,1030,Delivered
PO-16929,MED020,LOC002,SUP004,2026-05-07,2026-05-12,2026-05-12,410,410,Delivered
PO-16930,MED024,LOC002,SUP009,2026-05-07,2026-05-12,2026-05-12,730,730,Delivered
PO-16931,MED024,LOC007,SUP009,2026-05-07,2026-05-12,2026-05-12,120,120,Delivered
PO-16932,MED028,LOC001,SUP002,2026-05-07,2026-05-12,2026-05-12,700,700,Delivered
PO-16933,MED029,LOC001,SUP015,2026-05-07,2026-05-10,2026-05-10,330,330,Delivered
PO-16934,MED031,LOC004,SUP015,2026-05-07,2026-05-10,2026-05-10,190,190,Delivered
PO-16935,MED032,LOC003,SUP009,2026-05-07,2026-05-10,2026-05-10,500,500,Delivered
PO-16936,MED033,LOC002,SUP004,2026-05-07,2026-05-13,2026-05-13,70,70,Delivered
PO-16937,MED034,LOC003,SUP013,2026-05-07,2026-05-13,2026-05-13,250,250,Delivered
PO-16938,MED034,LOC006,SUP013,2026-05-07,2026-05-13,2026-05-13,250,250,Delivered
PO-16939,MED037,LOC003,SUP015,2026-05-07,2026-05-11,2026-05-11,1960,1960,Delivered
PO-16940,MED039,LOC001,SUP006,2026-05-07,2026-05-15,2026-05-15,100,100,Delivered
PO-16941,MED041,LOC004,SUP015,2026-05-07,2026-05-09,2026-05-09,50,50,Delivered
PO-16942,MED042,LOC002,SUP003,2026-05-07,2026-05-09,2026-05-09,320,320,Delivered
PO-16943,MED045,LOC004,SUP004,2026-05-07,2026-05-12,2026-05-12,120,120,Delivered
PO-16944,MED046,LOC004,SUP015,2026-05-07,2026-05-11,2026-05-11,170,170,Delivered
PO-16945,MED047,LOC004,SUP015,2026-05-07,2026-05-10,2026-05-10,100,100,Delivered
PO-16946,MED048,LOC005,SUP015,2026-05-07,2026-05-09,2026-05-09,180,180,Delivered
PO-16947,MED054,LOC002,SUP015,2026-05-07,2026-05-09,2026-05-09,150,150,Delivered
PO-16948,MED055,LOC004,SUP015,2026-05-07,2026-05-10,2026-05-10,130,130,Delivered
PO-16949,MED056,LOC006,SUP005,2026-05-07,2026-05-12,2026-05-12,610,610,Delivered
PO-16950,MED056,LOC007,SUP005,2026-05-07,2026-05-12,2026-05-12,60,60,Delivered
PO-16951,MED057,LOC005,SUP008,2026-05-07,2026-05-11,2026-05-11,280,280,Delivered
PO-16952,MED061,LOC001,SUP004,2026-05-07,2026-05-14,2026-05-14,840,840,Delivered
PO-16953,MED062,LOC006,SUP004,2026-05-07,2026-05-12,2026-05-12,960,960,Delivered
PO-16954,MED063,LOC007,SUP004,2026-05-07,2026-05-14,2026-05-14,50,50,Delivered
PO-16955,MED067,LOC005,SUP012,2026-05-07,2026-05-13,2026-05-16,320,320,Delayed
PO-16956,MED069,LOC004,SUP004,2026-05-07,2026-05-14,2026-05-14,480,480,Delivered
PO-16957,MED072,LOC005,SUP006,2026-05-07,2026-05-14,2026-05-14,50,50,Delivered
PO-16958,MED074,LOC006,SUP006,2026-05-07,2026-05-15,2026-05-15,100,100,Delivered
PO-16959,MED075,LOC007,SUP004,2026-05-07,2026-05-13,2026-05-13,60,60,Delivered
PO-16960,MED003,LOC001,SUP001,2026-05-08,2026-05-11,2026-05-11,320,320,Delivered
PO-16961,MED005,LOC002,SUP001,2026-05-08,2026-05-13,2026-05-13,150,150,Delivered
PO-16962,MED005,LOC003,SUP001,2026-05-08,2026-05-13,2026-05-13,280,280,Delivered
PO-16963,MED006,LOC003,SUP001,2026-05-08,2026-05-13,2026-05-13,870,870,Delivered
PO-16964,MED008,LOC002,SUP001,2026-05-08,2026-05-13,2026-05-13,240,240,Delivered
PO-16965,MED011,LOC001,SUP011,2026-05-08,2026-05-13,2026-05-13,470,470,Delivered
PO-16966,MED011,LOC007,SUP011,2026-05-08,2026-05-13,2026-05-13,130,130,Delivered
PO-16967,MED012,LOC007,SUP007,2026-05-08,2026-05-12,2026-05-12,60,60,Delivered
PO-16968,MED017,LOC002,SUP001,2026-05-08,2026-05-13,2026-05-13,580,580,Delivered
PO-16969,MED021,LOC006,SUP002,2026-05-08,2026-05-12,2026-05-13,1250,1250,Delayed
PO-16970,MED022,LOC006,SUP002,2026-05-08,2026-05-12,2026-05-12,740,740,Delivered
PO-16971,MED039,LOC006,SUP006,2026-05-08,2026-05-16,2026-05-16,70,70,Delivered
PO-16972,MED040,LOC003,SUP004,2026-05-08,2026-05-13,2026-05-13,140,140,Delivered
PO-16973,MED044,LOC003,SUP010,2026-05-08,2026-05-13,2026-05-13,450,450,Delivered
PO-16974,MED049,LOC005,SUP015,2026-05-08,2026-05-11,2026-05-11,830,830,Delivered
PO-16975,MED050,LOC002,SUP005,2026-05-08,2026-05-12,2026-05-12,1240,1240,Delivered
PO-16976,MED052,LOC002,SUP015,2026-05-08,2026-05-11,2026-05-11,160,160,Delivered
PO-16977,MED053,LOC001,SUP010,2026-05-08,2026-05-14,2026-05-14,320,320,Delivered
PO-16978,MED056,LOC003,SUP005,2026-05-08,2026-05-13,2026-05-13,700,700,Delivered
PO-16979,MED056,LOC004,SUP005,2026-05-08,2026-05-13,2026-05-13,340,340,Delivered
PO-16980,MED058,LOC003,SUP008,2026-05-08,2026-05-13,2026-05-13,650,650,Delivered
PO-16981,MED059,LOC001,SUP015,2026-05-08,2026-05-11,2026-05-11,630,630,Delivered
PO-16982,MED059,LOC004,SUP015,2026-05-08,2026-05-11,2026-05-11,110,110,Delivered
PO-16983,MED061,LOC003,SUP004,2026-05-08,2026-05-15,2026-05-15,680,680,Delivered
PO-16984,MED062,LOC003,SUP004,2026-05-08,2026-05-13,2026-05-13,1110,1110,Delivered
PO-16985,MED067,LOC002,SUP012,2026-05-08,2026-05-14,2026-05-14,410,410,Delivered
PO-16986,MED071,LOC001,SUP014,2026-05-08,2026-05-14,2026-05-14,160,160,Delivered
PO-16987,MED075,LOC005,SUP004,2026-05-08,2026-05-14,2026-05-14,230,230,Delivered
PO-16988,MED002,LOC004,SUP010,2026-05-09,2026-05-16,2026-05-16,90,90,Delivered
PO-16989,MED002,LOC006,SUP010,2026-05-09,2026-05-16,2026-05-16,640,640,Delivered
PO-16990,MED004,LOC004,SUP001,2026-05-09,2026-05-13,2026-05-13,70,70,Delivered
PO-16991,MED006,LOC005,SUP001,2026-05-09,2026-05-14,2026-05-14,370,370,Delivered
PO-16992,MED006,LOC006,SUP001,2026-05-09,2026-05-14,2026-05-14,1240,1240,Delivered
PO-16993,MED009,LOC007,SUP007,2026-05-09,2026-05-13,2026-05-13,110,110,Delivered
PO-16994,MED028,LOC003,SUP002,2026-05-09,2026-05-14,2026-05-14,600,600,Delivered
PO-16995,MED028,LOC004,SUP002,2026-05-09,2026-05-14,2026-05-14,100,100,Delivered
PO-16996,MED035,LOC002,SUP015,2026-05-09,2026-05-11,2026-05-11,130,130,Delivered
PO-16997,MED036,LOC003,SUP003,2026-05-09,2026-05-11,2026-05-11,1800,1800,Delivered
PO-16998,MED037,LOC005,SUP015,2026-05-09,2026-05-13,2026-05-13,820,820,Delivered
PO-16999,MED042,LOC004,SUP003,2026-05-09,2026-05-11,2026-05-11,140,140,Delivered
PO-17000,MED044,LOC001,SUP010,2026-05-09,2026-05-14,2026-05-14,520,520,Delivered
PO-17001,MED046,LOC002,SUP015,2026-05-09,2026-05-13,2026-05-13,450,450,Delivered
PO-17002,MED046,LOC003,SUP015,2026-05-09,2026-05-13,2026-05-13,930,930,Delivered
PO-17003,MED049,LOC004,SUP015,2026-05-09,2026-05-12,2026-05-12,340,340,Delivered
PO-17004,MED061,LOC004,SUP004,2026-05-09,2026-05-16,2026-05-16,150,150,Delivered
PO-17005,MED061,LOC006,SUP004,2026-05-09,2026-05-16,2026-05-16,660,660,Delivered
PO-17006,MED063,LOC005,SUP004,2026-05-09,2026-05-16,2026-05-16,150,150,Delivered
PO-17007,MED071,LOC003,SUP014,2026-05-09,2026-05-15,2026-05-15,110,110,Delivered
PO-17008,MED073,LOC006,SUP004,2026-05-09,2026-05-15,2026-05-15,160,160,Delivered
PO-17009,MED075,LOC004,SUP004,2026-05-09,2026-05-15,2026-05-15,50,50,Delivered
PO-17010,MED010,LOC004,SUP007,2026-05-10,2026-05-14,2026-05-14,160,160,Delivered
PO-17011,MED016,LOC002,SUP001,2026-05-10,2026-05-14,2026-05-14,980,980,Delivered
PO-17012,MED030,LOC004,SUP004,2026-05-10,2026-05-15,2026-05-15,50,50,Delivered
PO-17013,MED033,LOC006,SUP004,2026-05-10,2026-05-16,2026-05-16,140,140,Delivered
PO-17014,MED036,LOC006,SUP003,2026-05-10,2026-05-12,2026-05-12,1730,1730,Delivered
PO-17015,MED038,LOC005,SUP015,2026-05-10,2026-05-12,2026-05-12,50,50,Delivered
PO-17016,MED039,LOC003,SUP006,2026-05-10,2026-05-18,2026-05-18,50,50,Delivered
PO-17017,MED044,LOC002,SUP010,2026-05-10,2026-05-15,2026-05-15,210,210,Delivered
PO-17018,MED051,LOC005,SUP015,2026-05-10,2026-05-12,2026-05-12,750,750,Delivered
PO-17019,MED058,LOC002,SUP008,2026-05-10,2026-05-15,2026-05-15,340,340,Delivered
PO-17020,MED062,LOC005,SUP004,2026-05-10,2026-05-15,2026-05-15,460,460,Delivered
PO-17021,MED065,LOC006,SUP015,2026-05-10,2026-05-12,2026-05-12,710,710,Delivered
PO-17022,MED066,LOC004,SUP004,2026-05-10,2026-05-16,2026-05-16,190,190,Delivered
PO-17023,MED001,LOC002,SUP001,2026-05-11,2026-05-16,2026-05-16,350,350,Delivered
PO-17024,MED001,LOC005,SUP001,2026-05-11,2026-05-16,2026-05-16,330,330,Delivered
PO-17025,MED002,LOC001,SUP010,2026-05-11,2026-05-18,2026-05-19,580,580,Delayed
PO-17026,MED003,LOC006,SUP001,2026-05-11,2026-05-14,2026-05-14,390,390,Delivered
PO-17027,MED009,LOC003,SUP007,2026-05-11,2026-05-15,2026-05-15,1250,1250,Delivered
PO-17028,MED010,LOC002,SUP007,2026-05-11,2026-05-15,2026-05-15,400,400,Delivered
PO-17029,MED010,LOC005,SUP007,2026-05-11,2026-05-15,2026-05-15,360,360,Delivered
PO-17030,MED012,LOC005,SUP007,2026-05-11,2026-05-15,2026-05-15,300,300,Delivered
PO-17031,MED015,LOC007,SUP011,2026-05-11,2026-05-14,2026-05-14,160,160,Delivered
PO-17032,MED017,LOC007,SUP001,2026-05-11,2026-05-16,2026-05-16,90,90,Delivered
PO-17033,MED023,LOC002,SUP002,2026-05-11,2026-05-15,2026-05-15,520,520,Delivered
PO-17034,MED025,LOC005,SUP002,2026-05-11,2026-05-16,2026-05-16,730,730,Delivered
PO-17035,MED028,LOC002,SUP002,2026-05-11,2026-05-16,2026-05-16,290,290,Delivered
PO-17036,MED030,LOC001,SUP004,2026-05-11,2026-05-16,2026-05-16,250,250,Delivered
PO-17037,MED036,LOC001,SUP003,2026-05-11,2026-05-13,2026-05-13,2340,2340,Delivered
PO-17038,MED038,LOC001,SUP015,2026-05-11,2026-05-13,2026-05-14,140,140,Delayed
PO-17039,MED041,LOC005,SUP015,2026-05-11,2026-05-13,2026-05-13,90,90,Delivered
PO-17040,MED043,LOC005,SUP003,2026-05-11,2026-05-13,2026-05-13,100,100,Delivered
PO-17041,MED045,LOC005,SUP004,2026-05-11,2026-05-16,2026-05-16,290,290,Delivered
PO-17042,MED047,LOC003,SUP015,2026-05-11,2026-05-14,2026-05-14,600,600,Delivered
PO-17043,MED055,LOC005,SUP015,2026-05-11,2026-05-14,2026-05-14,340,340,Delivered
PO-17044,MED057,LOC004,SUP008,2026-05-11,2026-05-15,2026-05-15,300,300,Delivered
PO-17045,MED057,LOC007,SUP008,2026-05-11,2026-05-15,2026-05-16,50,50,Delayed
PO-17046,MED060,LOC001,SUP015,2026-05-11,2026-05-13,2026-05-13,110,110,Delivered
PO-17047,MED060,LOC005,SUP015,2026-05-11,2026-05-13,2026-05-13,50,50,Delivered
PO-17048,MED061,LOC005,SUP004,2026-05-11,2026-05-18,2026-05-18,310,310,Delivered
PO-17049,MED064,LOC005,SUP005,2026-05-11,2026-05-16,2026-05-16,860,860,Delivered
PO-17050,MED069,LOC005,SUP004,2026-05-11,2026-05-18,2026-05-18,1000,1000,Delivered
PO-17051,MED072,LOC001,SUP006,2026-05-11,2026-05-18,2026-05-18,60,60,Delivered
PO-17052,MED073,LOC001,SUP004,2026-05-11,2026-05-17,2026-05-17,220,220,Delivered
PO-17053,MED074,LOC001,SUP006,2026-05-11,2026-05-19,2026-05-19,100,100,Delivered
PO-17054,MED074,LOC003,SUP006,2026-05-11,2026-05-19,2026-05-19,90,90,Delivered
PO-17055,MED001,LOC004,SUP001,2026-05-12,2026-05-17,2026-05-17,130,130,Delivered
PO-17056,MED002,LOC007,SUP010,2026-05-12,2026-05-19,2026-05-19,50,50,Delivered
PO-17057,MED009,LOC004,SUP007,2026-05-12,2026-05-16,2026-05-16,260,260,Delivered
PO-17058,MED016,LOC005,SUP001,2026-05-12,2026-05-16,2026-05-19,790,790,Delayed
PO-17059,MED017,LOC004,SUP001,2026-05-12,2026-05-17,2026-05-17,240,240,Delivered
PO-17060,MED019,LOC002,SUP015,2026-05-12,2026-05-15,2026-05-15,500,500,Delivered
PO-17061,MED023,LOC005,SUP002,2026-05-12,2026-05-16,2026-05-16,470,470,Delivered
PO-17062,MED023,LOC007,SUP002,2026-05-12,2026-05-16,2026-05-16,80,80,Delivered
PO-17063,MED033,LOC003,SUP004,2026-05-12,2026-05-18,2026-05-18,150,150,Delivered
PO-17064,MED033,LOC004,SUP004,2026-05-12,2026-05-18,2026-05-18,50,50,Delivered
PO-17065,MED039,LOC005,SUP006,2026-05-12,2026-05-20,2026-05-20,50,50,Delivered
PO-17066,MED051,LOC004,SUP015,2026-05-12,2026-05-14,2026-05-14,330,330,Delivered
PO-17067,MED051,LOC007,SUP015,2026-05-12,2026-05-14,2026-05-14,120,120,Delivered
PO-17068,MED053,LOC003,SUP010,2026-05-12,2026-05-18,2026-05-18,230,230,Delivered
PO-17069,MED053,LOC004,SUP010,2026-05-12,2026-05-18,2026-05-18,50,50,Delivered
PO-17070,MED053,LOC005,SUP010,2026-05-12,2026-05-18,2026-05-18,100,100,Delivered
PO-17071,MED057,LOC002,SUP008,2026-05-12,2026-05-16,2026-05-16,310,310,Delivered
PO-17072,MED058,LOC007,SUP008,2026-05-12,2026-05-17,2026-05-17,50,50,Delivered
PO-17073,MED059,LOC002,SUP015,2026-05-12,2026-05-15,2026-05-15,250,250,Delivered
PO-17074,MED059,LOC003,SUP015,2026-05-12,2026-05-15,2026-05-16,520,520,Delayed
PO-17075,MED061,LOC007,SUP004,2026-05-12,2026-05-19,2026-05-19,60,60,Delivered
PO-17076,MED065,LOC007,SUP015,2026-05-12,2026-05-14,2026-05-14,70,70,Delivered
PO-17077,MED067,LOC003,SUP012,2026-05-12,2026-05-18,2026-05-18,830,830,Delivered
PO-17078,MED069,LOC002,SUP004,2026-05-12,2026-05-19,2026-05-19,1240,1240,Delivered
PO-17079,MED071,LOC002,SUP014,2026-05-12,2026-05-18,2026-05-18,60,60,Delivered
PO-17080,MED072,LOC003,SUP006,2026-05-12,2026-05-19,2026-05-19,50,50,Delivered
PO-17081,MED002,LOC005,SUP010,2026-05-13,2026-05-20,2026-05-20,190,190,Delivered
PO-17082,MED004,LOC002,SUP001,2026-05-13,2026-05-17,2026-05-17,170,170,Delivered
PO-17083,MED010,LOC006,SUP007,2026-05-13,2026-05-17,2026-05-17,750,750,Delivered
PO-17084,MED016,LOC006,SUP001,2026-05-13,2026-05-17,2026-05-17,1910,1910,Delivered
PO-17085,MED022,LOC003,SUP002,2026-05-13,2026-05-17,2026-05-17,880,880,Delivered
PO-17086,MED023,LOC004,SUP002,2026-05-13,2026-05-17,2026-05-17,200,200,Delivered
PO-17087,MED025,LOC003,SUP002,2026-05-13,2026-05-18,2026-05-18,1830,1830,Delivered
PO-17088,MED029,LOC003,SUP015,2026-05-13,2026-05-16,2026-05-16,230,230,Delivered
PO-17089,MED032,LOC005,SUP009,2026-05-13,2026-05-16,2026-05-16,200,200,Delivered
PO-17090,MED033,LOC005,SUP004,2026-05-13,2026-05-19,2026-05-19,70,70,Delivered
PO-17091,MED034,LOC001,SUP013,2026-05-13,2026-05-19,2026-05-19,320,320,Delivered
PO-17092,MED045,LOC003,SUP004,2026-05-13,2026-05-18,2026-05-18,650,650,Delivered
PO-17093,MED045,LOC006,SUP004,2026-05-13,2026-05-18,2026-05-18,610,610,Delivered
PO-17094,MED046,LOC005,SUP015,2026-05-13,2026-05-17,2026-05-17,360,360,Delivered
PO-17095,MED047,LOC002,SUP015,2026-05-13,2026-05-16,2026-05-16,310,310,Delivered
PO-17096,MED056,LOC001,SUP005,2026-05-13,2026-05-18,2026-05-18,950,950,Delivered
PO-17097,MED056,LOC002,SUP005,2026-05-13,2026-05-18,2026-05-18,370,370,Delivered
PO-17098,MED061,LOC002,SUP004,2026-05-13,2026-05-20,2026-05-20,320,320,Delivered
PO-17099,MED063,LOC001,SUP004,2026-05-13,2026-05-20,2026-05-20,450,450,Delivered
PO-17100,MED069,LOC001,SUP004,2026-05-13,2026-05-20,2026-05-23,3200,3200,Delayed
PO-17101,MED069,LOC003,SUP004,2026-05-13,2026-05-20,2026-05-21,2500,2500,Delayed
PO-17102,MED070,LOC002,SUP004,2026-05-13,2026-05-19,2026-05-19,250,250,Delivered
PO-17103,MED073,LOC002,SUP004,2026-05-13,2026-05-19,2026-05-19,100,100,Delivered
PO-17104,MED074,LOC002,SUP006,2026-05-13,2026-05-21,2026-05-21,50,50,Delivered
PO-17105,MED004,LOC003,SUP001,2026-05-14,2026-05-18,2026-05-18,290,290,Delivered
PO-17106,MED005,LOC006,SUP001,2026-05-14,2026-05-19,2026-05-19,430,430,Delivered
PO-17107,MED006,LOC002,SUP001,2026-05-14,2026-05-19,2026-05-19,410,410,Delivered
PO-17108,MED007,LOC003,SUP011,2026-05-14,2026-05-17,2026-05-17,1290,1290,Delivered
PO-17109,MED007,LOC004,SUP011,2026-05-14,2026-05-17,2026-05-17,220,220,Delivered
PO-17110,MED008,LOC007,SUP001,2026-05-14,2026-05-19,2026-05-19,170,170,Delivered
PO-17111,MED013,LOC006,SUP007,2026-05-14,2026-05-19,2026-05-19,230,230,Delivered
PO-17112,MED019,LOC001,SUP015,2026-05-14,2026-05-17,2026-05-17,1280,1280,Delivered
PO-17113,MED019,LOC006,SUP015,2026-05-14,2026-05-17,2026-05-17,1010,1010,Delivered
PO-17114,MED020,LOC004,SUP004,2026-05-14,2026-05-19,2026-05-19,160,160,Delivered
PO-17115,MED021,LOC005,SUP002,2026-05-14,2026-05-18,2026-05-18,600,600,Delivered
PO-17116,MED022,LOC002,SUP002,2026-05-14,2026-05-18,2026-05-18,420,420,Delivered
PO-17117,MED022,LOC004,SUP002,2026-05-14,2026-05-18,2026-05-18,180,180,Delivered
PO-17118,MED024,LOC005,SUP009,2026-05-14,2026-05-19,2026-05-19,590,590,Delivered
PO-17119,MED026,LOC003,SUP002,2026-05-14,2026-05-20,2026-05-20,1880,1880,Delivered
PO-17120,MED031,LOC005,SUP015,2026-05-14,2026-05-17,2026-05-17,480,480,Delivered
PO-17121,MED031,LOC007,SUP015,2026-05-14,2026-05-17,2026-05-17,90,90,Delivered
PO-17122,MED032,LOC001,SUP009,2026-05-14,2026-05-17,2026-05-17,700,700,Delivered
PO-17123,MED034,LOC004,SUP013,2026-05-14,2026-05-20,2026-05-20,50,50,Delivered
PO-17124,MED034,LOC005,SUP013,2026-05-14,2026-05-20,2026-05-20,110,110,Delivered
PO-17125,MED035,LOC003,SUP015,2026-05-14,2026-05-16,2026-05-16,250,250,Delivered
PO-17126,MED038,LOC006,SUP015,2026-05-14,2026-05-16,2026-05-16,120,120,Delivered
PO-17127,MED039,LOC004,SUP006,2026-05-14,2026-05-22,2026-05-22,50,50,Delivered
PO-17128,MED042,LOC001,SUP003,2026-05-14,2026-05-16,2026-05-16,870,870,Delivered
PO-17129,MED042,LOC007,SUP003,2026-05-14,2026-05-16,2026-05-16,60,60,Delivered
PO-17130,MED043,LOC003,SUP003,2026-05-14,2026-05-16,2026-05-16,230,230,Delivered
PO-17131,MED046,LOC007,SUP015,2026-05-14,2026-05-18,2026-05-18,90,90,Delivered
PO-17132,MED049,LOC006,SUP015,2026-05-14,2026-05-17,2026-05-17,1800,1800,Delivered
PO-17133,MED051,LOC006,SUP015,2026-05-14,2026-05-16,2026-05-16,1780,1780,Delivered
PO-17134,MED063,LOC004,SUP004,2026-05-14,2026-05-21,2026-05-21,90,90,Delivered
PO-17135,MED063,LOC006,SUP004,2026-05-14,2026-05-21,2026-05-21,350,350,Delivered
PO-17136,MED069,LOC007,SUP004,2026-05-14,2026-05-21,2026-05-21,190,190,Delivered
PO-17137,MED001,LOC001,SUP001,2026-05-15,2026-05-20,2026-05-20,960,960,Delivered
PO-17138,MED005,LOC005,SUP001,2026-05-15,2026-05-20,2026-05-20,140,140,Delivered
PO-17139,MED009,LOC005,SUP007,2026-05-15,2026-05-19,2026-05-19,520,520,Delivered
PO-17140,MED011,LOC002,SUP011,2026-05-15,2026-05-20,2026-05-20,220,220,Delivered
PO-17141,MED011,LOC005,SUP011,2026-05-15,2026-05-20,2026-05-20,180,180,Delivered
PO-17142,MED012,LOC006,SUP007,2026-05-15,2026-05-19,2026-05-19,630,630,Delivered
PO-17143,MED013,LOC004,SUP007,2026-05-15,2026-05-20,2026-05-20,50,50,Delivered
PO-17144,MED020,LOC006,SUP004,2026-05-15,2026-05-20,2026-05-20,780,780,Delivered
PO-17145,MED025,LOC002,SUP002,2026-05-15,2026-05-20,2026-05-20,920,920,Delivered
PO-17146,MED026,LOC001,SUP002,2026-05-15,2026-05-21,2026-05-21,2380,2380,Delivered
PO-17147,MED027,LOC006,SUP009,2026-05-15,2026-05-20,2026-05-20,630,630,Delivered
PO-17148,MED029,LOC004,SUP015,2026-05-15,2026-05-18,2026-05-18,50,50,Delivered
PO-17149,MED030,LOC005,SUP004,2026-05-15,2026-05-20,2026-05-20,90,90,Delivered
PO-17150,MED033,LOC001,SUP004,2026-05-15,2026-05-21,2026-05-21,180,180,Delivered
PO-17151,MED045,LOC007,SUP004,2026-05-15,2026-05-20,2026-05-20,60,60,Delivered
PO-17152,MED049,LOC003,SUP015,2026-05-15,2026-05-18,2026-05-18,1960,1960,Delivered
PO-17153,MED050,LOC004,SUP005,2026-05-15,2026-05-19,2026-05-19,1180,1180,Delivered
PO-17154,MED050,LOC006,SUP005,2026-05-15,2026-05-19,2026-05-19,2170,2170,Delivered
PO-17155,MED051,LOC001,SUP015,2026-05-15,2026-05-17,2026-05-17,2470,2470,Delivered
PO-17156,MED051,LOC002,SUP015,2026-05-15,2026-05-17,2026-05-17,920,920,Delivered
PO-17157,MED055,LOC007,SUP015,2026-05-15,2026-05-18,2026-05-18,80,80,Delivered
PO-17158,MED060,LOC006,SUP015,2026-05-15,2026-05-17,2026-05-17,70,70,Delivered
PO-17159,MED064,LOC001,SUP005,2026-05-15,2026-05-20,2026-05-20,2750,2750,Delivered
PO-17160,MED064,LOC006,SUP005,2026-05-15,2026-05-20,2026-05-20,1880,1880,Delivered
PO-17161,MED067,LOC004,SUP012,2026-05-15,2026-05-21,2026-05-21,170,170,Delivered
PO-17162,MED068,LOC007,SUP004,2026-05-15,2026-05-21,2026-05-21,250,250,Delivered
PO-17163,MED002,LOC002,SUP010,2026-05-16,2026-05-23,2026-05-23,240,240,Delivered
PO-17164,MED008,LOC001,SUP001,2026-05-16,2026-05-21,2026-05-21,610,610,Delivered
PO-17165,MED015,LOC006,SUP011,2026-05-16,2026-05-19,2026-05-19,440,440,Delivered
PO-17166,MED028,LOC005,SUP002,2026-05-16,2026-05-21,2026-05-21,220,220,Delivered
PO-17167,MED031,LOC001,SUP015,2026-05-16,2026-05-19,2026-05-19,1430,1430,Delivered
PO-17168,MED035,LOC001,SUP015,2026-05-16,2026-05-18,2026-05-18,280,280,Delivered
PO-17169,MED037,LOC001,SUP015,2026-05-16,2026-05-20,2026-05-20,2570,2570,Delivered
PO-17170,MED037,LOC006,SUP015,2026-05-16,2026-05-20,2026-05-20,1880,1880,Delivered
PO-17171,MED040,LOC001,SUP004,2026-05-16,2026-05-21,2026-05-21,190,190,Delivered
PO-17172,MED042,LOC003,SUP003,2026-05-16,2026-05-18,2026-05-18,640,640,Delivered
PO-17173,MED043,LOC002,SUP003,2026-05-16,2026-05-18,2026-05-18,110,110,Delivered
PO-17174,MED043,LOC006,SUP003,2026-05-16,2026-05-18,2026-05-18,190,190,Delivered
PO-17175,MED045,LOC001,SUP004,2026-05-16,2026-05-21,2026-05-21,840,840,Delivered
PO-17176,MED047,LOC006,SUP015,2026-05-16,2026-05-19,2026-05-19,560,560,Delivered
PO-17177,MED048,LOC003,SUP015,2026-05-16,2026-05-18,2026-05-18,390,390,Delivered
PO-17178,MED050,LOC005,SUP005,2026-05-16,2026-05-20,2026-05-20,990,990,Delivered
PO-17179,MED052,LOC004,SUP015,2026-05-16,2026-05-19,2026-05-19,60,60,Delivered
PO-17180,MED058,LOC001,SUP008,2026-05-16,2026-05-21,2026-05-21,830,830,Delivered
PO-17181,MED065,LOC001,SUP015,2026-05-16,2026-05-18,2026-05-18,910,910,Delivered
PO-17182,MED066,LOC001,SUP004,2026-05-16,2026-05-22,2026-05-22,1280,1280,Delivered
PO-17183,MED066,LOC007,SUP004,2026-05-16,2026-05-22,2026-05-22,90,90,Delivered
PO-17184,MED068,LOC001,SUP004,2026-05-16,2026-05-22,2026-05-22,4390,4390,Delivered
PO-17185,MED002,LOC003,SUP010,2026-05-17,2026-05-24,2026-05-24,520,520,Delivered
PO-17186,MED006,LOC001,SUP001,2026-05-17,2026-05-22,2026-05-22,1140,1140,Delivered
PO-17187,MED011,LOC006,SUP011,2026-05-17,2026-05-22,2026-05-22,380,380,Delivered
PO-17188,MED017,LOC006,SUP001,2026-05-17,2026-05-22,2026-05-22,1120,1120,Delivered
PO-17189,MED018,LOC001,SUP001,2026-05-17,2026-05-20,2026-05-20,1870,1870,Delivered
PO-17190,MED018,LOC004,SUP001,2026-05-17,2026-05-20,2026-05-20,270,270,Delivered
PO-17191,MED019,LOC003,SUP015,2026-05-17,2026-05-20,2026-05-20,1020,1020,Delivered
PO-17192,MED021,LOC007,SUP002,2026-05-17,2026-05-21,2026-05-21,90,90,Delivered
PO-17193,MED024,LOC006,SUP009,2026-05-17,2026-05-22,2026-05-22,1340,1340,Delivered
PO-17194,MED025,LOC001,SUP002,2026-05-17,2026-05-22,2026-05-22,2120,2120,Delivered
PO-17195,MED025,LOC004,SUP002,2026-05-17,2026-05-22,2026-05-22,300,300,Delivered
PO-17196,MED027,LOC007,SUP009,2026-05-17,2026-05-22,2026-05-22,60,60,Delivered
PO-17197,MED032,LOC004,SUP009,2026-05-17,2026-05-20,2026-05-20,80,80,Delivered
PO-17198,MED036,LOC005,SUP003,2026-05-17,2026-05-19,2026-05-19,810,810,Delivered
PO-17199,MED040,LOC006,SUP004,2026-05-17,2026-05-22,2026-05-22,100,100,Delivered
PO-17200,MED043,LOC007,SUP003,2026-05-17,2026-05-19,2026-05-19,50,50,Delivered
PO-17201,MED044,LOC004,SUP010,2026-05-17,2026-05-22,2026-05-22,80,80,Delivered
PO-17202,MED048,LOC001,SUP015,2026-05-17,2026-05-19,2026-05-19,500,500,Delivered
PO-17203,MED055,LOC003,SUP015,2026-05-17,2026-05-20,2026-05-20,810,810,Delivered
PO-17204,MED066,LOC006,SUP004,2026-05-17,2026-05-23,2026-05-23,920,920,Delivered
PO-17205,MED069,LOC006,SUP004,2026-05-17,2026-05-24,2026-05-24,3510,3510,Delivered
PO-17206,MED070,LOC003,SUP004,2026-05-17,2026-05-23,2026-05-23,490,490,Delivered
PO-17207,MED073,LOC003,SUP004,2026-05-17,2026-05-23,2026-05-23,150,150,Delivered
PO-17208,MED003,LOC002,SUP001,2026-05-18,2026-05-21,2026-05-21,120,120,Delivered
PO-17209,MED009,LOC006,SUP007,2026-05-18,2026-05-22,2026-05-22,1270,1270,Delivered
PO-17210,MED013,LOC003,SUP007,2026-05-18,2026-05-23,2026-05-23,250,250,Delivered
PO-17211,MED014,LOC002,SUP007,2026-05-18,2026-05-21,2026-05-21,210,210,Delivered
PO-17212,MED014,LOC007,SUP007,2026-05-18,2026-05-21,2026-05-21,50,50,Delivered
PO-17213,MED015,LOC001,SUP011,2026-05-18,2026-05-21,2026-05-21,620,620,Delivered
PO-17214,MED017,LOC003,SUP001,2026-05-18,2026-05-23,2026-05-23,1200,1200,Delivered
PO-17215,MED021,LOC003,SUP002,2026-05-18,2026-05-22,2026-05-22,1390,1390,Delivered
PO-17216,MED021,LOC004,SUP002,2026-05-18,2026-05-22,2026-05-22,290,290,Delivered
PO-17217,MED024,LOC004,SUP009,2026-05-18,2026-05-23,2026-05-23,270,270,Delivered
PO-17218,MED025,LOC006,SUP002,2026-05-18,2026-05-23,2026-05-23,1580,1580,Delivered
PO-17219,MED026,LOC002,SUP002,2026-05-18,2026-05-24,2026-05-24,910,910,Delivered
PO-17220,MED026,LOC004,SUP002,2026-05-18,2026-05-24,2026-05-24,350,350,Delivered
PO-17221,MED026,LOC007,SUP002,2026-05-18,2026-05-24,2026-05-24,170,170,Delivered
PO-17222,MED027,LOC001,SUP009,2026-05-18,2026-05-23,2026-05-23,860,860,Delivered
PO-17223,MED027,LOC005,SUP009,2026-05-18,2026-05-23,2026-05-23,300,300,Delivered
PO-17224,MED031,LOC006,SUP015,2026-05-18,2026-05-21,2026-05-21,1040,1040,Delivered
PO-17225,MED036,LOC004,SUP003,2026-05-18,2026-05-20,2026-05-20,390,390,Delivered
PO-17226,MED037,LOC004,SUP015,2026-05-18,2026-05-22,2026-05-22,350,350,Delivered
PO-17227,MED041,LOC002,SUP015,2026-05-18,2026-05-20,2026-05-20,100,100,Delivered
PO-17228,MED044,LOC006,SUP010,2026-05-18,2026-05-23,2026-05-23,430,430,Delivered
PO-17229,MED048,LOC004,SUP015,2026-05-18,2026-05-20,2026-05-20,80,80,Delivered
PO-17230,MED048,LOC007,SUP015,2026-05-18,2026-05-20,2026-05-20,50,50,Delivered
PO-17231,MED050,LOC001,SUP005,2026-05-18,2026-05-22,2026-05-22,3120,3120,Delivered
PO-17232,MED050,LOC007,SUP005,2026-05-18,2026-05-22,2026-05-22,180,180,Delivered
PO-17233,MED051,LOC003,SUP015,2026-05-18,2026-05-20,2026-05-20,1860,1860,Delivered
PO-17234,MED055,LOC001,SUP015,2026-05-18,2026-05-21,2026-05-21,1100,1100,Delivered
PO-17235,MED055,LOC004,SUP015,2026-05-18,2026-05-21,2026-05-21,170,170,Delivered
PO-17236,MED055,LOC006,SUP015,2026-05-18,2026-05-21,2026-05-21,870,870,Delivered
PO-17237,MED057,LOC001,SUP008,2026-05-18,2026-05-22,2026-05-22,740,740,Delivered
PO-17238,MED058,LOC005,SUP008,2026-05-18,2026-05-23,2026-05-23,270,270,Delivered
PO-17239,MED059,LOC005,SUP015,2026-05-18,2026-05-21,2026-05-21,210,210,Delivered
PO-17240,MED060,LOC002,SUP015,2026-05-18,2026-05-20,2026-05-20,50,50,Delivered
PO-17241,MED062,LOC004,SUP004,2026-05-18,2026-05-23,2026-05-23,210,210,Delivered
PO-17242,MED063,LOC002,SUP004,2026-05-18,2026-05-25,2026-05-25,180,180,Delivered
PO-17243,MED063,LOC003,SUP004,2026-05-18,2026-05-25,2026-05-25,380,380,Delivered
PO-17244,MED064,LOC003,SUP005,2026-05-18,2026-05-23,2026-05-23,2090,2090,Delivered
PO-17245,MED065,LOC002,SUP015,2026-05-18,2026-05-20,2026-05-20,340,340,Delivered
PO-17246,MED066,LOC002,SUP004,2026-05-18,2026-05-24,2026-05-24,520,520,Delivered
PO-17247,MED067,LOC007,SUP012,2026-05-18,2026-05-24,2026-05-24,70,70,Delivered
PO-17248,MED075,LOC001,SUP004,2026-05-18,2026-05-24,2026-05-24,790,790,Delivered
PO-17249,MED075,LOC002,SUP004,2026-05-18,2026-05-24,2026-05-24,290,290,Delivered
PO-17250,MED001,LOC003,SUP001,2026-05-19,2026-05-24,2026-05-24,750,750,Delivered
PO-17251,MED003,LOC004,SUP001,2026-05-19,2026-05-22,2026-05-22,60,60,Delivered
PO-17252,MED003,LOC007,SUP001,2026-05-19,2026-05-22,2026-05-22,50,50,Delivered
PO-17253,MED007,LOC001,SUP011,2026-05-19,2026-05-22,2026-05-22,1600,1600,Delivered
PO-17254,MED007,LOC002,SUP011,2026-05-19,2026-05-22,2026-05-22,630,630,Delivered
PO-17255,MED007,LOC007,SUP011,2026-05-19,2026-05-22,2026-05-22,370,370,Delivered
PO-17256,MED008,LOC006,SUP001,2026-05-19,2026-05-24,2026-05-24,460,460,Delivered
PO-17257,MED011,LOC003,SUP011,2026-05-19,2026-05-24,2026-05-24,400,400,Delivered
PO-17258,MED012,LOC001,SUP007,2026-05-19,2026-05-23,2026-05-23,840,840,Delivered
PO-17259,MED013,LOC001,SUP007,2026-05-19,2026-05-24,2026-05-24,350,350,Delivered
PO-17260,MED014,LOC004,SUP007,2026-05-19,2026-05-22,2026-05-22,70,70,Delivered
PO-17261,MED014,LOC006,SUP007,2026-05-19,2026-05-22,2026-05-22,370,370,Delivered
PO-17262,MED017,LOC001,SUP001,2026-05-19,2026-05-24,2026-05-24,1530,1530,Delivered
PO-17263,MED018,LOC006,SUP001,2026-05-19,2026-05-22,2026-05-22,1360,1360,Delivered
PO-17264,MED020,LOC003,SUP004,2026-05-19,2026-05-24,2026-05-24,880,880,Delivered
PO-17265,MED023,LOC001,SUP002,2026-05-19,2026-05-23,2026-05-23,1380,1380,Delivered
PO-17266,MED024,LOC003,SUP009,2026-05-19,2026-05-24,2026-05-24,1440,1440,Delivered
PO-17267,MED027,LOC003,SUP009,2026-05-19,2026-05-24,2026-05-24,660,660,Delivered
PO-17268,MED032,LOC006,SUP009,2026-05-19,2026-05-22,2026-05-22,530,530,Delivered
PO-17269,MED033,LOC002,SUP004,2026-05-19,2026-05-25,2026-05-25,80,80,Delivered
PO-17270,MED035,LOC005,SUP015,2026-05-19,2026-05-21,2026-05-21,100,100,Delivered
PO-17271,MED037,LOC007,SUP015,2026-05-19,2026-05-23,2026-05-23,170,170,Delivered
PO-17272,MED047,LOC001,SUP015,2026-05-19,2026-05-22,2026-05-22,750,750,Delivered
PO-17273,MED047,LOC007,SUP015,2026-05-19,2026-05-22,2026-05-22,50,50,Delivered
PO-17274,MED050,LOC003,SUP005,2026-05-19,2026-05-23,2026-05-23,2500,2500,Delivered
PO-17275,MED052,LOC006,SUP015,2026-05-19,2026-05-22,2026-05-22,370,370,Delivered
PO-17276,MED054,LOC005,SUP015,2026-05-19,2026-05-21,2026-05-21,160,160,Delivered
PO-17277,MED054,LOC006,SUP015,2026-05-19,2026-05-21,2026-05-21,290,290,Delivered
PO-17278,MED057,LOC006,SUP008,2026-05-19,2026-05-23,2026-05-23,510,510,Delivered
PO-17279,MED058,LOC004,SUP008,2026-05-19,2026-05-24,2026-05-24,270,270,Delivered
PO-17280,MED061,LOC001,SUP004,2026-05-19,2026-05-26,2026-05-26,900,900,Delivered
PO-17281,MED061,LOC004,SUP004,2026-05-19,2026-05-26,2026-05-26,140,140,Delivered
PO-17282,MED062,LOC007,SUP004,2026-05-19,2026-05-24,2026-05-24,80,80,Delivered
PO-17283,MED064,LOC007,SUP005,2026-05-19,2026-05-24,2026-05-24,150,150,Delivered
PO-17284,MED066,LOC003,SUP004,2026-05-19,2026-05-25,2026-05-25,1030,1030,Delivered
PO-17285,MED073,LOC005,SUP004,2026-05-19,2026-05-25,2026-05-25,90,90,Delivered
PO-17286,MED075,LOC005,SUP004,2026-05-19,2026-05-25,2026-05-25,270,270,Delivered
PO-17287,MED075,LOC006,SUP004,2026-05-19,2026-05-25,2026-05-25,620,620,Delivered
PO-17288,MED003,LOC005,SUP001,2026-05-20,2026-05-23,2026-05-23,130,130,Delivered
PO-17289,MED008,LOC003,SUP001,2026-05-20,2026-05-25,2026-05-25,460,460,Delivered
PO-17290,MED011,LOC004,SUP011,2026-05-20,2026-05-25,2026-05-25,90,90,Delivered
PO-17291,MED014,LOC005,SUP007,2026-05-20,2026-05-23,2026-05-23,160,160,Delivered
PO-17292,MED015,LOC002,SUP011,2026-05-20,2026-05-23,2026-05-24,250,250,Delayed
PO-17293,MED015,LOC004,SUP011,2026-05-20,2026-05-23,2026-05-23,100,100,Delivered
PO-17294,MED015,LOC005,SUP011,2026-05-20,2026-05-23,2026-05-23,220,220,Delivered
PO-17295,MED016,LOC001,SUP001,2026-05-20,2026-05-24,2026-05-24,2450,2450,Delivered
PO-17296,MED016,LOC003,SUP001,2026-05-20,2026-05-24,2026-05-24,1960,1960,Delivered
PO-17297,MED017,LOC005,SUP001,2026-05-20,2026-05-25,2026-05-25,540,540,Delivered
PO-17298,MED017,LOC007,SUP001,2026-05-20,2026-05-25,2026-05-25,120,120,Delivered
PO-17299,MED022,LOC001,SUP002,2026-05-20,2026-05-24,2026-05-24,1040,1040,Delivered
PO-17300,MED023,LOC003,SUP002,2026-05-20,2026-05-24,2026-05-24,1060,1060,Delivered
PO-17301,MED023,LOC006,SUP002,2026-05-20,2026-05-24,2026-05-24,950,950,Delivered
PO-17302,MED024,LOC001,SUP009,2026-05-20,2026-05-25,2026-05-25,1900,1900,Delivered
PO-17303,MED026,LOC006,SUP002,2026-05-20,2026-05-26,2026-05-26,1850,1850,Delivered
PO-17304,MED027,LOC002,SUP009,2026-05-20,2026-05-25,2026-05-25,320,320,Delivered
PO-17305,MED027,LOC004,SUP009,2026-05-20,2026-05-25,2026-05-25,130,130,Delivered
PO-17306,MED028,LOC006,SUP002,2026-05-20,2026-05-25,2026-05-25,540,540,Delivered
PO-17307,MED034,LOC003,SUP013,2026-05-20,2026-05-26,2026-05-26,270,270,Delivered
PO-17308,MED034,LOC006,SUP013,2026-05-20,2026-05-26,2026-05-26,250,250,Delivered
PO-17309,MED036,LOC007,SUP003,2026-05-20,2026-05-22,2026-05-22,150,150,Delivered
PO-17310,MED039,LOC003,SUP006,2026-05-20,2026-05-28,2026-05-28,50,50,Delivered
PO-17311,MED040,LOC005,SUP004,2026-05-20,2026-05-25,2026-05-25,60,60,Delivered
PO-17312,MED054,LOC001,SUP015,2026-05-20,2026-05-22,2026-05-22,390,390,Delivered
PO-17313,MED054,LOC003,SUP015,2026-05-20,2026-05-22,2026-05-22,330,330,Delivered
PO-17314,MED060,LOC003,SUP015,2026-05-20,2026-05-22,2026-05-22,90,90,Delivered
PO-17315,MED062,LOC001,SUP004,2026-05-20,2026-05-25,2026-05-25,1390,1390,Delivered
PO-17316,MED067,LOC001,SUP012,2026-05-20,2026-05-26,2026-05-26,990,990,Delivered
PO-17317,MED067,LOC006,SUP012,2026-05-20,2026-05-26,2026-05-26,710,710,Delivered
PO-17318,MED068,LOC002,SUP004,2026-05-20,2026-05-26,2026-05-26,1790,1790,Delivered
PO-17319,MED068,LOC003,SUP004,2026-05-20,2026-05-26,2026-05-29,3460,3460,Delayed
PO-17320,MED068,LOC005,SUP004,2026-05-20,2026-05-26,2026-05-26,1540,1540,Delivered
PO-17321,MED068,LOC006,SUP004,2026-05-20,2026-05-26,2026-05-26,4750,4750,Delivered
PO-17322,MED069,LOC004,SUP004,2026-05-20,2026-05-27,2026-05-27,480,480,Delivered
PO-17323,MED070,LOC001,SUP004,2026-05-20,2026-05-26,2026-05-26,550,550,Delivered
PO-17324,MED070,LOC006,SUP004,2026-05-20,2026-05-26,2026-05-26,370,370,Delivered
PO-17325,MED071,LOC006,SUP014,2026-05-20,2026-05-26,2026-05-26,110,110,Delivered
PO-17326,MED073,LOC004,SUP004,2026-05-20,2026-05-26,2026-05-26,50,50,Delivered
PO-17327,MED074,LOC005,SUP006,2026-05-20,2026-05-28,2026-05-28,50,50,Delivered
PO-17328,MED075,LOC003,SUP004,2026-05-20,2026-05-26,2026-05-26,660,660,Delivered
PO-17329,MED001,LOC006,SUP001,2026-05-21,2026-05-26,2026-05-26,990,990,Delivered
PO-17330,MED005,LOC001,SUP001,2026-05-21,2026-05-26,2026-05-26,420,420,Delivered
PO-17331,MED007,LOC006,SUP011,2026-05-21,2026-05-24,2026-05-24,1150,1150,Delivered
PO-17332,MED009,LOC002,SUP007,2026-05-21,2026-05-25,2026-05-25,690,690,Delivered
PO-17333,MED013,LOC002,SUP007,2026-05-21,2026-05-26,2026-05-26,130,130,Delivered
PO-17334,MED016,LOC004,SUP001,2026-05-21,2026-05-25,2026-05-25,350,350,Delivered
PO-17335,MED021,LOC001,SUP002,2026-05-21,2026-05-25,2026-05-25,1730,1730,Delivered
PO-17336,MED028,LOC001,SUP002,2026-05-21,2026-05-26,2026-05-26,780,780,Delivered
PO-17337,MED028,LOC007,SUP002,2026-05-21,2026-05-26,2026-05-26,50,50,Delivered
PO-17338,MED031,LOC003,SUP015,2026-05-21,2026-05-24,2026-05-24,1100,1100,Delivered
PO-17339,MED034,LOC002,SUP013,2026-05-21,2026-05-27,2026-05-27,130,130,Delivered
PO-17340,MED041,LOC003,SUP015,2026-05-21,2026-05-23,2026-05-23,190,190,Delivered
PO-17341,MED046,LOC001,SUP015,2026-05-21,2026-05-25,2026-05-25,1150,1150,Delivered
PO-17342,MED046,LOC004,SUP015,2026-05-21,2026-05-25,2026-05-25,180,180,Delivered
PO-17343,MED046,LOC006,SUP015,2026-05-21,2026-05-25,2026-05-25,800,800,Delivered
PO-17344,MED047,LOC005,SUP015,2026-05-21,2026-05-24,2026-05-26,240,240,Delayed
PO-17345,MED049,LOC001,SUP015,2026-05-21,2026-05-24,2026-05-24,2570,2570,Delivered
PO-17346,MED049,LOC007,SUP015,2026-05-21,2026-05-24,2026-05-24,160,160,Delivered
PO-17347,MED052,LOC005,SUP015,2026-05-21,2026-05-24,2026-05-24,140,140,Delivered
PO-17348,MED053,LOC001,SUP010,2026-05-21,2026-05-27,2026-05-27,310,310,Delivered
PO-17349,MED053,LOC006,SUP010,2026-05-21,2026-05-27,2026-05-27,290,290,Delivered
PO-17350,MED055,LOC002,SUP015,2026-05-21,2026-05-24,2026-05-24,420,420,Delivered
PO-17351,MED056,LOC005,SUP005,2026-05-21,2026-05-26,2026-05-26,290,290,Delivered
PO-17352,MED056,LOC006,SUP005,2026-05-21,2026-05-26,2026-05-26,670,670,Delivered
PO-17353,MED061,LOC003,SUP004,2026-05-21,2026-05-28,2026-05-28,680,680,Delivered
PO-17354,MED061,LOC006,SUP004,2026-05-21,2026-05-28,2026-05-28,630,630,Delivered
PO-17355,MED062,LOC002,SUP004,2026-05-21,2026-05-26,2026-05-26,510,510,Delivered
PO-17356,MED062,LOC006,SUP004,2026-05-21,2026-05-26,2026-05-26,1050,1050,Delivered
PO-17357,MED068,LOC004,SUP004,2026-05-21,2026-05-27,2026-05-27,600,600,Delivered
PO-17358,MED071,LOC001,SUP014,2026-05-21,2026-05-27,2026-05-27,160,160,Delivered
PO-17359,MED072,LOC002,SUP006,2026-05-21,2026-05-28,2026-05-28,50,50,Delivered
PO-17360,MED074,LOC002,SUP006,2026-05-21,2026-05-29,2026-05-29,50,50,Delivered
PO-17361,MED001,LOC002,SUP001,2026-05-22,2026-05-27,2026-05-27,420,420,Delivered
PO-17362,MED003,LOC001,SUP001,2026-05-22,2026-05-25,2026-05-25,380,380,Delivered
PO-17363,MED003,LOC003,SUP001,2026-05-22,2026-05-25,2026-05-25,300,300,Delivered
PO-17364,MED004,LOC005,SUP001,2026-05-22,2026-05-26,2026-05-26,130,130,Delivered
PO-17365,MED004,LOC006,SUP001,2026-05-22,2026-05-26,2026-05-26,440,440,Delivered
PO-17366,MED007,LOC005,SUP011,2026-05-22,2026-05-25,2026-05-25,550,550,Delivered
PO-17367,MED008,LOC005,SUP001,2026-05-22,2026-05-27,2026-05-27,190,190,Delivered
PO-17368,MED010,LOC001,SUP007,2026-05-22,2026-05-26,2026-05-26,1140,1140,Delivered
PO-17369,MED010,LOC007,SUP007,2026-05-22,2026-05-26,2026-05-26,60,60,Delivered
PO-17370,MED012,LOC003,SUP007,2026-05-22,2026-05-26,2026-05-26,660,660,Delivered
PO-17371,MED014,LOC001,SUP007,2026-05-22,2026-05-25,2026-05-25,500,500,Delivered
PO-17372,MED019,LOC005,SUP015,2026-05-22,2026-05-25,2026-05-25,420,420,Delivered
PO-17373,MED021,LOC002,SUP002,2026-05-22,2026-05-26,2026-05-26,710,710,Delivered
PO-17374,MED024,LOC002,SUP009,2026-05-22,2026-05-27,2026-05-27,760,760,Delivered
PO-17375,MED026,LOC005,SUP002,2026-05-22,2026-05-28,2026-05-28,750,750,Delivered
PO-17376,MED030,LOC003,SUP004,2026-05-22,2026-05-27,2026-05-27,210,210,Delivered
PO-17377,MED035,LOC004,SUP015,2026-05-22,2026-05-24,2026-05-24,50,50,Delivered
PO-17378,MED036,LOC002,SUP003,2026-05-22,2026-05-24,2026-05-24,910,910,Delivered
PO-17379,MED037,LOC002,SUP015,2026-05-22,2026-05-26,2026-05-26,1040,1040,Delivered
PO-17380,MED037,LOC003,SUP015,2026-05-22,2026-05-26,2026-05-26,2030,2030,Delivered
PO-17381,MED042,LOC006,SUP003,2026-05-22,2026-05-24,2026-05-24,640,640,Delivered
PO-17382,MED043,LOC001,SUP003,2026-05-22,2026-05-24,2026-05-24,290,290,Delivered
PO-17383,MED043,LOC004,SUP003,2026-05-22,2026-05-24,2026-05-24,50,50,Delivered
PO-17384,MED046,LOC003,SUP015,2026-05-22,2026-05-26,2026-05-26,1010,1010,Delivered
PO-17385,MED048,LOC006,SUP015,2026-05-22,2026-05-24,2026-05-24,330,330,Delivered
PO-17386,MED049,LOC002,SUP015,2026-05-22,2026-05-25,2026-05-25,1040,1040,Delivered
PO-17387,MED052,LOC002,SUP015,2026-05-22,2026-05-25,2026-05-25,190,190,Delivered
PO-17388,MED058,LOC006,SUP008,2026-05-22,2026-05-27,2026-05-27,540,540,Delivered
PO-17389,MED064,LOC002,SUP005,2026-05-22,2026-05-27,2026-05-27,1040,1040,Delivered
PO-17390,MED065,LOC003,SUP015,2026-05-22,2026-05-24,2026-05-24,720,720,Delivered
PO-17391,MED067,LOC005,SUP012,2026-05-22,2026-05-28,2026-05-28,310,310,Delivered
PO-17392,MED069,LOC005,SUP004,2026-05-22,2026-05-29,2026-05-29,1180,1180,Delivered
PO-17393,MED070,LOC004,SUP004,2026-05-22,2026-05-28,2026-05-28,50,50,Delivered
PO-17394,MED070,LOC005,SUP004,2026-05-22,2026-05-28,2026-05-28,170,170,Delivered
PO-17395,MED071,LOC005,SUP014,2026-05-22,2026-05-28,2026-05-28,60,60,Delivered
PO-17396,MED072,LOC001,SUP006,2026-05-22,2026-05-29,2026-05-29,70,70,Delivered
PO-17397,MED072,LOC006,SUP006,2026-05-22,2026-05-29,2026-05-29,50,50,Delivered
PO-17398,MED073,LOC006,SUP004,2026-05-22,2026-05-28,2026-05-28,170,170,Delivered
PO-17399,MED006,LOC004,SUP001,2026-05-23,2026-05-28,2026-05-28,160,160,Delivered
PO-17400,MED010,LOC002,SUP007,2026-05-23,2026-05-27,2026-05-27,430,430,Delivered
PO-17401,MED010,LOC003,SUP007,2026-05-23,2026-05-27,2026-05-27,770,770,Delivered
PO-17402,MED011,LOC001,SUP011,2026-05-23,2026-05-28,2026-05-28,470,470,Delivered
PO-17403,MED018,LOC003,SUP001,2026-05-23,2026-05-26,2026-05-26,1470,1470,Delivered
PO-17404,MED018,LOC005,SUP001,2026-05-23,2026-05-26,2026-05-26,700,700,Delivered
PO-17405,MED020,LOC001,SUP004,2026-05-23,2026-05-28,2026-05-28,940,940,Delivered
PO-17406,MED022,LOC005,SUP002,2026-05-23,2026-05-27,2026-05-27,350,350,Delivered
PO-17407,MED032,LOC002,SUP009,2026-05-23,2026-05-26,2026-05-26,290,290,Delivered
PO-17408,MED032,LOC003,SUP009,2026-05-23,2026-05-26,2026-05-26,510,510,Delivered
PO-17409,MED033,LOC003,SUP004,2026-05-23,2026-05-29,2026-05-29,160,160,Delivered
PO-17410,MED038,LOC005,SUP015,2026-05-23,2026-05-25,2026-05-25,60,60,Delivered
PO-17411,MED040,LOC004,SUP004,2026-05-23,2026-05-28,2026-05-28,50,50,Delivered
PO-17412,MED053,LOC007,SUP010,2026-05-23,2026-05-29,2026-05-29,50,50,Delivered
PO-17413,MED059,LOC001,SUP015,2026-05-23,2026-05-26,2026-05-26,700,700,Delivered
PO-17414,MED059,LOC006,SUP015,2026-05-23,2026-05-26,2026-05-26,460,460,Delivered
PO-17415,MED061,LOC002,SUP004,2026-05-23,2026-05-30,2026-05-30,350,350,Delivered
PO-17416,MED062,LOC003,SUP004,2026-05-23,2026-05-28,2026-05-28,1170,1170,Delivered
PO-17417,MED063,LOC005,SUP004,2026-05-23,2026-05-30,2026-05-30,170,170,Delivered
PO-17418,MED002,LOC006,SUP010,2026-05-24,2026-05-31,2026-05-31,670,670,Delivered
PO-17419,MED006,LOC003,SUP001,2026-05-24,2026-05-29,2026-05-29,830,830,Delivered
PO-17420,MED008,LOC002,SUP001,2026-05-24,2026-05-29,2026-05-29,240,240,Delivered
PO-17421,MED009,LOC001,SUP007,2026-05-24,2026-05-28,2026-05-28,1670,1670,Delivered
PO-17422,MED011,LOC007,SUP011,2026-05-24,2026-05-29,2026-05-29,130,130,Delivered
PO-17423,MED021,LOC006,SUP002,2026-05-24,2026-05-28,2026-05-28,1220,1220,Delivered
PO-17424,MED022,LOC006,SUP002,2026-05-24,2026-05-28,2026-05-28,830,830,Delivered
PO-17425,MED025,LOC007,SUP002,2026-05-24,2026-05-29,2026-05-29,120,120,Delivered
PO-17426,MED028,LOC002,SUP002,2026-05-24,2026-05-29,2026-05-29,300,300,Delivered
PO-17427,MED030,LOC002,SUP004,2026-05-24,2026-05-29,2026-05-29,80,80,Delivered
PO-17428,MED035,LOC006,SUP015,2026-05-24,2026-05-26,2026-05-26,220,220,Delivered
PO-17429,MED038,LOC002,SUP015,2026-05-24,2026-05-26,2026-05-26,60,60,Delivered
PO-17430,MED040,LOC002,SUP004,2026-05-24,2026-05-29,2026-05-29,70,70,Delivered
PO-17431,MED041,LOC006,SUP015,2026-05-24,2026-05-26,2026-05-26,170,170,Delivered
PO-17432,MED042,LOC005,SUP003,2026-05-24,2026-05-26,2026-05-26,280,280,Delivered
PO-17433,MED045,LOC002,SUP004,2026-05-24,2026-05-29,2026-05-29,320,320,Delivered
PO-17434,MED052,LOC001,SUP015,2026-05-24,2026-05-27,2026-05-27,410,410,Delivered
PO-17435,MED052,LOC003,SUP015,2026-05-24,2026-05-27,2026-05-27,340,340,Delivered
PO-17436,MED053,LOC002,SUP010,2026-05-24,2026-05-30,2026-05-30,120,120,Delivered
PO-17437,MED056,LOC003,SUP005,2026-05-24,2026-05-29,2026-05-29,660,660,Delivered
PO-17438,MED063,LOC001,SUP004,2026-05-24,2026-05-31,2026-05-31,500,500,Delivered
PO-17439,MED063,LOC004,SUP004,2026-05-24,2026-05-31,2026-05-31,90,90,Delivered
PO-17440,MED064,LOC004,SUP005,2026-05-24,2026-05-29,2026-05-29,360,360,Delivered
PO-17441,MED065,LOC004,SUP015,2026-05-24,2026-05-26,2026-05-26,160,160,Delivered
PO-17442,MED066,LOC004,SUP004,2026-05-24,2026-05-30,2026-05-30,190,190,Delivered
PO-17443,MED066,LOC005,SUP004,2026-05-24,2026-05-30,2026-05-30,400,400,Delivered
PO-17444,MED071,LOC003,SUP014,2026-05-24,2026-05-30,2026-05-30,110,110,Delivered
PO-17445,MED001,LOC007,SUP001,2026-05-25,2026-05-30,2026-05-30,50,50,Delivered
PO-17446,MED002,LOC001,SUP010,2026-05-25,2026-06-01,2026-06-01,620,620,Delivered
PO-17447,MED002,LOC005,SUP010,2026-05-25,2026-06-01,2026-06-01,240,240,Delivered
PO-17448,MED005,LOC003,SUP001,2026-05-25,2026-05-30,2026-05-30,260,260,Delivered
PO-17449,MED006,LOC006,SUP001,2026-05-25,2026-05-30,2026-05-30,1220,1220,Delivered
PO-17450,MED009,LOC003,SUP007,2026-05-25,2026-05-29,2026-05-29,1300,1300,Delivered
PO-17451,MED015,LOC003,SUP011,2026-05-25,2026-05-28,2026-05-28,470,470,Delivered
PO-17452,MED016,LOC002,SUP001,2026-05-25,2026-05-29,2026-05-29,1040,1040,Delivered
PO-17453,MED016,LOC007,SUP001,2026-05-25,2026-05-29,2026-05-29,160,160,Delivered
PO-17454,MED017,LOC002,SUP001,2026-05-25,2026-05-30,2026-05-30,600,600,Delivered
PO-17455,MED018,LOC002,SUP001,2026-05-25,2026-05-28,2026-05-28,740,740,Delivered
PO-17456,MED020,LOC005,SUP004,2026-05-25,2026-05-30,2026-05-30,300,300,Delivered
PO-17457,MED022,LOC007,SUP002,2026-05-25,2026-05-29,2026-05-29,60,60,Delivered
PO-17458,MED028,LOC003,SUP002,2026-05-25,2026-05-30,2026-05-30,620,620,Delivered
PO-17459,MED029,LOC001,SUP015,2026-05-25,2026-05-28,2026-05-28,310,310,Delivered
PO-17460,MED029,LOC005,SUP015,2026-05-25,2026-05-28,2026-05-28,100,100,Delivered
PO-17461,MED031,LOC004,SUP015,2026-05-25,2026-05-28,2026-05-28,200,200,Delivered
PO-17462,MED033,LOC006,SUP004,2026-05-25,2026-05-31,2026-05-31,130,130,Delivered
PO-17463,MED034,LOC005,SUP013,2026-05-25,2026-05-31,2026-05-31,120,120,Delivered
PO-17464,MED044,LOC001,SUP010,2026-05-25,2026-05-30,2026-05-30,530,530,Delivered
PO-17465,MED044,LOC002,SUP010,2026-05-25,2026-05-30,2026-05-30,250,250,Delivered
PO-17466,MED044,LOC003,SUP010,2026-05-25,2026-05-30,2026-05-30,440,440,Delivered
PO-17467,MED045,LOC004,SUP004,2026-05-25,2026-05-30,2026-05-30,120,120,Delivered
PO-17468,MED046,LOC002,SUP015,2026-05-25,2026-05-29,2026-05-29,470,470,Delivered
PO-17469,MED049,LOC005,SUP015,2026-05-25,2026-05-28,2026-05-28,870,870,Delivered
PO-17470,MED051,LOC005,SUP015,2026-05-25,2026-05-27,2026-05-27,820,820,Delivered
PO-17471,MED054,LOC004,SUP015,2026-05-25,2026-05-27,2026-05-27,70,70,Delivered
PO-17472,MED058,LOC003,SUP008,2026-05-25,2026-05-30,2026-05-30,580,580,Delivered
PO-17473,MED064,LOC005,SUP005,2026-05-25,2026-05-30,2026-05-30,900,900,Delivered
PO-17474,MED065,LOC005,SUP015,2026-05-25,2026-05-27,2026-05-27,330,330,Delivered
PO-17475,MED069,LOC002,SUP004,2026-05-25,2026-06-01,2026-06-01,1220,1220,Delivered
PO-17476,MED070,LOC002,SUP004,2026-05-25,2026-05-31,2026-06-03,270,270,Delayed
PO-17477,MED074,LOC001,SUP006,2026-05-25,2026-06-02,2026-06-02,100,100,Delivered
PO-17478,MED074,LOC006,SUP006,2026-05-25,2026-06-02,2026-06-02,70,70,Delivered
PO-17479,MED002,LOC007,SUP010,2026-05-26,2026-06-02,2026-06-02,50,50,Delivered
PO-17480,MED003,LOC006,SUP001,2026-05-26,2026-05-29,2026-05-29,430,430,Delivered
PO-17481,MED004,LOC001,SUP001,2026-05-26,2026-05-30,2026-05-30,440,440,Delivered
PO-17482,MED008,LOC004,SUP001,2026-05-26,2026-05-31,2026-05-31,100,100,Delivered
PO-17483,MED018,LOC007,SUP001,2026-05-26,2026-05-29,2026-05-29,100,100,Delivered
PO-17484,MED019,LOC004,SUP015,2026-05-26,2026-05-29,2026-05-29,170,170,Delivered
PO-17485,MED019,LOC007,SUP015,2026-05-26,2026-05-29,2026-05-29,80,80,Delivered
PO-17486,MED020,LOC002,SUP004,2026-05-26,2026-05-31,2026-05-31,350,350,Delivered
PO-17487,MED020,LOC007,SUP004,2026-05-26,2026-05-31,2026-05-31,220,220,Delivered
PO-17488,MED029,LOC006,SUP015,2026-05-26,2026-05-29,2026-05-29,240,240,Delivered
PO-17489,MED030,LOC006,SUP004,2026-05-26,2026-05-31,2026-05-31,170,170,Delivered
PO-17490,MED034,LOC007,SUP013,2026-05-26,2026-06-01,2026-06-01,50,50,Delivered
PO-17491,MED038,LOC003,SUP015,2026-05-26,2026-05-28,2026-05-28,130,130,Delivered
PO-17492,MED039,LOC002,SUP006,2026-05-26,2026-06-03,2026-06-03,50,50,Delivered
PO-17493,MED039,LOC006,SUP006,2026-05-26,2026-06-03,2026-06-03,70,70,Delivered
PO-17494,MED044,LOC005,SUP010,2026-05-26,2026-05-31,2026-05-31,200,200,Delivered
PO-17495,MED047,LOC004,SUP015,2026-05-26,2026-05-29,2026-05-29,90,90,Delivered
PO-17496,MED048,LOC002,SUP015,2026-05-26,2026-05-28,2026-05-28,210,210,Delivered
PO-17497,MED049,LOC004,SUP015,2026-05-26,2026-05-29,2026-05-29,380,380,Delivered
PO-17498,MED050,LOC002,SUP005,2026-05-26,2026-05-30,2026-05-30,1230,1230,Delivered
PO-17499,MED057,LOC003,SUP008,2026-05-26,2026-05-30,2026-05-30,580,580,Delivered
PO-17500,MED061,LOC005,SUP004,2026-05-26,2026-06-02,2026-06-02,300,300,Delivered
PO-17501,MED062,LOC005,SUP004,2026-05-26,2026-05-31,2026-05-31,460,460,Delivered
PO-17502,MED067,LOC002,SUP012,2026-05-26,2026-06-01,2026-06-01,430,430,Delivered
PO-17503,MED067,LOC003,SUP012,2026-05-26,2026-06-01,2026-06-01,810,810,Delivered
PO-17504,MED069,LOC001,SUP004,2026-05-26,2026-06-02,2026-06-02,3170,3170,Delivered
PO-17505,MED069,LOC003,SUP004,2026-05-26,2026-06-02,2026-06-02,2470,2470,Delivered
PO-17506,MED069,LOC007,SUP004,2026-05-26,2026-06-02,2026-06-02,210,210,Delivered
PO-17507,MED074,LOC003,SUP006,2026-05-26,2026-06-03,2026-06-03,70,70,Delivered
PO-17508,MED001,LOC004,SUP001,2026-05-27,2026-06-01,2026-06-01,150,150,Delivered
PO-17509,MED001,LOC005,SUP001,2026-05-27,2026-06-01,2026-06-01,310,310,Delivered
PO-17510,MED002,LOC002,SUP010,2026-05-27,2026-06-03,2026-06-03,280,280,Delivered
PO-17511,MED002,LOC004,SUP010,2026-05-27,2026-06-03,2026-06-03,100,100,Delivered
PO-17512,MED005,LOC004,SUP001,2026-05-27,2026-06-01,2026-06-01,50,50,Delivered
PO-17513,MED009,LOC007,SUP007,2026-05-27,2026-05-31,2026-05-31,100,100,Delivered
PO-17514,MED012,LOC002,SUP007,2026-05-27,2026-05-31,2026-05-31,320,320,Delivered
PO-17515,MED012,LOC005,SUP007,2026-05-27,2026-05-31,2026-05-31,290,290,Delivered
PO-17516,MED013,LOC006,SUP007,2026-05-27,2026-06-01,2026-06-01,240,240,Delivered
PO-17517,MED014,LOC003,SUP007,2026-05-27,2026-05-30,2026-05-30,350,350,Delivered
PO-17518,MED016,LOC005,SUP001,2026-05-27,2026-05-31,2026-05-31,860,860,Delivered
PO-17519,MED019,LOC002,SUP015,2026-05-27,2026-05-30,2026-05-30,510,510,Delivered
PO-17520,MED023,LOC002,SUP002,2026-05-27,2026-05-31,2026-05-31,540,540,Delivered
PO-17521,MED025,LOC005,SUP002,2026-05-27,2026-06-01,2026-06-01,690,690,Delivered
PO-17522,MED028,LOC004,SUP002,2026-05-27,2026-06-01,2026-06-01,100,100,Delivered
PO-17523,MED029,LOC003,SUP015,2026-05-27,2026-05-30,2026-05-30,270,270,Delivered
PO-17524,MED032,LOC005,SUP009,2026-05-27,2026-05-30,2026-05-30,230,230,Delivered
PO-17525,MED036,LOC003,SUP003,2026-05-27,2026-05-29,2026-05-29,1930,1930,Delivered
PO-17526,MED036,LOC006,SUP003,2026-05-27,2026-05-29,2026-05-29,1780,1780,Delivered
PO-17527,MED037,LOC005,SUP015,2026-05-27,2026-05-31,2026-05-31,810,810,Delivered
PO-17528,MED038,LOC001,SUP015,2026-05-27,2026-05-29,2026-05-29,150,150,Delivered
PO-17529,MED042,LOC002,SUP003,2026-05-27,2026-05-29,2026-05-29,300,300,Delivered
PO-17530,MED046,LOC005,SUP015,2026-05-27,2026-05-31,2026-05-31,400,400,Delivered
PO-17531,MED051,LOC004,SUP015,2026-05-27,2026-05-29,2026-05-29,410,410,Delivered
PO-17532,MED051,LOC007,SUP015,2026-05-27,2026-05-29,2026-05-29,130,130,Delivered
PO-17533,MED054,LOC002,SUP015,2026-05-27,2026-05-29,2026-05-29,150,150,Delivered
PO-17534,MED056,LOC004,SUP005,2026-05-27,2026-06-01,2026-06-01,310,310,Delivered
PO-17535,MED058,LOC002,SUP008,2026-05-27,2026-06-01,2026-06-01,310,310,Delivered
PO-17536,MED059,LOC007,SUP015,2026-05-27,2026-05-30,2026-05-30,50,50,Delivered
PO-17537,MED067,LOC004,SUP012,2026-05-27,2026-06-02,2026-06-02,180,180,Delivered
PO-17538,MED071,LOC002,SUP014,2026-05-27,2026-06-02,2026-06-03,60,60,Delayed
PO-17539,MED075,LOC007,SUP004,2026-05-27,2026-06-02,2026-06-05,50,50,Delayed
PO-17540,MED004,LOC003,SUP001,2026-05-28,2026-06-01,2026-06-01,320,320,Delivered
PO-17541,MED009,LOC004,SUP007,2026-05-28,2026-06-01,2026-06-01,240,240,Delivered
PO-17542,MED010,LOC005,SUP007,2026-05-28,2026-06-01,2026-06-01,370,370,Delivered
PO-17543,MED023,LOC005,SUP002,2026-05-28,2026-06-01,2026-06-02,460,460,Delayed
PO-17544,MED026,LOC003,SUP002,2026-05-28,2026-06-03,2026-06-03,1800,1800,Delivered
PO-17545,MED028,LOC005,SUP002,2026-05-28,2026-06-02,2026-06-02,270,270,Delivered
PO-17546,MED030,LOC001,SUP004,2026-05-28,2026-06-02,2026-06-02,280,280,Delivered
PO-17547,MED031,LOC002,SUP015,2026-05-28,2026-05-31,2026-05-31,540,540,Delivered
PO-17548,MED031,LOC007,SUP015,2026-05-28,2026-05-31,2026-05-31,110,110,Delivered
PO-17549,MED033,LOC001,SUP004,2026-05-28,2026-06-03,2026-06-03,200,200,Delivered
PO-17550,MED034,LOC001,SUP013,2026-05-28,2026-06-03,2026-06-03,320,320,Delivered
PO-17551,MED041,LOC001,SUP015,2026-05-28,2026-05-30,2026-05-30,220,220,Delivered
PO-17552,MED044,LOC004,SUP010,2026-05-28,2026-06-02,2026-06-03,90,90,Delayed
PO-17553,MED045,LOC003,SUP004,2026-05-28,2026-06-02,2026-06-05,620,620,Delayed
PO-17554,MED045,LOC005,SUP004,2026-05-28,2026-06-02,2026-06-02,280,280,Delivered
PO-17555,MED057,LOC005,SUP008,2026-05-28,2026-06-01,2026-06-01,230,230,Delivered
PO-17556,MED057,LOC007,SUP008,2026-05-28,2026-06-01,2026-06-03,50,50,Delayed
PO-17557,MED059,LOC003,SUP015,2026-05-28,2026-05-31,2026-05-31,530,530,Delivered
PO-17558,MED063,LOC002,SUP004,2026-05-28,2026-06-04,2026-06-04,190,190,Delivered
PO-17559,MED072,LOC003,SUP006,2026-05-28,2026-06-04,2026-06-04,50,50,Delivered
PO-17560,MED073,LOC001,SUP004,2026-05-28,2026-06-03,2026-06-03,220,220,Delivered
PO-17561,MED073,LOC002,SUP004,2026-05-28,2026-06-03,2026-06-03,90,90,Delivered
PO-17562,MED073,LOC003,SUP004,2026-05-28,2026-06-03,2026-06-03,180,180,Delivered
PO-17563,MED004,LOC002,SUP001,2026-05-29,2026-06-02,2026-06-02,160,160,Delivered
PO-17564,MED005,LOC002,SUP001,2026-05-29,2026-06-03,2026-06-03,120,120,Delivered
PO-17565,MED006,LOC005,SUP001,2026-05-29,2026-06-03,2026-06-03,330,330,Delivered
PO-17566,MED009,LOC005,SUP007,2026-05-29,2026-06-02,2026-06-02,570,570,Delivered
PO-17567,MED010,LOC006,SUP007,2026-05-29,2026-06-02,2026-06-02,800,800,Delivered
PO-17568,MED023,LOC004,SUP002,2026-05-29,2026-06-02,2026-06-02,190,190,Delivered
PO-17569,MED024,LOC007,SUP009,2026-05-29,2026-06-03,2026-06-03,100,100,Delivered
PO-17570,MED029,LOC007,SUP015,2026-05-29,2026-06-01,2026-06-01,50,50,Delivered
PO-17571,MED032,LOC007,SUP009,2026-05-29,2026-06-01,2026-06-01,50,50,Delivered
PO-17572,MED034,LOC004,SUP013,2026-05-29,2026-06-04,2026-06-04,50,50,Delivered
PO-17573,MED036,LOC001,SUP003,2026-05-29,2026-05-31,2026-05-31,2330,2330,Delivered
PO-17574,MED039,LOC001,SUP006,2026-05-29,2026-06-06,2026-06-08,60,60,Delayed
PO-17575,MED047,LOC003,SUP015,2026-05-29,2026-06-01,2026-06-01,550,550,Delivered
PO-17576,MED053,LOC003,SUP010,2026-05-29,2026-06-04,2026-06-04,210,210,Delivered
PO-17577,MED053,LOC005,SUP010,2026-05-29,2026-06-04,2026-06-04,90,90,Delivered
PO-17578,MED055,LOC005,SUP015,2026-05-29,2026-06-01,2026-06-01,380,380,Delivered
PO-17579,MED056,LOC007,SUP005,2026-05-29,2026-06-03,2026-06-03,50,50,Delivered
PO-17580,MED059,LOC002,SUP015,2026-05-29,2026-06-01,2026-06-01,250,250,Delivered
PO-17581,MED064,LOC006,SUP005,2026-05-29,2026-06-03,2026-06-03,2030,2030,Delivered
PO-17582,MED075,LOC002,SUP004,2026-05-29,2026-06-04,2026-06-04,320,320,Delivered
PO-17583,MED075,LOC004,SUP004,2026-05-29,2026-06-04,2026-06-04,50,50,Delivered
PO-17584,MED004,LOC004,SUP001,2026-05-30,2026-06-03,2026-06-03,60,60,Delivered
PO-17585,MED012,LOC004,SUP007,2026-05-30,2026-06-03,2026-06-03,110,110,Delivered
PO-17586,MED013,LOC005,SUP007,2026-05-30,2026-06-04,2026-06-04,100,100,Delivered
PO-17587,MED016,LOC006,SUP001,2026-05-30,2026-06-03,2026-06-03,1820,1820,Delivered
PO-17588,MED022,LOC002,SUP002,2026-05-30,2026-06-03,2026-06-03,410,410,Delivered
PO-17589,MED026,LOC001,SUP002,2026-05-30,2026-06-05,2026-06-05,2350,2350,Delivered
PO-17590,MED027,LOC006,SUP009,2026-05-30,2026-06-04,2026-06-04,680,680,Delivered
PO-17591,MED041,LOC004,SUP015,2026-05-30,2026-06-01,2026-06-01,50,50,Delivered
PO-17592,MED043,LOC002,SUP003,2026-05-30,2026-06-01,2026-06-01,140,140,Delivered
PO-17593,MED045,LOC006,SUP004,2026-05-30,2026-06-04,2026-06-04,560,560,Delivered
PO-17594,MED048,LOC005,SUP015,2026-05-30,2026-06-01,2026-06-01,170,170,Delivered
PO-17595,MED050,LOC006,SUP005,2026-05-30,2026-06-03,2026-06-03,2410,2410,Delivered
PO-17596,MED056,LOC002,SUP005,2026-05-30,2026-06-04,2026-06-04,300,300,Delivered
PO-17597,MED063,LOC006,SUP004,2026-05-30,2026-06-06,2026-06-06,340,340,Delivered
PO-17598,MED069,LOC006,SUP004,2026-05-30,2026-06-06,2026-06-06,3440,3440,Delivered
PO-17599,MED071,LOC004,SUP014,2026-05-30,2026-06-05,2026-06-05,50,50,Delivered
PO-17600,MED001,LOC001,SUP001,2026-05-31,2026-06-05,2026-06-05,920,920,Delivered
PO-17601,MED002,LOC003,SUP010,2026-05-31,2026-06-07,2026-06-07,520,520,Delivered
PO-17602,MED006,LOC002,SUP001,2026-05-31,2026-06-05,2026-06-05,410,410,Delivered
PO-17603,MED008,LOC001,SUP001,2026-05-31,2026-06-05,2026-06-05,610,610,Delivered
PO-17604,MED012,LOC006,SUP007,2026-05-31,2026-06-04,2026-06-04,600,600,Delivered
PO-17605,MED019,LOC001,SUP015,2026-05-31,2026-06-03,2026-06-03,1290,1290,Delivered
PO-17606,MED020,LOC006,SUP004,2026-05-31,2026-06-05,2026-06-05,780,780,Delivered
PO-17607,MED021,LOC005,SUP002,2026-05-31,2026-06-04,2026-06-04,560,560,Delivered
PO-17608,MED021,LOC007,SUP002,2026-05-31,2026-06-04,2026-06-04,100,100,Delivered
PO-17609,MED024,LOC005,SUP009,2026-05-31,2026-06-05,2026-06-05,560,560,Delivered
PO-17610,MED025,LOC003,SUP002,2026-05-31,2026-06-05,2026-06-05,1700,1700,Delivered
PO-17611,MED031,LOC005,SUP015,2026-05-31,2026-06-03,2026-06-03,470,470,Delivered
PO-17612,MED043,LOC006,SUP003,2026-05-31,2026-06-02,2026-06-02,230,230,Delivered
PO-17613,MED045,LOC001,SUP004,2026-05-31,2026-06-05,2026-06-05,840,840,Delivered
PO-17614,MED049,LOC006,SUP015,2026-05-31,2026-06-03,2026-06-03,1850,1850,Delivered
PO-17615,MED059,LOC004,SUP015,2026-05-31,2026-06-03,2026-06-03,100,100,Delivered
PO-17616,MED060,LOC001,SUP015,2026-05-31,2026-06-02,2026-06-02,110,110,Delivered
PO-17617,MED063,LOC007,SUP004,2026-05-31,2026-06-07,2026-06-07,50,50,Delivered
PO-17618,MED065,LOC006,SUP015,2026-05-31,2026-06-02,2026-06-02,650,650,Delivered
PO-17619,MED068,LOC001,SUP004,2026-05-31,2026-06-06,2026-06-06,4310,4310,Delivered
PO-17620,MED070,LOC003,SUP004,2026-05-31,2026-06-06,2026-06-06,460,460,Delivered
PO-17621,MED070,LOC006,SUP004,2026-05-31,2026-06-06,2026-06-06,430,430,Delivered
PO-17622,MED005,LOC006,SUP001,2026-06-01,2026-06-06,2026-06-06,390,390,Delivered
PO-17623,MED007,LOC004,SUP011,2026-06-01,2026-06-04,2026-06-04,260,260,Delivered
PO-17624,MED011,LOC006,SUP011,2026-06-01,2026-06-06,2026-06-06,400,400,Delivered
PO-17625,MED014,LOC004,SUP007,2026-06-01,2026-06-04,2026-06-04,90,90,Delivered
PO-17626,MED015,LOC007,SUP011,2026-06-01,2026-06-04,2026-06-04,150,150,Delivered
PO-17627,MED017,LOC004,SUP001,2026-06-01,2026-06-06,2026-06-06,230,230,Delivered
PO-17628,MED019,LOC006,SUP015,2026-06-01,2026-06-04,2026-06-04,990,990,Delivered
PO-17629,MED020,LOC004,SUP004,2026-06-01,2026-06-06,2026-06-09,140,140,Delayed
PO-17630,MED022,LOC003,SUP002,2026-06-01,2026-06-05,2026-06-06,790,790,Delayed
PO-17631,MED025,LOC001,SUP002,2026-06-01,2026-06-06,2026-06-06,2130,2130,Delivered
PO-17632,MED026,LOC002,SUP002,2026-06-01,2026-06-07,2026-06-07,930,930,Delivered
PO-17633,MED028,LOC007,SUP002,2026-06-01,2026-06-06,2026-06-06,50,50,Delivered
PO-17634,MED031,LOC001,SUP015,2026-06-01,2026-06-04,2026-06-04,1470,1470,Delivered
PO-17635,MED034,LOC002,SUP013,2026-06-01,2026-06-07,2026-06-07,140,140,Delivered
PO-17636,MED040,LOC006,SUP004,2026-06-01,2026-06-06,2026-06-09,120,120,Delayed
PO-17637,MED047,LOC006,SUP015,2026-06-01,2026-06-04,2026-06-04,570,570,Delivered
PO-17638,MED050,LOC004,SUP005,2026-06-01,2026-06-05,2026-06-05,1120,1120,Delivered
PO-17639,MED050,LOC005,SUP005,2026-06-01,2026-06-05,2026-06-05,970,970,Delivered
PO-17640,MED055,LOC003,SUP015,2026-06-01,2026-06-04,2026-06-04,850,850,Delivered
PO-17641,MED057,LOC004,SUP008,2026-06-01,2026-06-05,2026-06-05,270,270,Delivered
PO-17642,MED058,LOC004,SUP008,2026-06-01,2026-06-06,2026-06-06,280,280,Delivered
PO-17643,MED061,LOC001,SUP004,2026-06-01,2026-06-08,2026-06-08,880,880,Delivered
PO-17644,MED064,LOC001,SUP005,2026-06-01,2026-06-06,2026-06-06,2520,2520,Delivered
PO-17645,MED066,LOC001,SUP004,2026-06-01,2026-06-07,2026-06-07,1330,1330,Delivered
PO-17646,MED066,LOC006,SUP004,2026-06-01,2026-06-07,2026-06-07,880,880,Delivered
PO-17647,MED068,LOC007,SUP004,2026-06-01,2026-06-07,2026-06-08,250,250,Delayed
PO-17648,MED003,LOC002,SUP001,2026-06-02,2026-06-05,2026-06-05,150,150,Delivered
PO-17649,MED008,LOC003,SUP001,2026-06-02,2026-06-07,2026-06-07,510,510,Delivered
PO-17650,MED008,LOC007,SUP001,2026-06-02,2026-06-07,2026-06-07,190,190,Delivered
PO-17651,MED010,LOC004,SUP007,2026-06-02,2026-06-06,2026-06-06,150,150,Delivered
PO-17652,MED011,LOC005,SUP011,2026-06-02,2026-06-07,2026-06-07,170,170,Delivered
PO-17653,MED015,LOC006,SUP011,2026-06-02,2026-06-05,2026-06-05,450,450,Delivered
PO-17654,MED017,LOC006,SUP001,2026-06-02,2026-06-07,2026-06-07,1140,1140,Delivered
PO-17655,MED024,LOC003,SUP009,2026-06-02,2026-06-07,2026-06-07,1540,1540,Delivered
PO-17656,MED024,LOC006,SUP009,2026-06-02,2026-06-07,2026-06-07,1330,1330,Delivered
PO-17657,MED025,LOC006,SUP002,2026-06-02,2026-06-07,2026-06-07,1540,1540,Delivered
PO-17658,MED029,LOC002,SUP015,2026-06-02,2026-06-05,2026-06-05,110,110,Delivered
PO-17659,MED033,LOC002,SUP004,2026-06-02,2026-06-08,2026-06-08,80,80,Delivered
PO-17660,MED033,LOC005,SUP004,2026-06-02,2026-06-08,2026-06-08,60,60,Delivered
PO-17661,MED035,LOC007,SUP015,2026-06-02,2026-06-04,2026-06-04,50,50,Delivered
PO-17662,MED037,LOC006,SUP015,2026-06-02,2026-06-06,2026-06-06,1910,1910,Delivered
PO-17663,MED040,LOC003,SUP004,2026-06-02,2026-06-07,2026-06-07,120,120,Delivered
PO-17664,MED042,LOC004,SUP003,2026-06-02,2026-06-04,2026-06-04,140,140,Delivered
PO-17665,MED043,LOC005,SUP003,2026-06-02,2026-06-04,2026-06-04,90,90,Delivered
PO-17666,MED044,LOC006,SUP010,2026-06-02,2026-06-07,2026-06-07,430,430,Delivered
PO-17667,MED049,LOC003,SUP015,2026-06-02,2026-06-05,2026-06-05,2040,2040,Delivered
PO-17668,MED052,LOC004,SUP015,2026-06-02,2026-06-05,2026-06-05,70,70,Delivered
PO-17669,MED054,LOC007,SUP015,2026-06-02,2026-06-04,2026-06-04,50,50,Delivered
PO-17670,MED056,LOC001,SUP005,2026-06-02,2026-06-07,2026-06-07,820,820,Delivered
PO-17671,MED057,LOC002,SUP008,2026-06-02,2026-06-06,2026-06-06,270,270,Delivered
PO-17672,MED059,LOC005,SUP015,2026-06-02,2026-06-05,2026-06-05,220,220,Delivered
PO-17673,MED064,LOC003,SUP005,2026-06-02,2026-06-07,2026-06-07,2070,2070,Delivered
PO-17674,MED066,LOC002,SUP004,2026-06-02,2026-06-08,2026-06-08,540,540,Delivered
PO-17675,MED067,LOC007,SUP012,2026-06-02,2026-06-08,2026-06-08,70,70,Delivered
PO-17676,MED072,LOC001,SUP006,2026-06-02,2026-06-09,2026-06-09,80,80,Delivered
PO-17677,MED072,LOC004,SUP006,2026-06-02,2026-06-09,2026-06-09,50,50,Delivered
PO-17678,MED075,LOC001,SUP004,2026-06-02,2026-06-08,2026-06-10,810,810,Delayed
PO-17679,MED075,LOC005,SUP004,2026-06-02,2026-06-08,2026-06-08,290,290,Delivered
PO-17680,MED001,LOC003,SUP001,2026-06-03,2026-06-08,2026-06-08,740,740,Delivered
PO-17681,MED007,LOC003,SUP011,2026-06-03,2026-06-06,2026-06-06,1150,1150,Delivered
PO-17682,MED008,LOC006,SUP001,2026-06-03,2026-06-08,2026-06-08,500,500,Delivered
PO-17683,MED011,LOC003,SUP011,2026-06-03,2026-06-08,2026-06-08,400,400,Delivered
PO-17684,MED013,LOC004,SUP007,2026-06-03,2026-06-08,2026-06-08,50,50,Delivered
PO-17685,MED017,LOC003,SUP001,2026-06-03,2026-06-08,2026-06-08,1190,1190,Delivered
PO-17686,MED019,LOC003,SUP015,2026-06-03,2026-06-06,2026-06-07,1050,1050,Delayed
PO-17687,MED021,LOC003,SUP002,2026-06-03,2026-06-07,2026-06-07,1330,1330,Delivered
PO-17688,MED026,LOC004,SUP002,2026-06-03,2026-06-09,2026-06-09,340,340,Delivered
PO-17689,MED026,LOC005,SUP002,2026-06-03,2026-06-09,2026-06-09,830,830,Delivered
PO-17690,MED030,LOC005,SUP004,2026-06-03,2026-06-08,2026-06-08,90,90,Delivered
PO-17691,MED031,LOC006,SUP015,2026-06-03,2026-06-06,2026-06-06,1100,1100,Delivered
PO-17692,MED037,LOC001,SUP015,2026-06-03,2026-06-07,2026-06-07,2550,2550,Delivered
PO-17693,MED037,LOC004,SUP015,2026-06-03,2026-06-07,2026-06-07,360,360,Delivered
PO-17694,MED040,LOC001,SUP004,2026-06-03,2026-06-08,2026-06-08,180,180,Delivered
PO-17695,MED042,LOC001,SUP003,2026-06-03,2026-06-05,2026-06-05,840,840,Delivered
PO-17696,MED042,LOC003,SUP003,2026-06-03,2026-06-05,2026-06-05,680,680,Delivered
PO-17697,MED043,LOC003,SUP003,2026-06-03,2026-06-05,2026-06-05,210,210,Delivered
PO-17698,MED051,LOC001,SUP015,2026-06-03,2026-06-05,2026-06-05,2380,2380,Delivered
PO-17699,MED051,LOC002,SUP015,2026-06-03,2026-06-05,2026-06-05,930,930,Delivered
PO-17700,MED053,LOC004,SUP010,2026-06-03,2026-06-09,2026-06-09,50,50,Delivered
PO-17701,MED053,LOC006,SUP010,2026-06-03,2026-06-09,2026-06-09,300,300,Delivered
PO-17702,MED057,LOC001,SUP008,2026-06-03,2026-06-07,2026-06-07,780,780,Delivered
PO-17703,MED058,LOC001,SUP008,2026-06-03,2026-06-08,2026-06-08,800,800,Delivered
PO-17704,MED061,LOC003,SUP004,2026-06-03,2026-06-10,2026-06-10,700,700,Delivered
PO-17705,MED063,LOC003,SUP004,2026-06-03,2026-06-10,2026-06-10,350,350,Delivered
PO-17706,MED065,LOC001,SUP015,2026-06-03,2026-06-05,2026-06-05,1040,1040,Delivered
PO-17707,MED067,LOC001,SUP012,2026-06-03,2026-06-09,2026-06-09,1060,1060,Delivered
PO-17708,MED068,LOC003,SUP004,2026-06-03,2026-06-09,2026-06-09,3450,3450,Delivered
PO-17709,MED070,LOC001,SUP004,2026-06-03,2026-06-09,2026-06-12,540,540,Delayed
PO-17710,MED074,LOC006,SUP006,2026-06-03,2026-06-11,2026-06-11,80,80,Delivered
PO-17711,MED075,LOC003,SUP004,2026-06-03,2026-06-09,2026-06-11,650,650,Delayed
PO-17712,MED075,LOC006,SUP004,2026-06-03,2026-06-09,2026-06-09,570,570,Delivered
PO-17713,MED006,LOC001,SUP001,2026-06-04,2026-06-09,2026-06-09,1110,1110,Delivered
PO-17714,MED010,LOC007,SUP007,2026-06-04,2026-06-08,2026-06-08,70,70,Delivered
PO-17715,MED011,LOC002,SUP011,2026-06-04,2026-06-09,2026-06-09,220,220,Delivered
PO-17716,MED013,LOC003,SUP007,2026-06-04,2026-06-09,2026-06-09,260,260,Delivered
PO-17717,MED015,LOC001,SUP011,2026-06-04,2026-06-07,2026-06-07,630,630,Delivered
PO-17718,MED018,LOC001,SUP001,2026-06-04,2026-06-07,2026-06-07,1930,1930,Delivered
PO-17719,MED018,LOC006,SUP001,2026-06-04,2026-06-07,2026-06-07,1380,1380,Delivered
PO-17720,MED022,LOC004,SUP002,2026-06-04,2026-06-08,2026-06-08,160,160,Delivered
PO-17721,MED024,LOC004,SUP009,2026-06-04,2026-06-09,2026-06-12,270,270,Delayed
PO-17722,MED025,LOC002,SUP002,2026-06-04,2026-06-09,2026-06-11,780,780,Delayed
PO-17723,MED025,LOC004,SUP002,2026-06-04,2026-06-09,2026-06-09,270,270,Delivered
PO-17724,MED026,LOC006,SUP002,2026-06-04,2026-06-10,2026-06-10,1660,1660,Delivered
PO-17725,MED027,LOC005,SUP009,2026-06-04,2026-06-09,2026-06-09,280,280,Delivered
PO-17726,MED032,LOC001,SUP009,2026-06-04,2026-06-07,2026-06-07,630,630,Delivered
PO-17727,MED032,LOC004,SUP009,2026-06-04,2026-06-07,2026-06-07,80,80,Delivered
PO-17728,MED034,LOC006,SUP013,2026-06-04,2026-06-10,2026-06-10,260,260,Delivered
PO-17729,MED035,LOC002,SUP015,2026-06-04,2026-06-06,2026-06-06,110,110,Delivered
PO-17730,MED041,LOC005,SUP015,2026-06-04,2026-06-06,2026-06-06,80,80,Delivered
PO-17731,MED046,LOC006,SUP015,2026-06-04,2026-06-08,2026-06-08,880,880,Delivered
PO-17732,MED047,LOC002,SUP015,2026-06-04,2026-06-07,2026-06-07,320,320,Delivered
PO-17733,MED048,LOC001,SUP015,2026-06-04,2026-06-06,2026-06-06,510,510,Delivered
PO-17734,MED048,LOC003,SUP015,2026-06-04,2026-06-06,2026-06-06,380,380,Delivered
PO-17735,MED048,LOC004,SUP015,2026-06-04,2026-06-06,2026-06-06,110,110,Delivered
PO-17736,MED054,LOC001,SUP015,2026-06-04,2026-06-06,2026-06-06,460,460,Delivered
PO-17737,MED054,LOC006,SUP015,2026-06-04,2026-06-06,2026-06-06,310,310,Delivered
PO-17738,MED055,LOC001,SUP015,2026-06-04,2026-06-07,2026-06-07,1090,1090,Delivered
PO-17739,MED057,LOC006,SUP008,2026-06-04,2026-06-08,2026-06-08,500,500,Delivered
PO-17740,MED058,LOC005,SUP008,2026-06-04,2026-06-09,2026-06-09,270,270,Delivered
PO-17741,MED058,LOC006,SUP008,2026-06-04,2026-06-09,2026-06-09,590,590,Delivered
PO-17742,MED058,LOC007,SUP008,2026-06-04,2026-06-09,2026-06-09,50,50,Delivered
PO-17743,MED062,LOC001,SUP004,2026-06-04,2026-06-09,2026-06-09,1370,1370,Delivered
PO-17744,MED062,LOC002,SUP004,2026-06-04,2026-06-09,2026-06-09,550,550,Delivered
PO-17745,MED064,LOC002,SUP005,2026-06-04,2026-06-09,2026-06-09,1080,1080,Delivered
PO-17746,MED065,LOC002,SUP015,2026-06-04,2026-06-06,2026-06-06,350,350,Delivered
PO-17747,MED066,LOC003,SUP004,2026-06-04,2026-06-10,2026-06-10,1000,1000,Delivered
PO-17748,MED066,LOC004,SUP004,2026-06-04,2026-06-10,2026-06-10,200,200,Delivered
PO-17749,MED067,LOC006,SUP012,2026-06-04,2026-06-10,2026-06-10,740,740,Delivered
PO-17750,MED068,LOC005,SUP004,2026-06-04,2026-06-10,2026-06-11,1410,1410,Delayed
PO-17751,MED068,LOC006,SUP004,2026-06-04,2026-06-10,2026-06-10,4710,4710,Delivered
PO-17752,MED069,LOC004,SUP004,2026-06-04,2026-06-11,2026-06-11,470,470,Delivered
PO-17753,MED070,LOC005,SUP004,2026-06-04,2026-06-10,2026-06-10,180,180,Delivered
PO-17754,MED071,LOC001,SUP014,2026-06-04,2026-06-10,2026-06-10,170,170,Delivered
PO-17755,MED072,LOC006,SUP006,2026-06-04,2026-06-11,2026-06-11,50,50,Delivered
PO-17756,MED073,LOC006,SUP004,2026-06-04,2026-06-10,2026-06-10,170,170,Delivered
PO-17757,MED001,LOC006,SUP001,2026-06-05,2026-06-10,2026-06-10,1020,1020,Delivered
PO-17758,MED002,LOC001,SUP010,2026-06-05,2026-06-12,2026-06-12,620,620,Delivered
PO-17759,MED002,LOC006,SUP010,2026-06-05,2026-06-12,2026-06-12,730,730,Delivered
PO-17760,MED012,LOC001,SUP007,2026-06-05,2026-06-09,2026-06-09,790,790,Delivered
PO-17761,MED012,LOC007,SUP007,2026-06-05,2026-06-09,2026-06-09,50,50,Delivered
PO-17762,MED014,LOC002,SUP007,2026-06-05,2026-06-08,2026-06-08,230,230,Delivered
PO-17763,MED014,LOC005,SUP007,2026-06-05,2026-06-08,2026-06-08,170,170,Delivered
PO-17764,MED016,LOC001,SUP001,2026-06-05,2026-06-09,2026-06-09,2530,2530,Delivered
PO-17765,MED017,LOC001,SUP001,2026-06-05,2026-06-10,2026-06-10,1530,1530,Delivered
PO-17766,MED018,LOC004,SUP001,2026-06-05,2026-06-08,2026-06-08,250,250,Delivered
PO-17767,MED020,LOC003,SUP004,2026-06-05,2026-06-10,2026-06-10,780,780,Delivered
PO-17768,MED023,LOC007,SUP002,2026-06-05,2026-06-09,2026-06-09,60,60,Delivered
PO-17769,MED024,LOC001,SUP009,2026-06-05,2026-06-10,2026-06-10,1930,1930,Delivered
PO-17770,MED027,LOC002,SUP009,2026-06-05,2026-06-10,2026-06-10,340,340,Delivered
PO-17771,MED031,LOC003,SUP015,2026-06-05,2026-06-08,2026-06-08,1210,1210,Delivered
PO-17772,MED035,LOC001,SUP015,2026-06-05,2026-06-07,2026-06-07,260,260,Delivered
PO-17773,MED035,LOC003,SUP015,2026-06-05,2026-06-07,2026-06-07,230,230,Delivered
PO-17774,MED039,LOC005,SUP006,2026-06-05,2026-06-13,2026-06-13,50,50,Delivered
PO-17775,MED045,LOC002,SUP004,2026-06-05,2026-06-10,2026-06-10,340,340,Delivered
PO-17776,MED050,LOC003,SUP005,2026-06-05,2026-06-09,2026-06-09,2310,2310,Delivered
PO-17777,MED051,LOC003,SUP015,2026-06-05,2026-06-07,2026-06-07,1770,1770,Delivered
PO-17778,MED051,LOC006,SUP015,2026-06-05,2026-06-07,2026-06-07,1620,1620,Delivered
PO-17779,MED061,LOC006,SUP004,2026-06-05,2026-06-12,2026-06-12,590,590,Delivered
PO-17780,MED061,LOC007,SUP004,2026-06-05,2026-06-12,2026-06-12,50,50,Delivered
PO-17781,MED062,LOC006,SUP004,2026-06-05,2026-06-10,2026-06-11,1050,1050,Delayed
PO-17782,MED062,LOC007,SUP004,2026-06-05,2026-06-10,2026-06-10,80,80,Delivered
PO-17783,MED064,LOC007,SUP005,2026-06-05,2026-06-10,2026-06-10,160,160,Delivered
PO-17784,MED066,LOC005,SUP004,2026-06-05,2026-06-11,2026-06-11,420,420,Delivered
PO-17785,MED068,LOC002,SUP004,2026-06-05,2026-06-11,2026-06-11,1780,1780,Delivered
PO-17786,MED068,LOC004,SUP004,2026-06-05,2026-06-11,2026-06-11,630,630,Delivered
PO-17787,MED071,LOC007,SUP014,2026-06-05,2026-06-11,2026-06-11,50,50,Delivered
PO-17788,MED074,LOC001,SUP006,2026-06-05,2026-06-13,2026-06-13,110,110,Delivered
PO-17789,MED074,LOC002,SUP006,2026-06-05,2026-06-13,2026-06-13,50,50,Delivered
PO-17790,MED004,LOC005,SUP001,2026-06-06,2026-06-10,2026-06-10,130,130,Delivered
PO-17791,MED005,LOC005,SUP001,2026-06-06,2026-06-11,2026-06-11,120,120,Delivered
PO-17792,MED007,LOC001,SUP011,2026-06-06,2026-06-09,2026-06-09,1530,1530,Delivered
PO-17793,MED007,LOC002,SUP011,2026-06-06,2026-06-09,2026-06-09,630,630,Delivered
PO-17794,MED008,LOC002,SUP001,2026-06-06,2026-06-11,2026-06-11,250,250,Delivered
PO-17795,MED009,LOC002,SUP007,2026-06-06,2026-06-10,2026-06-12,680,680,Delayed
PO-17796,MED009,LOC006,SUP007,2026-06-06,2026-06-10,2026-06-13,1160,1160,Delayed
PO-17797,MED011,LOC001,SUP011,2026-06-06,2026-06-11,2026-06-11,550,550,Delivered
PO-17798,MED014,LOC006,SUP007,2026-06-06,2026-06-09,2026-06-09,360,360,Delivered
PO-17799,MED016,LOC003,SUP001,2026-06-06,2026-06-10,2026-06-10,1990,1990,Delivered
PO-17800,MED020,LOC001,SUP004,2026-06-06,2026-06-11,2026-06-11,990,990,Delivered
PO-17801,MED022,LOC001,SUP002,2026-06-06,2026-06-10,2026-06-10,1020,1020,Delivered
PO-17802,MED024,LOC002,SUP009,2026-06-06,2026-06-11,2026-06-11,740,740,Delivered
PO-17803,MED027,LOC001,SUP009,2026-06-06,2026-06-11,2026-06-11,780,780,Delivered
PO-17804,MED028,LOC001,SUP002,2026-06-06,2026-06-11,2026-06-11,820,820,Delivered
PO-17805,MED028,LOC006,SUP002,2026-06-06,2026-06-11,2026-06-11,560,560,Delivered
PO-17806,MED030,LOC002,SUP004,2026-06-06,2026-06-11,2026-06-11,90,90,Delivered
PO-17807,MED034,LOC003,SUP013,2026-06-06,2026-06-12,2026-06-12,250,250,Delivered
PO-17808,MED038,LOC006,SUP015,2026-06-06,2026-06-08,2026-06-08,100,100,Delivered
PO-17809,MED039,LOC006,SUP006,2026-06-06,2026-06-14,2026-06-14,60,60,Delivered
PO-17810,MED047,LOC001,SUP015,2026-06-06,2026-06-09,2026-06-09,700,700,Delivered
PO-17811,MED050,LOC001,SUP005,2026-06-06,2026-06-10,2026-06-10,2760,2760,Delivered
PO-17812,MED055,LOC002,SUP015,2026-06-06,2026-06-09,2026-06-09,440,440,Delivered
PO-17813,MED055,LOC006,SUP015,2026-06-06,2026-06-09,2026-06-09,760,760,Delivered
PO-17814,MED056,LOC006,SUP005,2026-06-06,2026-06-11,2026-06-11,630,630,Delivered
PO-17815,MED063,LOC005,SUP004,2026-06-06,2026-06-13,2026-06-15,160,160,Delayed
PO-17816,MED004,LOC006,SUP001,2026-06-07,2026-06-11,2026-06-11,420,420,Delivered
PO-17817,MED006,LOC003,SUP001,2026-06-07,2026-06-12,2026-06-12,850,850,Delivered
PO-17818,MED020,LOC002,SUP004,2026-06-07,2026-06-12,2026-06-12,400,400,Delivered
PO-17819,MED021,LOC001,SUP002,2026-06-07,2026-06-11,2026-06-11,1690,1690,Delivered
PO-17820,MED021,LOC004,SUP002,2026-06-07,2026-06-11,2026-06-11,250,250,Delivered
PO-17821,MED023,LOC001,SUP002,2026-06-07,2026-06-11,2026-06-11,1230,1230,Delivered
PO-17822,MED027,LOC003,SUP009,2026-06-07,2026-06-12,2026-06-12,550,550,Delivered
PO-17823,MED029,LOC004,SUP015,2026-06-07,2026-06-10,2026-06-10,50,50,Delivered
PO-17824,MED030,LOC004,SUP004,2026-06-07,2026-06-12,2026-06-12,50,50,Delivered
PO-17825,MED030,LOC006,SUP004,2026-06-07,2026-06-12,2026-06-12,190,190,Delivered
PO-17826,MED036,LOC005,SUP003,2026-06-07,2026-06-09,2026-06-09,700,700,Delivered
PO-17827,MED044,LOC005,SUP010,2026-06-07,2026-06-12,2026-06-12,220,220,Delivered
PO-17828,MED046,LOC001,SUP015,2026-06-07,2026-06-11,2026-06-11,1110,1110,Delivered
PO-17829,MED046,LOC007,SUP015,2026-06-07,2026-06-11,2026-06-11,60,60,Delivered
PO-17830,MED047,LOC005,SUP015,2026-06-07,2026-06-10,2026-06-10,250,250,Delivered
PO-17831,MED056,LOC005,SUP005,2026-06-07,2026-06-12,2026-06-12,270,270,Delivered
PO-17832,MED060,LOC006,SUP015,2026-06-07,2026-06-09,2026-06-09,80,80,Delivered
PO-17833,MED062,LOC004,SUP004,2026-06-07,2026-06-12,2026-06-12,180,180,Delivered
PO-17834,MED063,LOC002,SUP004,2026-06-07,2026-06-14,2026-06-14,210,210,Delivered
PO-17835,MED067,LOC005,SUP012,2026-06-07,2026-06-13,2026-06-13,320,320,Delivered
PO-17836,MED069,LOC002,SUP004,2026-06-07,2026-06-14,2026-06-14,1330,1330,Delivered
PO-17837,MED072,LOC005,SUP006,2026-06-07,2026-06-14,2026-06-14,50,50,Delivered
PO-17838,MED073,LOC004,SUP004,2026-06-07,2026-06-13,2026-06-13,50,50,Delivered
PO-17839,MED002,LOC007,SUP010,2026-06-08,2026-06-15,2026-06-15,50,50,Delivered
PO-17840,MED006,LOC004,SUP001,2026-06-08,2026-06-13,2026-06-13,160,160,Delivered
PO-17841,MED007,LOC006,SUP011,2026-06-08,2026-06-11,2026-06-11,1150,1150,Delivered
PO-17842,MED008,LOC005,SUP001,2026-06-08,2026-06-13,2026-06-13,200,200,Delivered
PO-17843,MED010,LOC003,SUP007,2026-06-08,2026-06-12,2026-06-12,780,780,Delivered
PO-17844,MED013,LOC001,SUP007,2026-06-08,2026-06-13,2026-06-13,320,320,Delivered
PO-17845,MED016,LOC004,SUP001,2026-06-08,2026-06-12,2026-06-12,320,320,Delivered
PO-17846,MED017,LOC005,SUP001,2026-06-08,2026-06-13,2026-06-13,470,470,Delivered
PO-17847,MED019,LOC005,SUP015,2026-06-08,2026-06-11,2026-06-11,460,460,Delivered
PO-17848,MED021,LOC006,SUP002,2026-06-08,2026-06-12,2026-06-12,1270,1270,Delivered
PO-17849,MED031,LOC004,SUP015,2026-06-08,2026-06-11,2026-06-11,220,220,Delivered
PO-17850,MED035,LOC004,SUP015,2026-06-08,2026-06-10,2026-06-10,50,50,Delivered
PO-17851,MED035,LOC005,SUP015,2026-06-08,2026-06-10,2026-06-10,90,90,Delivered
PO-17852,MED036,LOC002,SUP003,2026-06-08,2026-06-10,2026-06-10,940,940,Delivered
PO-17853,MED037,LOC002,SUP015,2026-06-08,2026-06-12,2026-06-12,1010,1010,Delivered
PO-17854,MED037,LOC003,SUP015,2026-06-08,2026-06-12,2026-06-12,2110,2110,Delivered
PO-17855,MED039,LOC001,SUP006,2026-06-08,2026-06-16,2026-06-16,100,100,Delivered
PO-17856,MED042,LOC005,SUP003,2026-06-08,2026-06-10,2026-06-10,350,350,Delivered
PO-17857,MED045,LOC007,SUP004,2026-06-08,2026-06-13,2026-06-13,50,50,Delivered
PO-17858,MED048,LOC006,SUP015,2026-06-08,2026-06-10,2026-06-10,370,370,Delivered
PO-17859,MED049,LOC001,SUP015,2026-06-08,2026-06-11,2026-06-11,2620,2620,Delivered
PO-17860,MED052,LOC001,SUP015,2026-06-08,2026-06-11,2026-06-11,440,440,Delivered
PO-17861,MED052,LOC002,SUP015,2026-06-08,2026-06-11,2026-06-11,200,200,Delivered
PO-17862,MED052,LOC007,SUP015,2026-06-08,2026-06-11,2026-06-11,50,50,Delivered
PO-17863,MED054,LOC003,SUP015,2026-06-08,2026-06-10,2026-06-10,320,320,Delivered
PO-17864,MED056,LOC004,SUP005,2026-06-08,2026-06-13,2026-06-13,330,330,Delivered
PO-17865,MED059,LOC006,SUP015,2026-06-08,2026-06-11,2026-06-11,530,530,Delivered
PO-17866,MED064,LOC004,SUP005,2026-06-08,2026-06-13,2026-06-13,360,360,Delivered
PO-17867,MED067,LOC002,SUP012,2026-06-08,2026-06-14,2026-06-14,410,410,Delivered
PO-17868,MED069,LOC005,SUP004,2026-06-08,2026-06-15,2026-06-15,1060,1060,Delivered
PO-17869,MED072,LOC002,SUP006,2026-06-08,2026-06-15,2026-06-16,50,50,Delayed
PO-17870,MED001,LOC002,SUP001,2026-06-09,2026-06-14,2026-06-14,390,390,Delivered
PO-17871,MED003,LOC004,SUP001,2026-06-09,2026-06-12,2026-06-12,60,60,Delivered
PO-17872,MED003,LOC005,SUP001,2026-06-09,2026-06-12,2026-06-12,100,100,Delivered
PO-17873,MED005,LOC002,SUP001,2026-06-09,2026-06-14,2026-06-14,150,150,Delivered
PO-17874,MED005,LOC003,SUP001,2026-06-09,2026-06-14,2026-06-14,290,290,Delivered
PO-17875,MED005,LOC004,SUP001,2026-06-09,2026-06-14,2026-06-14,70,70,Delivered
PO-17876,MED009,LOC001,SUP007,2026-06-09,2026-06-13,2026-06-13,1700,1700,Delivered
PO-17877,MED010,LOC002,SUP007,2026-06-09,2026-06-13,2026-06-13,430,430,Delivered
PO-17878,MED011,LOC004,SUP011,2026-06-09,2026-06-14,2026-06-15,70,70,Delayed
PO-17879,MED012,LOC002,SUP007,2026-06-09,2026-06-13,2026-06-13,360,360,Delivered
PO-17880,MED013,LOC002,SUP007,2026-06-09,2026-06-14,2026-06-14,130,130,Delivered
PO-17881,MED013,LOC007,SUP007,2026-06-09,2026-06-14,2026-06-14,50,50,Delivered
PO-17882,MED014,LOC001,SUP007,2026-06-09,2026-06-12,2026-06-12,500,500,Delivered
PO-17883,MED015,LOC005,SUP011,2026-06-09,2026-06-12,2026-06-12,230,230,Delivered
PO-17884,MED020,LOC005,SUP004,2026-06-09,2026-06-14,2026-06-14,310,310,Delivered
PO-17885,MED021,LOC002,SUP002,2026-06-09,2026-06-13,2026-06-13,690,690,Delivered
PO-17886,MED022,LOC005,SUP002,2026-06-09,2026-06-13,2026-06-13,350,350,Delivered
PO-17887,MED023,LOC003,SUP002,2026-06-09,2026-06-13,2026-06-13,940,940,Delivered
PO-17888,MED023,LOC006,SUP002,2026-06-09,2026-06-13,2026-06-13,780,780,Delivered
PO-17889,MED026,LOC007,SUP002,2026-06-09,2026-06-15,2026-06-15,140,140,Delivered
PO-17890,MED028,LOC002,SUP002,2026-06-09,2026-06-14,2026-06-14,320,320,Delivered
PO-17891,MED033,LOC003,SUP004,2026-06-09,2026-06-15,2026-06-15,160,160,Delivered
PO-17892,MED033,LOC006,SUP004,2026-06-09,2026-06-15,2026-06-15,150,150,Delivered
PO-17893,MED034,LOC001,SUP013,2026-06-09,2026-06-15,2026-06-15,340,340,Delivered
PO-17894,MED039,LOC003,SUP006,2026-06-09,2026-06-17,2026-06-17,50,50,Delivered
PO-17895,MED044,LOC002,SUP010,2026-06-09,2026-06-14,2026-06-14,220,220,Delivered
PO-17896,MED044,LOC003,SUP010,2026-06-09,2026-06-14,2026-06-14,410,410,Delivered
PO-17897,MED045,LOC005,SUP004,2026-06-09,2026-06-14,2026-06-14,300,300,Delivered
PO-17898,MED046,LOC004,SUP015,2026-06-09,2026-06-13,2026-06-13,170,170,Delivered
PO-17899,MED050,LOC007,SUP005,2026-06-09,2026-06-13,2026-06-13,150,150,Delivered
PO-17900,MED052,LOC005,SUP015,2026-06-09,2026-06-12,2026-06-12,130,130,Delivered
PO-17901,MED053,LOC005,SUP010,2026-06-09,2026-06-15,2026-06-18,100,100,Delayed
PO-17902,MED054,LOC005,SUP015,2026-06-09,2026-06-11,2026-06-11,150,150,Delivered
PO-17903,MED055,LOC004,SUP015,2026-06-09,2026-06-12,2026-06-12,160,160,Delivered
PO-17904,MED056,LOC003,SUP005,2026-06-09,2026-06-14,2026-06-14,660,660,Delivered
PO-17905,MED058,LOC003,SUP008,2026-06-09,2026-06-14,2026-06-14,580,580,Delivered
PO-17906,MED062,LOC003,SUP004,2026-06-09,2026-06-14,2026-06-14,1110,1110,Delivered
PO-17907,MED063,LOC001,SUP004,2026-06-09,2026-06-16,2026-06-16,480,480,Delivered
PO-17908,MED065,LOC003,SUP015,2026-06-09,2026-06-11,2026-06-11,740,740,Delivered
PO-17909,MED069,LOC001,SUP004,2026-06-09,2026-06-16,2026-06-16,3350,3350,Delivered
PO-17910,MED069,LOC003,SUP004,2026-06-09,2026-06-16,2026-06-16,2440,2440,Delivered
PO-17911,MED071,LOC003,SUP014,2026-06-09,2026-06-15,2026-06-15,120,120,Delivered
PO-17912,MED073,LOC005,SUP004,2026-06-09,2026-06-15,2026-06-15,70,70,Delivered
PO-17913,MED074,LOC003,SUP006,2026-06-09,2026-06-17,2026-06-17,70,70,Delivered
PO-17914,MED001,LOC005,SUP001,2026-06-10,2026-06-15,2026-06-15,320,320,Delivered
PO-17915,MED002,LOC004,SUP010,2026-06-10,2026-06-17,2026-06-17,80,80,Delivered
PO-17916,MED002,LOC005,SUP010,2026-06-10,2026-06-17,2026-06-17,190,190,Delivered
PO-17917,MED005,LOC001,SUP001,2026-06-10,2026-06-15,2026-06-16,360,360,Delayed
PO-17918,MED007,LOC007,SUP011,2026-06-10,2026-06-13,2026-06-13,310,310,Delivered
PO-17919,MED009,LOC004,SUP007,2026-06-10,2026-06-14,2026-06-14,270,270,Delivered
PO-17920,MED010,LOC001,SUP007,2026-06-10,2026-06-14,2026-06-14,1090,1090,Delivered
PO-17921,MED011,LOC007,SUP011,2026-06-10,2026-06-15,2026-06-16,130,130,Delayed
PO-17922,MED015,LOC002,SUP011,2026-06-10,2026-06-13,2026-06-13,280,280,Delivered
PO-17923,MED017,LOC002,SUP001,2026-06-10,2026-06-15,2026-06-15,620,620,Delivered
PO-17924,MED018,LOC007,SUP001,2026-06-10,2026-06-13,2026-06-13,110,110,Delivered
PO-17925,MED025,LOC007,SUP002,2026-06-10,2026-06-15,2026-06-15,120,120,Delivered
PO-17926,MED028,LOC003,SUP002,2026-06-10,2026-06-15,2026-06-15,560,560,Delivered
PO-17927,MED029,LOC005,SUP015,2026-06-10,2026-06-13,2026-06-13,110,110,Delivered
PO-17928,MED032,LOC003,SUP009,2026-06-10,2026-06-13,2026-06-13,510,510,Delivered
PO-17929,MED032,LOC006,SUP009,2026-06-10,2026-06-13,2026-06-13,470,470,Delivered
PO-17930,MED036,LOC004,SUP003,2026-06-10,2026-06-12,2026-06-12,350,350,Delivered
PO-17931,MED037,LOC007,SUP015,2026-06-10,2026-06-14,2026-06-14,150,150,Delivered
PO-17932,MED044,LOC001,SUP010,2026-06-10,2026-06-15,2026-06-15,500,500,Delivered
PO-17933,MED045,LOC004,SUP004,2026-06-10,2026-06-15,2026-06-15,110,110,Delivered
PO-17934,MED047,LOC004,SUP015,2026-06-10,2026-06-13,2026-06-13,110,110,Delivered
PO-17935,MED047,LOC007,SUP015,2026-06-10,2026-06-13,2026-06-13,50,50,Delivered
PO-17936,MED049,LOC002,SUP015,2026-06-10,2026-06-13,2026-06-13,980,980,Delivered
PO-17937,MED052,LOC003,SUP015,2026-06-10,2026-06-13,2026-06-13,330,330,Delivered
PO-17938,MED053,LOC001,SUP010,2026-06-10,2026-06-16,2026-06-16,270,270,Delivered
PO-17939,MED057,LOC003,SUP008,2026-06-10,2026-06-14,2026-06-14,660,660,Delivered
PO-17940,MED057,LOC007,SUP008,2026-06-10,2026-06-14,2026-06-14,60,60,Delivered
PO-17941,MED061,LOC004,SUP004,2026-06-10,2026-06-17,2026-06-17,110,110,Delivered
PO-17942,MED061,LOC005,SUP004,2026-06-10,2026-06-17,2026-06-17,270,270,Delivered
PO-17943,MED065,LOC007,SUP015,2026-06-10,2026-06-12,2026-06-12,50,50,Delivered
PO-17944,MED073,LOC003,SUP004,2026-06-10,2026-06-16,2026-06-16,180,180,Delivered
PO-17945,MED073,LOC007,SUP004,2026-06-10,2026-06-16,2026-06-16,50,50,Delivered
PO-17946,MED074,LOC004,SUP006,2026-06-10,2026-06-18,2026-06-18,50,50,Delivered
PO-17947,MED003,LOC001,SUP001,2026-06-11,2026-06-14,2026-06-14,340,340,Delivered
PO-17948,MED003,LOC003,SUP001,2026-06-11,2026-06-14,2026-06-14,280,280,Delivered
PO-17949,MED006,LOC006,SUP001,2026-06-11,2026-06-16,2026-06-16,1150,1150,Delivered
PO-17950,MED012,LOC003,SUP007,2026-06-11,2026-06-15,2026-06-15,620,620,Delivered
PO-17951,MED015,LOC003,SUP011,2026-06-11,2026-06-14,2026-06-14,480,480,Delivered
PO-17952,MED016,LOC002,SUP001,2026-06-11,2026-06-15,2026-06-15,1030,1030,Delivered
PO-17953,MED018,LOC002,SUP001,2026-06-11,2026-06-14,2026-06-14,740,740,Delivered
PO-17954,MED018,LOC003,SUP001,2026-06-11,2026-06-14,2026-06-14,1420,1420,Delivered
PO-17955,MED028,LOC004,SUP002,2026-06-11,2026-06-16,2026-06-17,120,120,Delayed
PO-17956,MED034,LOC004,SUP013,2026-06-11,2026-06-17,2026-06-17,60,60,Delivered
PO-17957,MED036,LOC007,SUP003,2026-06-11,2026-06-13,2026-06-13,140,140,Delivered
PO-17958,MED037,LOC005,SUP015,2026-06-11,2026-06-15,2026-06-15,810,810,Delivered
PO-17959,MED041,LOC003,SUP015,2026-06-11,2026-06-13,2026-06-13,180,180,Delivered
PO-17960,MED042,LOC006,SUP003,2026-06-11,2026-06-13,2026-06-13,580,580,Delivered
PO-17961,MED042,LOC007,SUP003,2026-06-11,2026-06-13,2026-06-13,60,60,Delivered
PO-17962,MED043,LOC004,SUP003,2026-06-11,2026-06-13,2026-06-13,50,50,Delivered
PO-17963,MED046,LOC003,SUP015,2026-06-11,2026-06-15,2026-06-15,860,860,Delivered
PO-17964,MED049,LOC007,SUP015,2026-06-11,2026-06-14,2026-06-14,140,140,Delivered
PO-17965,MED052,LOC006,SUP015,2026-06-11,2026-06-14,2026-06-14,310,310,Delivered
PO-17966,MED053,LOC002,SUP010,2026-06-11,2026-06-17,2026-06-17,110,110,Delivered
PO-17967,MED053,LOC003,SUP010,2026-06-11,2026-06-17,2026-06-17,240,240,Delivered
PO-17968,MED054,LOC002,SUP015,2026-06-11,2026-06-13,2026-06-13,180,180,Delivered
PO-17969,MED055,LOC007,SUP015,2026-06-11,2026-06-14,2026-06-14,60,60,Delivered
PO-17970,MED056,LOC002,SUP005,2026-06-11,2026-06-16,2026-06-16,350,350,Delivered
PO-17971,MED058,LOC002,SUP008,2026-06-11,2026-06-16,2026-06-16,330,330,Delivered
PO-17972,MED060,LOC002,SUP015,2026-06-11,2026-06-13,2026-06-13,50,50,Delivered
PO-17973,MED062,LOC005,SUP004,2026-06-11,2026-06-16,2026-06-16,440,440,Delivered
PO-17974,MED063,LOC004,SUP004,2026-06-11,2026-06-18,2026-06-18,80,80,Delivered
PO-17975,MED064,LOC005,SUP005,2026-06-11,2026-06-16,2026-06-16,830,830,Delivered
PO-17976,MED066,LOC007,SUP004,2026-06-11,2026-06-17,2026-06-17,60,60,Delivered
PO-17977,MED067,LOC003,SUP012,2026-06-11,2026-06-17,2026-06-19,830,830,Delayed
PO-17978,MED069,LOC007,SUP004,2026-06-11,2026-06-18,2026-06-18,200,200,Delivered
PO-17979,MED073,LOC001,SUP004,2026-06-11,2026-06-17,2026-06-17,210,210,Delivered
PO-17980,MED006,LOC005,SUP001,2026-06-12,2026-06-17,2026-06-17,360,360,Delivered
PO-17981,MED007,LOC005,SUP011,2026-06-12,2026-06-15,2026-06-15,490,490,Delivered
PO-17982,MED015,LOC004,SUP011,2026-06-12,2026-06-15,2026-06-15,80,80,Delivered
PO-17983,MED016,LOC007,SUP001,2026-06-12,2026-06-16,2026-06-16,160,160,Delivered
PO-17984,MED020,LOC007,SUP004,2026-06-12,2026-06-17,2026-06-17,210,210,Delivered
PO-17985,MED022,LOC006,SUP002,2026-06-12,2026-06-16,2026-06-16,720,720,Delivered
PO-17986,MED026,LOC003,SUP002,2026-06-12,2026-06-18,2026-06-18,1790,1790,Delivered
PO-17987,MED029,LOC001,SUP015,2026-06-12,2026-06-15,2026-06-15,300,300,Delivered
PO-17988,MED032,LOC002,SUP009,2026-06-12,2026-06-15,2026-06-15,260,260,Delivered
PO-17989,MED041,LOC002,SUP015,2026-06-12,2026-06-14,2026-06-14,80,80,Delivered
PO-17990,MED041,LOC006,SUP015,2026-06-12,2026-06-14,2026-06-14,180,180,Delivered
PO-17991,MED042,LOC002,SUP003,2026-06-12,2026-06-14,2026-06-14,340,340,Delivered
PO-17992,MED043,LOC001,SUP003,2026-06-12,2026-06-14,2026-06-14,270,270,Delivered
PO-17993,MED044,LOC007,SUP010,2026-06-12,2026-06-17,2026-06-17,50,50,Delivered
PO-17994,MED045,LOC003,SUP004,2026-06-12,2026-06-17,2026-06-17,630,630,Delivered
PO-17995,MED046,LOC002,SUP015,2026-06-12,2026-06-16,2026-06-16,430,430,Delivered
PO-17996,MED049,LOC004,SUP015,2026-06-12,2026-06-15,2026-06-15,400,400,Delivered
PO-17997,MED057,LOC005,SUP008,2026-06-12,2026-06-16,2026-06-18,260,260,Delayed
PO-17998,MED061,LOC002,SUP004,2026-06-12,2026-06-19,2026-06-19,280,280,Delivered
PO-17999,MED071,LOC006,SUP014,2026-06-12,2026-06-18,2026-06-18,80,80,Delivered
PO-18000,MED075,LOC002,SUP004,2026-06-12,2026-06-18,2026-06-18,350,350,Delivered
PO-18001,MED002,LOC002,SUP010,2026-06-13,2026-06-20,2026-06-20,230,230,Delivered
PO-18002,MED006,LOC002,SUP001,2026-06-13,2026-06-18,2026-06-18,450,450,Delivered
PO-18003,MED008,LOC004,SUP001,2026-06-13,2026-06-18,2026-06-18,80,80,Delivered
PO-18004,MED009,LOC003,SUP007,2026-06-13,2026-06-17,2026-06-17,1140,1140,Delivered
PO-18005,MED014,LOC003,SUP007,2026-06-13,2026-06-16,2026-06-16,350,350,Delivered
PO-18006,MED019,LOC004,SUP015,2026-06-13,2026-06-16,2026-06-16,170,170,Delivered
PO-18007,MED024,LOC007,SUP009,2026-06-13,2026-06-18,2026-06-18,110,110,Delivered
PO-18008,MED026,LOC001,SUP002,2026-06-13,2026-06-19,2026-06-19,2410,2410,Delivered
PO-18009,MED029,LOC006,SUP015,2026-06-13,2026-06-16,2026-06-16,240,240,Delivered
PO-18010,MED035,LOC006,SUP015,2026-06-13,2026-06-15,2026-06-15,200,200,Delivered
PO-18011,MED049,LOC005,SUP015,2026-06-13,2026-06-16,2026-06-16,770,770,Delivered
PO-18012,MED060,LOC003,SUP015,2026-06-13,2026-06-15,2026-06-15,80,80,Delivered
PO-18013,MED060,LOC005,SUP015,2026-06-13,2026-06-15,2026-06-15,50,50,Delivered
PO-18014,MED063,LOC006,SUP004,2026-06-13,2026-06-20,2026-06-20,350,350,Delivered
PO-18015,MED069,LOC006,SUP004,2026-06-13,2026-06-20,2026-06-20,3430,3430,Delivered
PO-18016,MED004,LOC001,SUP001,2026-06-14,2026-06-18,2026-06-18,380,380,Delivered
PO-18017,MED005,LOC006,SUP001,2026-06-14,2026-06-19,2026-06-19,410,410,Delivered
PO-18018,MED012,LOC005,SUP007,2026-06-14,2026-06-18,2026-06-18,280,280,Delivered
PO-18019,MED013,LOC005,SUP007,2026-06-14,2026-06-19,2026-06-19,100,100,Delivered
PO-18020,MED016,LOC005,SUP001,2026-06-14,2026-06-18,2026-06-18,790,790,Delivered
PO-18021,MED018,LOC005,SUP001,2026-06-14,2026-06-17,2026-06-17,590,590,Delivered
PO-18022,MED027,LOC004,SUP009,2026-06-14,2026-06-19,2026-06-20,90,90,Delayed
PO-18023,MED029,LOC002,SUP015,2026-06-14,2026-06-17,2026-06-17,130,130,Delivered
PO-18024,MED030,LOC003,SUP004,2026-06-14,2026-06-19,2026-06-19,170,170,Delivered
PO-18025,MED034,LOC005,SUP013,2026-06-14,2026-06-20,2026-06-20,110,110,Delivered
PO-18026,MED038,LOC002,SUP015,2026-06-14,2026-06-16,2026-06-16,60,60,Delivered
PO-18027,MED041,LOC001,SUP015,2026-06-14,2026-06-16,2026-06-16,230,230,Delivered
PO-18028,MED045,LOC006,SUP004,2026-06-14,2026-06-19,2026-06-19,640,640,Delivered
PO-18029,MED046,LOC005,SUP015,2026-06-14,2026-06-18,2026-06-18,380,380,Delivered
PO-18030,MED059,LOC001,SUP015,2026-06-14,2026-06-17,2026-06-17,610,610,Delivered
PO-18031,MED066,LOC006,SUP004,2026-06-14,2026-06-20,2026-06-20,1000,1000,Delivered
PO-18032,MED001,LOC001,SUP001,2026-06-15,2026-06-20,2026-06-20,930,930,Delivered
PO-18033,MED001,LOC004,SUP001,2026-06-15,2026-06-20,2026-06-20,120,120,Delivered
PO-18034,MED003,LOC006,SUP001,2026-06-15,2026-06-18,2026-06-18,380,380,Delivered
PO-18035,MED008,LOC001,SUP001,2026-06-15,2026-06-20,2026-06-20,670,670,Delivered
PO-18036,MED009,LOC007,SUP007,2026-06-15,2026-06-19,2026-06-19,110,110,Delivered
PO-18037,MED010,LOC006,SUP007,2026-06-15,2026-06-19,2026-06-19,800,800,Delivered
PO-18038,MED011,LOC006,SUP011,2026-06-15,2026-06-20,2026-06-20,420,420,Delivered
PO-18039,MED012,LOC004,SUP007,2026-06-15,2026-06-19,2026-06-19,110,110,Delivered
PO-18040,MED019,LOC002,SUP015,2026-06-15,2026-06-18,2026-06-18,500,500,Delivered
PO-18041,MED024,LOC005,SUP009,2026-06-15,2026-06-20,2026-06-20,620,620,Delivered
PO-18042,MED026,LOC002,SUP002,2026-06-15,2026-06-21,2026-06-21,950,950,Delivered
PO-18043,MED027,LOC007,SUP009,2026-06-15,2026-06-20,2026-06-20,60,60,Delivered
PO-18044,MED028,LOC005,SUP002,2026-06-15,2026-06-20,2026-06-20,250,250,Delivered
PO-18045,MED030,LOC001,SUP004,2026-06-15,2026-06-20,2026-06-20,250,250,Delivered
PO-18046,MED031,LOC002,SUP015,2026-06-15,2026-06-18,2026-06-18,550,550,Delivered
PO-18047,MED038,LOC003,SUP015,2026-06-15,2026-06-17,2026-06-17,110,110,Delivered
PO-18048,MED039,LOC006,SUP006,2026-06-15,2026-06-23,2026-06-23,70,70,Delivered
PO-18049,MED040,LOC005,SUP004,2026-06-15,2026-06-20,2026-06-20,50,50,Delivered
PO-18050,MED047,LOC003,SUP015,2026-06-15,2026-06-18,2026-06-20,570,570,Delayed
PO-18051,MED055,LOC005,SUP015,2026-06-15,2026-06-18,2026-06-18,390,390,Delivered
PO-18052,MED057,LOC002,SUP008,2026-06-15,2026-06-19,2026-06-19,310,310,Delivered
PO-18053,MED059,LOC002,SUP015,2026-06-15,2026-06-18,2026-06-18,260,260,Delivered
PO-18054,MED059,LOC003,SUP015,2026-06-15,2026-06-18,2026-06-18,530,530,Delivered
PO-18055,MED063,LOC003,SUP004,2026-06-15,2026-06-22,2026-06-22,370,370,Delivered
PO-18056,MED064,LOC006,SUP005,2026-06-15,2026-06-20,2026-06-22,1950,1950,Delayed
PO-18057,MED065,LOC004,SUP015,2026-06-15,2026-06-17,2026-06-17,150,150,Delivered
PO-18058,MED065,LOC005,SUP015,2026-06-15,2026-06-17,2026-06-17,300,300,Delivered
PO-18059,MED066,LOC001,SUP004,2026-06-15,2026-06-21,2026-06-21,1370,1370,Delivered
PO-18060,MED067,LOC007,SUP012,2026-06-15,2026-06-21,2026-06-21,70,70,Delivered
PO-18061,MED068,LOC001,SUP004,2026-06-15,2026-06-21,2026-06-21,4500,4500,Delivered
PO-18062,MED068,LOC007,SUP004,2026-06-15,2026-06-21,2026-06-21,230,230,Delivered
PO-18063,MED070,LOC002,SUP004,2026-06-15,2026-06-21,2026-06-21,240,240,Delivered
PO-18064,MED072,LOC003,SUP006,2026-06-15,2026-06-22,2026-06-22,50,50,Delivered
PO-18065,MED073,LOC002,SUP004,2026-06-15,2026-06-21,2026-06-21,100,100,Delivered
PO-18066,MED075,LOC007,SUP004,2026-06-15,2026-06-21,2026-06-21,50,50,Delivered
PO-18067,MED002,LOC003,SUP010,2026-06-16,2026-06-23,2026-06-23,460,460,Delivered
PO-18068,MED004,LOC004,SUP001,2026-06-16,2026-06-20,2026-06-20,60,60,Delivered
PO-18069,MED008,LOC003,SUP001,2026-06-16,2026-06-21,2026-06-21,530,530,Delivered
PO-18070,MED011,LOC005,SUP011,2026-06-16,2026-06-21,2026-06-21,190,190,Delivered
PO-18071,MED013,LOC006,SUP007,2026-06-16,2026-06-21,2026-06-21,200,200,Delivered
PO-18072,MED026,LOC007,SUP002,2026-06-16,2026-06-22,2026-06-22,170,170,Delivered
PO-18073,MED030,LOC007,SUP004,2026-06-16,2026-06-21,2026-06-22,50,50,Delayed
PO-18074,MED032,LOC004,SUP009,2026-06-16,2026-06-19,2026-06-19,110,110,Delivered
PO-18075,MED036,LOC006,SUP003,2026-06-16,2026-06-18,2026-06-18,1620,1620,Delivered
PO-18076,MED044,LOC004,SUP010,2026-06-16,2026-06-21,2026-06-21,100,100,Delivered
PO-18077,MED054,LOC004,SUP015,2026-06-16,2026-06-18,2026-06-18,70,70,Delivered
PO-18078,MED060,LOC007,SUP015,2026-06-16,2026-06-18,2026-06-18,50,50,Delivered
PO-18079,MED064,LOC001,SUP005,2026-06-16,2026-06-21,2026-06-21,2610,2610,Delivered
PO-18080,MED066,LOC002,SUP004,2026-06-16,2026-06-22,2026-06-22,540,540,Delivered
PO-18081,MED067,LOC004,SUP012,2026-06-16,2026-06-22,2026-06-22,150,150,Delivered
PO-18082,MED070,LOC001,SUP004,2026-06-16,2026-06-22,2026-06-25,550,550,Delayed
PO-18083,MED070,LOC003,SUP004,2026-06-16,2026-06-22,2026-06-22,420,420,Delivered
PO-18084,MED070,LOC005,SUP004,2026-06-16,2026-06-22,2026-06-22,200,200,Delivered
PO-18085,MED075,LOC001,SUP004,2026-06-16,2026-06-22,2026-06-22,790,790,Delivered
PO-18086,MED003,LOC002,SUP001,2026-06-17,2026-06-20,2026-06-20,150,150,Delivered
PO-18087,MED004,LOC002,SUP001,2026-06-17,2026-06-21,2026-06-21,180,180,Delivered
PO-18088,MED004,LOC003,SUP001,2026-06-17,2026-06-21,2026-06-21,290,290,Delivered
PO-18089,MED009,LOC005,SUP007,2026-06-17,2026-06-21,2026-06-21,580,580,Delivered
PO-18090,MED010,LOC005,SUP007,2026-06-17,2026-06-21,2026-06-21,290,290,Delivered
PO-18091,MED011,LOC002,SUP011,2026-06-17,2026-06-22,2026-06-22,230,230,Delivered
PO-18092,MED016,LOC006,SUP001,2026-06-17,2026-06-21,2026-06-21,1830,1830,Delivered
PO-18093,MED017,LOC006,SUP001,2026-06-17,2026-06-22,2026-06-22,1110,1110,Delivered
PO-18094,MED019,LOC001,SUP015,2026-06-17,2026-06-20,2026-06-20,1380,1380,Delivered
PO-18095,MED021,LOC005,SUP002,2026-06-17,2026-06-21,2026-06-21,560,560,Delivered
PO-18096,MED021,LOC007,SUP002,2026-06-17,2026-06-21,2026-06-21,110,110,Delivered
PO-18097,MED022,LOC002,SUP002,2026-06-17,2026-06-21,2026-06-23,440,440,Delayed
PO-18098,MED022,LOC003,SUP002,2026-06-17,2026-06-21,2026-06-21,830,830,Delivered
PO-18099,MED022,LOC007,SUP002,2026-06-17,2026-06-21,2026-06-21,80,80,Delivered
PO-18100,MED023,LOC002,SUP002,2026-06-17,2026-06-21,2026-06-21,430,430,Delivered
PO-18101,MED024,LOC006,SUP009,2026-06-17,2026-06-22,2026-06-22,1340,1340,Delivered
PO-18102,MED025,LOC005,SUP002,2026-06-17,2026-06-22,2026-06-22,570,570,Delivered
PO-18103,MED026,LOC006,SUP002,2026-06-17,2026-06-23,2026-06-26,1810,1810,Delayed
PO-18104,MED033,LOC001,SUP004,2026-06-17,2026-06-23,2026-06-23,180,180,Delivered
PO-18105,MED033,LOC005,SUP004,2026-06-17,2026-06-23,2026-06-23,50,50,Delivered
PO-18106,MED036,LOC001,SUP003,2026-06-17,2026-06-19,2026-06-19,2230,2230,Delivered
PO-18107,MED036,LOC003,SUP003,2026-06-17,2026-06-19,2026-06-19,1740,1740,Delivered
PO-18108,MED038,LOC001,SUP015,2026-06-17,2026-06-19,2026-06-19,140,140,Delivered
PO-18109,MED039,LOC002,SUP006,2026-06-17,2026-06-25,2026-06-26,50,50,Delayed
PO-18110,MED040,LOC002,SUP004,2026-06-17,2026-06-22,2026-06-22,60,60,Delivered
PO-18111,MED040,LOC003,SUP004,2026-06-17,2026-06-22,2026-06-22,120,120,Delivered
PO-18112,MED043,LOC005,SUP003,2026-06-17,2026-06-19,2026-06-19,100,100,Delivered
PO-18113,MED045,LOC001,SUP004,2026-06-17,2026-06-22,2026-06-23,800,800,Delayed
PO-18114,MED048,LOC002,SUP015,2026-06-17,2026-06-19,2026-06-19,190,190,Delivered
PO-18115,MED048,LOC005,SUP015,2026-06-17,2026-06-19,2026-06-19,180,180,Delivered
PO-18116,MED049,LOC006,SUP015,2026-06-17,2026-06-20,2026-06-20,1850,1850,Delivered
PO-18117,MED050,LOC002,SUP005,2026-06-17,2026-06-21,2026-06-21,960,960,Delivered
PO-18118,MED053,LOC006,SUP010,2026-06-17,2026-06-23,2026-06-23,300,300,Delivered
PO-18119,MED057,LOC004,SUP008,2026-06-17,2026-06-21,2026-06-21,270,270,Delivered
PO-18120,MED059,LOC007,SUP015,2026-06-17,2026-06-20,2026-06-20,50,50,Delivered
PO-18121,MED064,LOC003,SUP005,2026-06-17,2026-06-22,2026-06-22,2080,2080,Delivered
PO-18122,MED065,LOC006,SUP015,2026-06-17,2026-06-19,2026-06-19,640,640,Delivered
PO-18123,MED068,LOC003,SUP004,2026-06-17,2026-06-23,2026-06-23,3380,3380,Delivered
PO-18124,MED068,LOC004,SUP004,2026-06-17,2026-06-23,2026-06-23,720,720,Delivered
PO-18125,MED070,LOC004,SUP004,2026-06-17,2026-06-23,2026-06-23,50,50,Delivered
PO-18126,MED071,LOC002,SUP014,2026-06-17,2026-06-23,2026-06-23,50,50,Delivered
PO-18127,MED072,LOC006,SUP006,2026-06-17,2026-06-24,2026-06-24,60,60,Delivered
PO-18128,MED073,LOC006,SUP004,2026-06-17,2026-06-23,2026-06-23,200,200,Delivered
PO-18129,MED075,LOC006,SUP004,2026-06-17,2026-06-23,2026-06-23,580,580,Delivered
PO-18130,MED006,LOC001,SUP001,2026-06-18,2026-06-23,2026-06-23,1120,1120,Delivered
PO-18131,MED012,LOC006,SUP007,2026-06-18,2026-06-22,2026-06-22,570,570,Delivered
PO-18132,MED012,LOC007,SUP007,2026-06-18,2026-06-22,2026-06-22,60,60,Delivered
PO-18133,MED015,LOC007,SUP011,2026-06-18,2026-06-21,2026-06-21,150,150,Delivered
PO-18134,MED017,LOC003,SUP001,2026-06-18,2026-06-23,2026-06-23,1160,1160,Delivered
PO-18135,MED019,LOC007,SUP015,2026-06-18,2026-06-21,2026-06-21,70,70,Delivered
PO-18136,MED020,LOC004,SUP004,2026-06-18,2026-06-23,2026-06-23,140,140,Delivered
PO-18137,MED020,LOC006,SUP004,2026-06-18,2026-06-23,2026-06-23,690,690,Delivered
PO-18138,MED029,LOC003,SUP015,2026-06-18,2026-06-21,2026-06-21,250,250,Delivered
PO-18139,MED031,LOC001,SUP015,2026-06-18,2026-06-21,2026-06-21,1530,1530,Delivered
PO-18140,MED032,LOC005,SUP009,2026-06-18,2026-06-21,2026-06-21,200,200,Delivered
PO-18141,MED034,LOC002,SUP013,2026-06-18,2026-06-24,2026-06-27,130,130,Delayed
PO-18142,MED034,LOC006,SUP013,2026-06-18,2026-06-24,2026-06-24,290,290,Delivered
PO-18143,MED037,LOC006,SUP015,2026-06-18,2026-06-22,2026-06-22,1840,1840,Delivered
PO-18144,MED038,LOC005,SUP015,2026-06-18,2026-06-20,2026-06-20,60,60,Delivered
PO-18145,MED040,LOC006,SUP004,2026-06-18,2026-06-23,2026-06-24,130,130,Delayed
PO-18146,MED041,LOC007,SUP015,2026-06-18,2026-06-20,2026-06-20,50,50,Delivered
PO-18147,MED043,LOC006,SUP003,2026-06-18,2026-06-20,2026-06-20,230,230,Delivered
PO-18148,MED047,LOC006,SUP015,2026-06-18,2026-06-21,2026-06-21,560,560,Delivered
PO-18149,MED051,LOC005,SUP015,2026-06-18,2026-06-20,2026-06-20,640,640,Delivered
PO-18150,MED053,LOC004,SUP010,2026-06-18,2026-06-24,2026-06-24,50,50,Delivered
PO-18151,MED056,LOC001,SUP005,2026-06-18,2026-06-23,2026-06-23,870,870,Delivered
PO-18152,MED057,LOC006,SUP008,2026-06-18,2026-06-22,2026-06-22,540,540,Delivered
PO-18153,MED058,LOC004,SUP008,2026-06-18,2026-06-23,2026-06-23,270,270,Delivered
PO-18154,MED066,LOC005,SUP004,2026-06-18,2026-06-24,2026-06-24,440,440,Delivered
PO-18155,MED067,LOC001,SUP012,2026-06-18,2026-06-24,2026-06-24,1040,1040,Delivered
PO-18156,MED067,LOC006,SUP012,2026-06-18,2026-06-24,2026-06-24,770,770,Delivered
PO-18157,MED068,LOC006,SUP004,2026-06-18,2026-06-24,2026-06-24,4950,4950,Delivered
PO-18158,MED070,LOC006,SUP004,2026-06-18,2026-06-24,2026-06-24,380,380,Delivered
PO-18159,MED072,LOC001,SUP006,2026-06-18,2026-06-25,2026-06-25,70,70,Delivered
PO-18160,MED074,LOC001,SUP006,2026-06-18,2026-06-26,2026-06-27,120,120,Delayed
PO-18161,MED074,LOC006,SUP006,2026-06-18,2026-06-26,2026-06-26,70,70,Delivered
PO-18162,MED075,LOC003,SUP004,2026-06-18,2026-06-24,2026-06-25,610,610,Delayed
PO-18163,MED001,LOC003,SUP001,2026-06-19,2026-06-24,2026-06-26,700,700,Delayed
PO-18164,MED002,LOC001,SUP010,2026-06-19,2026-06-26,2026-06-26,630,630,Delivered
PO-18165,MED010,LOC004,SUP007,2026-06-19,2026-06-23,2026-06-23,150,150,Delivered
PO-18166,MED017,LOC004,SUP001,2026-06-19,2026-06-24,2026-06-24,200,200,Delivered
PO-18167,MED017,LOC007,SUP001,2026-06-19,2026-06-24,2026-06-24,120,120,Delivered
PO-18168,MED019,LOC006,SUP015,2026-06-19,2026-06-22,2026-06-22,960,960,Delivered
PO-18169,MED020,LOC003,SUP004,2026-06-19,2026-06-24,2026-06-24,850,850,Delivered
PO-18170,MED024,LOC003,SUP009,2026-06-19,2026-06-24,2026-06-24,1370,1370,Delivered
PO-18171,MED030,LOC005,SUP004,2026-06-19,2026-06-24,2026-06-24,100,100,Delivered
PO-18172,MED031,LOC005,SUP015,2026-06-19,2026-06-22,2026-06-22,450,450,Delivered
PO-18173,MED033,LOC002,SUP004,2026-06-19,2026-06-25,2026-06-25,80,80,Delivered
PO-18174,MED033,LOC004,SUP004,2026-06-19,2026-06-25,2026-06-25,50,50,Delivered
PO-18175,MED033,LOC007,SUP004,2026-06-19,2026-06-25,2026-06-25,50,50,Delivered
PO-18176,MED037,LOC001,SUP015,2026-06-19,2026-06-23,2026-06-23,2530,2530,Delivered
PO-18177,MED037,LOC004,SUP015,2026-06-19,2026-06-23,2026-06-23,360,360,Delivered
PO-18178,MED051,LOC007,SUP015,2026-06-19,2026-06-21,2026-06-21,110,110,Delivered
PO-18179,MED056,LOC007,SUP005,2026-06-19,2026-06-24,2026-06-24,50,50,Delivered
PO-18180,MED057,LOC001,SUP008,2026-06-19,2026-06-23,2026-06-23,800,800,Delivered
PO-18181,MED058,LOC001,SUP008,2026-06-19,2026-06-24,2026-06-24,760,760,Delivered
PO-18182,MED058,LOC005,SUP008,2026-06-19,2026-06-24,2026-06-25,300,300,Delayed
PO-18183,MED062,LOC001,SUP004,2026-06-19,2026-06-24,2026-06-24,1390,1390,Delivered
PO-18184,MED062,LOC004,SUP004,2026-06-19,2026-06-24,2026-06-24,210,210,Delivered
PO-18185,MED065,LOC002,SUP015,2026-06-19,2026-06-21,2026-06-21,400,400,Delivered
PO-18186,MED066,LOC003,SUP004,2026-06-19,2026-06-25,2026-06-25,970,970,Delivered
PO-18187,MED068,LOC002,SUP004,2026-06-19,2026-06-25,2026-06-28,1640,1640,Delayed
PO-18188,MED068,LOC005,SUP004,2026-06-19,2026-06-25,2026-06-25,1520,1520,Delivered
PO-18189,MED069,LOC004,SUP004,2026-06-19,2026-06-26,2026-06-26,420,420,Delivered
PO-18190,MED002,LOC006,SUP010,2026-06-20,2026-06-27,2026-06-27,650,650,Delivered
PO-18191,MED007,LOC003,SUP011,2026-06-20,2026-06-23,2026-06-23,1170,1170,Delivered
PO-18192,MED007,LOC004,SUP011,2026-06-20,2026-06-23,2026-06-23,230,230,Delivered
PO-18193,MED011,LOC001,SUP011,2026-06-20,2026-06-25,2026-06-25,530,530,Delivered
PO-18194,MED011,LOC003,SUP011,2026-06-20,2026-06-25,2026-06-25,390,390,Delivered
PO-18195,MED012,LOC001,SUP007,2026-06-20,2026-06-24,2026-06-24,870,870,Delivered
PO-18196,MED015,LOC006,SUP011,2026-06-20,2026-06-23,2026-06-23,450,450,Delivered
PO-18197,MED020,LOC001,SUP004,2026-06-20,2026-06-25,2026-06-25,1040,1040,Delivered
PO-18198,MED024,LOC001,SUP009,2026-06-20,2026-06-25,2026-06-25,1830,1830,Delivered
PO-18199,MED024,LOC004,SUP009,2026-06-20,2026-06-25,2026-06-25,270,270,Delivered
PO-18200,MED026,LOC004,SUP002,2026-06-20,2026-06-26,2026-06-26,320,320,Delivered
PO-18201,MED026,LOC005,SUP002,2026-06-20,2026-06-26,2026-06-26,740,740,Delivered
PO-18202,MED043,LOC003,SUP003,2026-06-20,2026-06-22,2026-06-22,240,240,Delivered
PO-18203,MED047,LOC001,SUP015,2026-06-20,2026-06-23,2026-06-23,800,800,Delivered
PO-18204,MED048,LOC003,SUP015,2026-06-20,2026-06-22,2026-06-22,430,430,Delivered
PO-18205,MED049,LOC003,SUP015,2026-06-20,2026-06-23,2026-06-23,1940,1940,Delivered
PO-18206,MED055,LOC003,SUP015,2026-06-20,2026-06-23,2026-06-23,780,780,Delivered
PO-18207,MED060,LOC006,SUP015,2026-06-20,2026-06-22,2026-06-22,90,90,Delivered
PO-18208,MED062,LOC002,SUP004,2026-06-20,2026-06-25,2026-06-25,530,530,Delivered
PO-18209,MED069,LOC002,SUP004,2026-06-20,2026-06-27,2026-06-27,1250,1250,Delivered
PO-18210,MED069,LOC005,SUP004,2026-06-20,2026-06-27,2026-06-27,1030,1030,Delivered
PO-18211,MED074,LOC003,SUP006,2026-06-20,2026-06-28,2026-07-01,80,80,Delayed
PO-18212,MED001,LOC006,SUP001,2026-06-21,2026-06-26,2026-06-26,1000,1000,Delivered
PO-18213,MED008,LOC002,SUP001,2026-06-21,2026-06-26,2026-06-26,260,260,Delivered
PO-18214,MED008,LOC006,SUP001,2026-06-21,2026-06-26,2026-06-26,470,470,Delivered
PO-18215,MED014,LOC007,SUP007,2026-06-21,2026-06-24,2026-06-24,50,50,Delivered
PO-18216,MED016,LOC004,SUP001,2026-06-21,2026-06-25,2026-06-25,390,390,Delivered
PO-18217,MED017,LOC001,SUP001,2026-06-21,2026-06-26,2026-06-26,1390,1390,Delivered
PO-18218,MED018,LOC004,SUP001,2026-06-21,2026-06-24,2026-06-24,270,270,Delivered
PO-18219,MED021,LOC003,SUP002,2026-06-21,2026-06-25,2026-06-25,1290,1290,Delivered
PO-18220,MED024,LOC002,SUP009,2026-06-21,2026-06-26,2026-06-26,790,790,Delivered
PO-18221,MED025,LOC004,SUP002,2026-06-21,2026-06-26,2026-06-26,260,260,Delivered
PO-18222,MED028,LOC006,SUP002,2026-06-21,2026-06-26,2026-06-26,540,540,Delivered
PO-18223,MED031,LOC006,SUP015,2026-06-21,2026-06-24,2026-06-24,1080,1080,Delivered
PO-18224,MED032,LOC001,SUP009,2026-06-21,2026-06-24,2026-06-24,630,630,Delivered
PO-18225,MED046,LOC001,SUP015,2026-06-21,2026-06-25,2026-06-25,1180,1180,Delivered
PO-18226,MED046,LOC006,SUP015,2026-06-21,2026-06-25,2026-06-25,880,880,Delivered
PO-18227,MED053,LOC002,SUP010,2026-06-21,2026-06-27,2026-06-27,130,130,Delivered
PO-18228,MED056,LOC005,SUP005,2026-06-21,2026-06-26,2026-06-26,290,290,Delivered
PO-18229,MED058,LOC006,SUP008,2026-06-21,2026-06-26,2026-06-26,590,590,Delivered
PO-18230,MED062,LOC006,SUP004,2026-06-21,2026-06-26,2026-06-26,1080,1080,Delivered
PO-18231,MED063,LOC005,SUP004,2026-06-21,2026-06-28,2026-06-28,160,160,Delivered
PO-18232,MED067,LOC005,SUP012,2026-06-21,2026-06-27,2026-06-27,320,320,Delivered
PO-18233,MED074,LOC005,SUP006,2026-06-21,2026-06-29,2026-06-29,50,50,Delivered
PO-18234,MED002,LOC004,SUP010,2026-06-22,2026-06-29,2026-06-29,100,100,Delivered
PO-18235,MED009,LOC006,SUP007,2026-06-22,2026-06-26,2026-06-26,1200,1200,Delivered
PO-18236,MED015,LOC001,SUP011,2026-06-22,2026-06-25,2026-06-25,610,610,Delivered
PO-18237,MED015,LOC005,SUP011,2026-06-22,2026-06-25,2026-06-25,240,240,Delivered
PO-18238,MED016,LOC001,SUP001,2026-06-22,2026-06-26,2026-06-26,2490,2490,Delivered
PO-18239,MED017,LOC005,SUP001,2026-06-22,2026-06-27,2026-06-30,470,470,Delayed
PO-18240,MED018,LOC006,SUP001,2026-06-22,2026-06-25,2026-06-25,1340,1340,Delivered
PO-18241,MED019,LOC003,SUP015,2026-06-22,2026-06-25,2026-06-25,1050,1050,Delivered
PO-18242,MED020,LOC002,SUP004,2026-06-22,2026-06-27,2026-06-27,410,410,Delivered
PO-18243,MED022,LOC001,SUP002,2026-06-22,2026-06-26,2026-06-26,1010,1010,Delivered
PO-18244,MED023,LOC004,SUP002,2026-06-22,2026-06-26,2026-06-26,150,150,Delivered
PO-18245,MED023,LOC005,SUP002,2026-06-22,2026-06-26,2026-06-26,350,350,Delivered
PO-18246,MED025,LOC003,SUP002,2026-06-22,2026-06-27,2026-06-27,1340,1340,Delivered
PO-18247,MED033,LOC006,SUP004,2026-06-22,2026-06-28,2026-06-29,150,150,Delayed
PO-18248,MED034,LOC003,SUP013,2026-06-22,2026-06-28,2026-06-28,260,260,Delivered
PO-18249,MED035,LOC001,SUP015,2026-06-22,2026-06-24,2026-06-24,300,300,Delivered
PO-18250,MED035,LOC003,SUP015,2026-06-22,2026-06-24,2026-06-24,260,260,Delivered
PO-18251,MED038,LOC004,SUP015,2026-06-22,2026-06-24,2026-06-24,50,50,Delivered
PO-18252,MED039,LOC001,SUP006,2026-06-22,2026-06-30,2026-06-30,90,90,Delivered
PO-18253,MED042,LOC001,SUP003,2026-06-22,2026-06-24,2026-06-24,810,810,Delivered
PO-18254,MED044,LOC006,SUP010,2026-06-22,2026-06-27,2026-06-27,350,350,Delivered
PO-18255,MED047,LOC002,SUP015,2026-06-22,2026-06-25,2026-06-25,290,290,Delivered
PO-18256,MED050,LOC005,SUP005,2026-06-22,2026-06-26,2026-06-26,850,850,Delivered
PO-18257,MED055,LOC006,SUP015,2026-06-22,2026-06-25,2026-06-25,840,840,Delivered
PO-18258,MED056,LOC006,SUP005,2026-06-22,2026-06-27,2026-06-27,650,650,Delivered
PO-18259,MED058,LOC007,SUP008,2026-06-22,2026-06-27,2026-06-27,50,50,Delivered
PO-18260,MED059,LOC005,SUP015,2026-06-22,2026-06-25,2026-06-25,230,230,Delivered
PO-18261,MED061,LOC001,SUP004,2026-06-22,2026-06-29,2026-06-30,690,690,Delayed
PO-18262,MED061,LOC007,SUP004,2026-06-22,2026-06-29,2026-07-02,50,50,Delayed
PO-18263,MED062,LOC007,SUP004,2026-06-22,2026-06-27,2026-06-27,90,90,Delivered
PO-18264,MED064,LOC002,SUP005,2026-06-22,2026-06-27,2026-06-27,1070,1070,Delivered
PO-18265,MED067,LOC002,SUP012,2026-06-22,2026-06-28,2026-06-28,410,410,Delivered
PO-18266,MED069,LOC003,SUP004,2026-06-22,2026-06-29,2026-06-29,2630,2630,Delivered
PO-18267,MED071,LOC005,SUP014,2026-06-22,2026-06-28,2026-06-28,50,50,Delivered
PO-18268,MED071,LOC006,SUP014,2026-06-22,2026-06-28,2026-06-28,100,100,Delivered
PO-18269,MED072,LOC003,SUP006,2026-06-22,2026-06-29,2026-06-29,70,70,Delivered
PO-18270,MED075,LOC005,SUP004,2026-06-22,2026-06-28,2026-06-28,250,250,Delivered
PO-18271,MED002,LOC005,SUP010,2026-06-23,2026-06-30,2026-06-30,200,200,Delivered
PO-18272,MED003,LOC005,SUP001,2026-06-23,2026-06-26,2026-06-26,120,120,Delivered
PO-18273,MED005,LOC003,SUP001,2026-06-23,2026-06-28,2026-06-28,300,300,Delivered
PO-18274,MED006,LOC003,SUP001,2026-06-23,2026-06-28,2026-06-28,880,880,Delivered
PO-18275,MED006,LOC004,SUP001,2026-06-23,2026-06-28,2026-06-28,160,160,Delivered
PO-18276,MED007,LOC001,SUP011,2026-06-23,2026-06-26,2026-06-26,1550,1550,Delivered
PO-18277,MED008,LOC005,SUP001,2026-06-23,2026-06-28,2026-06-28,190,190,Delivered
PO-18278,MED008,LOC007,SUP001,2026-06-23,2026-06-28,2026-06-28,160,160,Delivered
PO-18279,MED016,LOC003,SUP001,2026-06-23,2026-06-27,2026-06-27,1890,1890,Delivered
PO-18280,MED018,LOC001,SUP001,2026-06-23,2026-06-26,2026-06-26,1730,1730,Delivered
PO-18281,MED027,LOC001,SUP009,2026-06-23,2026-06-28,2026-06-29,720,720,Delayed
PO-18282,MED027,LOC005,SUP009,2026-06-23,2026-06-28,2026-06-28,250,250,Delivered
PO-18283,MED028,LOC001,SUP002,2026-06-23,2026-06-28,2026-06-28,780,780,Delivered
PO-18284,MED032,LOC007,SUP009,2026-06-23,2026-06-26,2026-06-26,50,50,Delivered
PO-18285,MED034,LOC001,SUP013,2026-06-23,2026-06-29,2026-06-29,370,370,Delivered
PO-18286,MED034,LOC007,SUP013,2026-06-23,2026-06-29,2026-06-29,50,50,Delivered
PO-18287,MED039,LOC003,SUP006,2026-06-23,2026-07-01,2026-07-01,50,50,Delivered
PO-18288,MED042,LOC004,SUP003,2026-06-23,2026-06-25,2026-06-25,130,130,Delivered
PO-18289,MED043,LOC002,SUP003,2026-06-23,2026-06-25,2026-06-25,130,130,Delivered
PO-18290,MED044,LOC003,SUP010,2026-06-23,2026-06-28,2026-06-28,440,440,Delivered
PO-18291,MED048,LOC001,SUP015,2026-06-23,2026-06-25,2026-06-25,520,520,Delivered
PO-18292,MED059,LOC004,SUP015,2026-06-23,2026-06-26,2026-06-26,80,80,Delivered
PO-18293,MED061,LOC002,SUP004,2026-06-23,2026-06-30,2026-06-30,320,320,Delivered
PO-18294,MED061,LOC006,SUP004,2026-06-23,2026-06-30,2026-06-30,520,520,Delivered
PO-18295,MED065,LOC001,SUP015,2026-06-23,2026-06-25,2026-06-25,1000,1000,Delivered
PO-18296,MED066,LOC007,SUP004,2026-06-23,2026-06-29,2026-06-29,70,70,Delivered
PO-18297,MED069,LOC001,SUP004,2026-06-23,2026-06-30,2026-07-02,3190,3190,Delayed
PO-18298,MED071,LOC001,SUP014,2026-06-23,2026-06-29,2026-06-29,160,160,Delivered
PO-18299,MED006,LOC006,SUP001,2026-06-24,2026-06-29,2026-06-29,1250,1250,Delivered
PO-18300,MED007,LOC002,SUP011,2026-06-24,2026-06-27,2026-06-27,610,610,Delivered
PO-18301,MED007,LOC006,SUP011,2026-06-24,2026-06-27,2026-06-27,1170,1170,Delivered
PO-18302,MED009,LOC002,SUP007,2026-06-24,2026-06-28,2026-06-28,650,650,Delivered
PO-18303,MED010,LOC002,SUP007,2026-06-24,2026-06-28,2026-06-28,510,510,Delivered
PO-18304,MED010,LOC003,SUP007,2026-06-24,2026-06-28,2026-06-28,800,800,Delivered
PO-18305,MED011,LOC007,SUP011,2026-06-24,2026-06-29,2026-06-29,130,130,Delivered
PO-18306,MED013,LOC003,SUP007,2026-06-24,2026-06-29,2026-06-29,230,230,Delivered
PO-18307,MED013,LOC004,SUP007,2026-06-24,2026-06-29,2026-06-29,50,50,Delivered
PO-18308,MED014,LOC005,SUP007,2026-06-24,2026-06-27,2026-06-27,170,170,Delivered
PO-18309,MED020,LOC005,SUP004,2026-06-24,2026-06-29,2026-06-29,310,310,Delivered
PO-18310,MED021,LOC001,SUP002,2026-06-24,2026-06-28,2026-06-28,1710,1710,Delivered
PO-18311,MED021,LOC006,SUP002,2026-06-24,2026-06-28,2026-06-28,1340,1340,Delivered
PO-18312,MED022,LOC004,SUP002,2026-06-24,2026-06-28,2026-06-28,150,150,Delivered
PO-18313,MED027,LOC003,SUP009,2026-06-24,2026-06-29,2026-06-29,510,510,Delivered
PO-18314,MED029,LOC004,SUP015,2026-06-24,2026-06-27,2026-06-27,50,50,Delivered
PO-18315,MED030,LOC006,SUP004,2026-06-24,2026-06-29,2026-06-29,190,190,Delivered
PO-18316,MED037,LOC002,SUP015,2026-06-24,2026-06-28,2026-06-28,1060,1060,Delivered
PO-18317,MED040,LOC001,SUP004,2026-06-24,2026-06-29,2026-06-29,160,160,Delivered
PO-18318,MED041,LOC004,SUP015,2026-06-24,2026-06-26,2026-06-26,50,50,Delivered
PO-18319,MED042,LOC003,SUP003,2026-06-24,2026-06-26,2026-06-26,640,640,Delivered
PO-18320,MED044,LOC001,SUP010,2026-06-24,2026-06-29,2026-06-29,550,550,Delivered
PO-18321,MED045,LOC002,SUP004,2026-06-24,2026-06-29,2026-06-29,310,310,Delivered
PO-18322,MED047,LOC005,SUP015,2026-06-24,2026-06-27,2026-06-27,250,250,Delivered
PO-18323,MED050,LOC004,SUP005,2026-06-24,2026-06-28,2026-06-28,920,920,Delivered
PO-18324,MED052,LOC005,SUP015,2026-06-24,2026-06-27,2026-06-27,140,140,Delivered
PO-18325,MED053,LOC001,SUP010,2026-06-24,2026-06-30,2026-06-30,270,270,Delivered
PO-18326,MED055,LOC001,SUP015,2026-06-24,2026-06-27,2026-06-30,1020,1020,Delayed
PO-18327,MED058,LOC003,SUP008,2026-06-24,2026-06-29,2026-06-29,620,620,Delivered
PO-18328,MED061,LOC003,SUP004,2026-06-24,2026-07-01,2026-07-01,540,540,Delivered
PO-18329,MED063,LOC001,SUP004,2026-06-24,2026-07-01,2026-07-01,460,460,Delivered
PO-18330,MED064,LOC004,SUP005,2026-06-24,2026-06-29,2026-06-29,370,370,Delivered
PO-18331,MED064,LOC007,SUP005,2026-06-24,2026-06-29,2026-06-29,140,140,Delivered
PO-18332,MED069,LOC007,SUP004,2026-06-24,2026-07-01,2026-07-01,210,210,Delivered
PO-18333,MED071,LOC003,SUP014,2026-06-24,2026-06-30,2026-07-01,130,130,Delayed
PO-18334,MED075,LOC004,SUP004,2026-06-24,2026-06-30,2026-06-30,50,50,Delivered
PO-18335,MED001,LOC004,SUP001,2026-06-25,2026-06-30,2026-06-30,150,150,Delivered
PO-18336,MED004,LOC005,SUP001,2026-06-25,2026-06-29,2026-06-29,130,130,Delivered
PO-18337,MED005,LOC005,SUP001,2026-06-25,2026-06-30,2026-06-30,120,120,Delivered
PO-18338,MED011,LOC004,SUP011,2026-06-25,2026-06-30,2026-06-30,80,80,Delivered
PO-18339,MED014,LOC006,SUP007,2026-06-25,2026-06-28,2026-06-28,350,350,Delivered
PO-18340,MED015,LOC004,SUP011,2026-06-25,2026-06-28,2026-06-28,110,110,Delivered
PO-18341,MED020,LOC007,SUP004,2026-06-25,2026-06-30,2026-06-30,230,230,Delivered
PO-18342,MED021,LOC004,SUP002,2026-06-25,2026-06-29,2026-06-29,240,240,Delivered
PO-18343,MED022,LOC005,SUP002,2026-06-25,2026-06-29,2026-06-29,370,370,Delivered
PO-18344,MED024,LOC007,SUP009,2026-06-25,2026-06-30,2026-06-30,120,120,Delivered
PO-18345,MED025,LOC001,SUP002,2026-06-25,2026-06-30,2026-06-30,1730,1730,Delivered
PO-18346,MED025,LOC002,SUP002,2026-06-25,2026-06-30,2026-06-30,700,700,Delivered
PO-18347,MED025,LOC006,SUP002,2026-06-25,2026-06-30,2026-06-30,1280,1280,Delivered
PO-18348,MED027,LOC002,SUP009,2026-06-25,2026-06-30,2026-06-30,310,310,Delivered
PO-18349,MED027,LOC006,SUP009,2026-06-25,2026-06-30,2026-06-30,480,480,Delivered
PO-18350,MED031,LOC007,SUP015,2026-06-25,2026-06-28,2026-06-28,90,90,Delivered
PO-18351,MED033,LOC005,SUP004,2026-06-25,2026-07-01,2026-07-02,70,70,Delayed
PO-18352,MED035,LOC002,SUP015,2026-06-25,2026-06-27,2026-06-27,90,90,Delivered
PO-18353,MED035,LOC005,SUP015,2026-06-25,2026-06-27,2026-06-27,100,100,Delivered
PO-18354,MED036,LOC005,SUP003,2026-06-25,2026-06-27,2026-06-27,770,770,Delivered
PO-18355,MED039,LOC005,SUP006,2026-06-25,2026-07-03,2026-07-03,50,50,Delivered
PO-18356,MED040,LOC002,SUP004,2026-06-25,2026-06-30,2026-06-30,80,80,Delivered
PO-18357,MED045,LOC004,SUP004,2026-06-25,2026-06-30,2026-06-30,110,110,Delivered
PO-18358,MED046,LOC002,SUP015,2026-06-25,2026-06-29,2026-06-29,490,490,Delivered
PO-18359,MED048,LOC004,SUP015,2026-06-25,2026-06-27,2026-06-27,100,100,Delivered
PO-18360,MED048,LOC006,SUP015,2026-06-25,2026-06-27,2026-06-27,390,390,Delivered
PO-18361,MED050,LOC006,SUP005,2026-06-25,2026-06-29,2026-06-29,1780,1780,Delivered
PO-18362,MED056,LOC002,SUP005,2026-06-25,2026-06-30,2026-06-30,370,370,Delivered
PO-18363,MED056,LOC003,SUP005,2026-06-25,2026-06-30,2026-06-30,650,650,Delivered
PO-18364,MED059,LOC006,SUP015,2026-06-25,2026-06-28,2026-06-28,510,510,Delivered
PO-18365,MED062,LOC003,SUP004,2026-06-25,2026-06-30,2026-06-30,1080,1080,Delivered
PO-18366,MED063,LOC006,SUP004,2026-06-25,2026-07-02,2026-07-02,350,350,Delivered
PO-18367,MED064,LOC005,SUP005,2026-06-25,2026-06-30,2026-07-02,860,860,Delayed
PO-18368,MED065,LOC007,SUP015,2026-06-25,2026-06-27,2026-06-27,60,60,Delivered
PO-18369,MED066,LOC004,SUP004,2026-06-25,2026-07-01,2026-07-01,160,160,Delivered
PO-18370,MED069,LOC006,SUP004,2026-06-25,2026-07-02,2026-07-02,3510,3510,Delivered
PO-18371,MED074,LOC002,SUP006,2026-06-25,2026-07-03,2026-07-03,50,50,Delivered
PO-18372,MED075,LOC002,SUP004,2026-06-25,2026-07-01,2026-07-01,350,350,Delivered
PO-18373,MED001,LOC005,SUP001,2026-06-26,2026-07-01,2026-07-01,320,320,Delivered
PO-18374,MED002,LOC002,SUP010,2026-06-26,2026-07-03,2026-07-03,270,270,Delivered
PO-18375,MED003,LOC003,SUP001,2026-06-26,2026-06-29,2026-06-29,320,320,Delivered
PO-18376,MED005,LOC002,SUP001,2026-06-26,2026-07-01,2026-07-01,140,140,Delivered
PO-18377,MED006,LOC005,SUP001,2026-06-26,2026-07-01,2026-07-01,380,380,Delivered
PO-18378,MED007,LOC007,SUP011,2026-06-26,2026-06-29,2026-06-29,340,340,Delivered
PO-18379,MED012,LOC003,SUP007,2026-06-26,2026-06-30,2026-06-30,610,610,Delivered
PO-18380,MED017,LOC002,SUP001,2026-06-26,2026-07-01,2026-07-01,550,550,Delivered
PO-18381,MED019,LOC005,SUP015,2026-06-26,2026-06-29,2026-06-29,430,430,Delivered
PO-18382,MED021,LOC002,SUP002,2026-06-26,2026-06-30,2026-06-30,710,710,Delivered
PO-18383,MED023,LOC006,SUP002,2026-06-26,2026-06-30,2026-06-30,790,790,Delivered
PO-18384,MED023,LOC007,SUP002,2026-06-26,2026-06-30,2026-06-30,70,70,Delivered
PO-18385,MED028,LOC003,SUP002,2026-06-26,2026-07-01,2026-07-01,560,560,Delivered
PO-18386,MED029,LOC005,SUP015,2026-06-26,2026-06-29,2026-06-29,120,120,Delivered
PO-18387,MED030,LOC002,SUP004,2026-06-26,2026-07-01,2026-07-01,100,100,Delivered
PO-18388,MED031,LOC003,SUP015,2026-06-26,2026-06-29,2026-06-29,1110,1110,Delivered
PO-18389,MED036,LOC002,SUP003,2026-06-26,2026-06-28,2026-06-28,1030,1030,Delivered
PO-18390,MED037,LOC003,SUP015,2026-06-26,2026-06-30,2026-06-30,2120,2120,Delivered
PO-18391,MED037,LOC005,SUP015,2026-06-26,2026-06-30,2026-06-30,900,900,Delivered
PO-18392,MED038,LOC006,SUP015,2026-06-26,2026-06-28,2026-06-28,110,110,Delivered
PO-18393,MED043,LOC001,SUP003,2026-06-26,2026-06-28,2026-06-28,300,300,Delivered
PO-18394,MED044,LOC002,SUP010,2026-06-26,2026-07-01,2026-07-01,230,230,Delivered
PO-18395,MED044,LOC005,SUP010,2026-06-26,2026-07-01,2026-07-01,200,200,Delivered
PO-18396,MED047,LOC004,SUP015,2026-06-26,2026-06-29,2026-06-29,110,110,Delivered
PO-18397,MED049,LOC001,SUP015,2026-06-26,2026-06-29,2026-06-29,2540,2540,Delivered
PO-18398,MED049,LOC002,SUP015,2026-06-26,2026-06-29,2026-06-29,990,990,Delivered
PO-18399,MED052,LOC001,SUP015,2026-06-26,2026-06-29,2026-06-29,470,470,Delivered
PO-18400,MED052,LOC006,SUP015,2026-06-26,2026-06-29,2026-06-29,320,320,Delivered
PO-18401,MED055,LOC002,SUP015,2026-06-26,2026-06-29,2026-06-29,430,430,Delivered
PO-18402,MED056,LOC004,SUP005,2026-06-26,2026-07-01,2026-07-01,300,300,Delivered
PO-18403,MED058,LOC002,SUP008,2026-06-26,2026-07-01,2026-07-01,340,340,Delivered
PO-18404,MED060,LOC001,SUP015,2026-06-26,2026-06-28,2026-06-28,90,90,Delivered
PO-18405,MED062,LOC005,SUP004,2026-06-26,2026-07-01,2026-07-01,490,490,Delivered
PO-18406,MED063,LOC002,SUP004,2026-06-26,2026-07-03,2026-07-03,190,190,Delivered
PO-18407,MED063,LOC007,SUP004,2026-06-26,2026-07-03,2026-07-03,50,50,Delivered
PO-18408,MED067,LOC003,SUP012,2026-06-26,2026-07-02,2026-07-02,850,850,Delivered
PO-18409,MED073,LOC001,SUP004,2026-06-26,2026-07-02,2026-07-02,210,210,Delivered
PO-18410,MED073,LOC005,SUP004,2026-06-26,2026-07-02,2026-07-02,70,70,Delivered
PO-18411,MED004,LOC006,SUP001,2026-06-27,2026-07-01,2026-07-01,380,380,Delivered
PO-18412,MED010,LOC001,SUP007,2026-06-27,2026-07-01,2026-07-01,1080,1080,Delivered
PO-18413,MED013,LOC001,SUP007,2026-06-27,2026-07-02,2026-07-02,270,270,Delivered
PO-18414,MED014,LOC001,SUP007,2026-06-27,2026-06-30,2026-06-30,540,540,Delivered
PO-18415,MED022,LOC006,SUP002,2026-06-27,2026-07-01,2026-07-01,750,750,Delivered
PO-18416,MED026,LOC001,SUP002,2026-06-27,2026-07-03,2026-07-03,2490,2490,Delivered
PO-18417,MED026,LOC003,SUP002,2026-06-27,2026-07-03,2026-07-03,1820,1820,Delivered
PO-18418,MED028,LOC002,SUP002,2026-06-27,2026-07-02,2026-07-02,290,290,Delivered
PO-18419,MED030,LOC003,SUP004,2026-06-27,2026-07-02,2026-07-02,200,200,Delivered
PO-18420,MED031,LOC004,SUP015,2026-06-27,2026-06-30,2026-06-30,210,210,Delivered
PO-18421,MED032,LOC006,SUP009,2026-06-27,2026-06-30,2026-06-30,500,500,Delivered
PO-18422,MED037,LOC007,SUP015,2026-06-27,2026-07-01,2026-07-01,140,140,Delivered
PO-18423,MED046,LOC003,SUP015,2026-06-27,2026-07-01,2026-07-01,880,880,Delivered
PO-18424,MED050,LOC001,SUP005,2026-06-27,2026-07-01,2026-07-01,2420,2420,Delivered
PO-18425,MED050,LOC003,SUP005,2026-06-27,2026-07-01,2026-07-01,1910,1910,Delivered
PO-18426,MED050,LOC007,SUP005,2026-06-27,2026-07-01,2026-07-01,150,150,Delivered
PO-18427,MED051,LOC006,SUP015,2026-06-27,2026-06-29,2026-06-29,1440,1440,Delivered
PO-18428,MED052,LOC002,SUP015,2026-06-27,2026-06-30,2026-06-30,190,190,Delivered
PO-18429,MED052,LOC004,SUP015,2026-06-27,2026-06-30,2026-06-30,50,50,Delivered
PO-18430,MED054,LOC005,SUP015,2026-06-27,2026-06-29,2026-06-29,160,160,Delivered
PO-18431,MED054,LOC006,SUP015,2026-06-27,2026-06-29,2026-06-29,280,280,Delivered
PO-18432,MED061,LOC004,SUP004,2026-06-27,2026-07-04,2026-07-04,100,100,Delivered
PO-18433,MED068,LOC007,SUP004,2026-06-27,2026-07-03,2026-07-06,260,260,Delayed
PO-18434,MED003,LOC001,SUP001,2026-06-28,2026-07-01,2026-07-01,380,380,Delivered
PO-18435,MED005,LOC001,SUP001,2026-06-28,2026-07-03,2026-07-03,350,350,Delivered
PO-18436,MED008,LOC004,SUP001,2026-06-28,2026-07-03,2026-07-03,90,90,Delivered
PO-18437,MED009,LOC001,SUP007,2026-06-28,2026-07-02,2026-07-02,1610,1610,Delivered
PO-18438,MED009,LOC003,SUP007,2026-06-28,2026-07-02,2026-07-02,1320,1320,Delivered
PO-18439,MED010,LOC005,SUP007,2026-06-28,2026-07-02,2026-07-02,360,360,Delivered
PO-18440,MED013,LOC005,SUP007,2026-06-28,2026-07-03,2026-07-03,110,110,Delivered
PO-18441,MED013,LOC006,SUP007,2026-06-28,2026-07-03,2026-07-03,250,250,Delivered
PO-18442,MED014,LOC002,SUP007,2026-06-28,2026-07-01,2026-07-01,180,180,Delivered
PO-18443,MED014,LOC003,SUP007,2026-06-28,2026-07-01,2026-07-01,430,430,Delivered
PO-18444,MED015,LOC003,SUP011,2026-06-28,2026-07-01,2026-07-01,480,480,Delivered
PO-18445,MED023,LOC001,SUP002,2026-06-28,2026-07-02,2026-07-02,1030,1030,Delivered
PO-18446,MED027,LOC004,SUP009,2026-06-28,2026-07-03,2026-07-03,90,90,Delivered
PO-18447,MED029,LOC001,SUP015,2026-06-28,2026-07-01,2026-07-01,350,350,Delivered
PO-18448,MED032,LOC002,SUP009,2026-06-28,2026-07-01,2026-07-01,260,260,Delivered
PO-18449,MED032,LOC003,SUP009,2026-06-28,2026-07-01,2026-07-01,490,490,Delivered
PO-18450,MED039,LOC006,SUP006,2026-06-28,2026-07-06,2026-07-06,70,70,Delivered
PO-18451,MED041,LOC003,SUP015,2026-06-28,2026-06-30,2026-06-30,190,190,Delivered
PO-18452,MED045,LOC003,SUP004,2026-06-28,2026-07-03,2026-07-03,640,640,Delivered
PO-18453,MED045,LOC005,SUP004,2026-06-28,2026-07-03,2026-07-04,270,270,Delayed
PO-18454,MED046,LOC004,SUP015,2026-06-28,2026-07-02,2026-07-02,170,170,Delivered
PO-18455,MED049,LOC005,SUP015,2026-06-28,2026-07-01,2026-07-01,920,920,Delivered
PO-18456,MED053,LOC003,SUP010,2026-06-28,2026-07-04,2026-07-04,240,240,Delivered
PO-18457,MED054,LOC001,SUP015,2026-06-28,2026-06-30,2026-06-30,420,420,Delivered
PO-18458,MED055,LOC007,SUP015,2026-06-28,2026-07-01,2026-07-01,60,60,Delivered
PO-18459,MED057,LOC005,SUP008,2026-06-28,2026-07-02,2026-07-02,260,260,Delivered
PO-18460,MED063,LOC004,SUP004,2026-06-28,2026-07-05,2026-07-05,70,70,Delivered
PO-18461,MED071,LOC002,SUP014,2026-06-28,2026-07-04,2026-07-05,50,50,Delayed
PO-18462,MED073,LOC003,SUP004,2026-06-28,2026-07-04,2026-07-04,160,160,Delivered
PO-18463,MED002,LOC003,SUP010,2026-06-29,2026-07-06,2026-07-06,450,450,Delivered
PO-18464,MED014,LOC004,SUP007,2026-06-29,2026-07-02,2026-07-02,60,60,Delivered
PO-18465,MED016,LOC002,SUP001,2026-06-29,2026-07-03,2026-07-03,930,930,Delivered
PO-18466,MED019,LOC002,SUP015,2026-06-29,2026-07-02,2026-07-02,590,590,Delivered
PO-18467,MED019,LOC004,SUP015,2026-06-29,2026-07-02,2026-07-02,180,180,Delivered
PO-18468,MED019,LOC007,SUP015,2026-06-29,2026-07-02,2026-07-02,90,90,Delivered
PO-18469,MED025,LOC007,SUP002,2026-06-29,2026-07-04,2026-07-04,110,110,Delivered
PO-18470,MED026,LOC002,SUP002,2026-06-29,2026-07-05,2026-07-05,970,970,Delivered
PO-18471,MED028,LOC004,SUP002,2026-06-29,2026-07-04,2026-07-04,110,110,Delivered
PO-18472,MED030,LOC004,SUP004,2026-06-29,2026-07-04,2026-07-04,50,50,Delivered
PO-18473,MED031,LOC002,SUP015,2026-06-29,2026-07-02,2026-07-02,590,590,Delivered
PO-18474,MED040,LOC006,SUP004,2026-06-29,2026-07-04,2026-07-04,140,140,Delivered
PO-18475,MED041,LOC005,SUP015,2026-06-29,2026-07-01,2026-07-01,60,60,Delivered
PO-18476,MED042,LOC006,SUP003,2026-06-29,2026-07-01,2026-07-01,620,620,Delivered
PO-18477,MED046,LOC007,SUP015,2026-06-29,2026-07-03,2026-07-03,60,60,Delivered
PO-18478,MED047,LOC007,SUP015,2026-06-29,2026-07-02,2026-07-02,50,50,Delivered
PO-18479,MED049,LOC007,SUP015,2026-06-29,2026-07-02,2026-07-02,140,140,Delivered
PO-18480,MED051,LOC001,SUP015,2026-06-29,2026-07-01,2026-07-01,1860,1860,Delivered
PO-18481,MED051,LOC003,SUP015,2026-06-29,2026-07-01,2026-07-01,1520,1520,Delivered
PO-18482,MED051,LOC004,SUP015,2026-06-29,2026-07-01,2026-07-01,250,250,Delivered
PO-18483,MED052,LOC003,SUP015,2026-06-29,2026-07-02,2026-07-02,340,340,Delivered
PO-18484,MED053,LOC006,SUP010,2026-06-29,2026-07-05,2026-07-05,330,330,Delivered
PO-18485,MED054,LOC002,SUP015,2026-06-29,2026-07-01,2026-07-01,180,180,Delivered
PO-18486,MED057,LOC003,SUP008,2026-06-29,2026-07-03,2026-07-03,580,580,Delivered
PO-18487,MED059,LOC001,SUP015,2026-06-29,2026-07-02,2026-07-02,660,660,Delivered
PO-18488,MED063,LOC003,SUP004,2026-06-29,2026-07-06,2026-07-06,370,370,Delivered
PO-18489,MED065,LOC003,SUP015,2026-06-29,2026-07-01,2026-07-01,710,710,Delivered
PO-18490,MED001,LOC002,SUP001,2026-06-30,2026-07-05,2026-07-05,350,350,Delivered
PO-18491,MED006,LOC002,SUP001,2026-06-30,2026-07-05,2026-07-05,410,410,Delivered
PO-18492,MED008,LOC001,SUP001,2026-06-30,2026-07-05,2026-07-05,630,630,Delivered
PO-18493,MED012,LOC002,SUP007,2026-06-30,2026-07-04,2026-07-04,300,300,Delivered
PO-18494,MED016,LOC005,SUP001,2026-06-30,2026-07-04,2026-07-04,800,800,Delivered
PO-18495,MED016,LOC007,SUP001,2026-06-30,2026-07-04,2026-07-04,150,150,Delivered
PO-18496,MED018,LOC002,SUP001,2026-06-30,2026-07-03,2026-07-03,760,760,Delivered
PO-18497,MED018,LOC003,SUP001,2026-06-30,2026-07-03,2026-07-03,1370,1370,Delivered
PO-18498,MED023,LOC003,SUP002,2026-06-30,2026-07-04,2026-07-04,790,790,Delivered
PO-18499,MED024,LOC005,SUP009,2026-06-30,2026-07-05,2026-07-05,600,600,Delivered
PO-18500,MED026,LOC004,SUP002,2026-06-30,2026-07-06,2026-07-06,370,370,Delivered
PO-18501,MED028,LOC005,SUP002,2026-06-30,2026-07-05,2026-07-05,260,260,Delivered
PO-18502,MED033,LOC003,SUP004,2026-06-30,2026-07-06,2026-07-06,160,160,Delivered
PO-18503,MED035,LOC004,SUP015,2026-06-30,2026-07-02,2026-07-02,50,50,Delivered
PO-18504,MED036,LOC007,SUP003,2026-06-30,2026-07-02,2026-07-02,150,150,Delivered
PO-18505,MED040,LOC005,SUP004,2026-06-30,2026-07-05,2026-07-05,50,50,Delivered
PO-18506,MED041,LOC001,SUP015,2026-06-30,2026-07-02,2026-07-02,280,280,Delivered
PO-18507,MED041,LOC002,SUP015,2026-06-30,2026-07-02,2026-07-02,100,100,Delivered
PO-18508,MED045,LOC007,SUP004,2026-06-30,2026-07-05,2026-07-05,50,50,Delivered
PO-18509,MED048,LOC007,SUP015,2026-06-30,2026-07-02,2026-07-02,50,50,Delivered
PO-18510,MED053,LOC005,SUP010,2026-06-30,2026-07-06,2026-07-06,90,90,Delivered
PO-18511,MED053,LOC007,SUP010,2026-06-30,2026-07-06,2026-07-06,50,50,Delivered
PO-18512,MED054,LOC003,SUP015,2026-06-30,2026-07-02,2026-07-02,310,310,Delivered
PO-18513,MED055,LOC004,SUP015,2026-06-30,2026-07-03,2026-07-03,140,140,Delivered
PO-18514,MED066,LOC006,SUP004,2026-06-30,2026-07-06,2026-07-06,930,930,Delivered
PO-18515,MED068,LOC001,SUP004,2026-06-30,2026-07-06,2026-07-06,4330,4330,Delivered
PO-18516,MED070,LOC001,SUP004,2026-06-30,2026-07-06,2026-07-06,590,590,Delivered
PO-18517,MED070,LOC002,SUP004,2026-06-30,2026-07-06,2026-07-06,220,220,Delivered
PO-18518,MED074,LOC006,SUP006,2026-06-30,2026-07-08,2026-07-08,70,70,Delivered
PO-18519,MED075,LOC001,SUP004,2026-06-30,2026-07-06,2026-07-06,810,810,Delivered
PO-18520,MED001,LOC001,SUP001,2026-07-01,2026-07-06,2026-07-06,920,920,Delivered
PO-18521,MED002,LOC007,SUP010,2026-07-01,2026-07-08,2026-07-08,50,50,Delivered
PO-18522,MED004,LOC001,SUP001,2026-07-01,2026-07-05,2026-07-05,370,370,Delivered
PO-18523,MED005,LOC004,SUP001,2026-07-01,2026-07-06,2026-07-06,60,60,Delivered
PO-18524,MED005,LOC006,SUP001,2026-07-01,2026-07-06,2026-07-06,390,390,Delivered
PO-18525,MED009,LOC004,SUP007,2026-07-01,2026-07-05,2026-07-05,230,230,Delivered
PO-18526,MED010,LOC007,SUP007,2026-07-01,2026-07-05,2026-07-05,60,60,Delivered
PO-18527,MED011,LOC006,SUP011,2026-07-01,2026-07-06,2026-07-06,430,430,Delivered
PO-18528,MED012,LOC005,SUP007,2026-07-01,2026-07-05,2026-07-05,290,290,Delivered
PO-18529,MED013,LOC002,SUP007,2026-07-01,2026-07-06,2026-07-06,100,100,Delivered
PO-18530,MED015,LOC002,SUP011,2026-07-01,2026-07-04,2026-07-04,220,220,Delivered
PO-18531,MED018,LOC007,SUP001,2026-07-01,2026-07-04,2026-07-04,110,110,Delivered
PO-18532,MED020,LOC006,SUP004,2026-07-01,2026-07-06,2026-07-06,840,840,Delivered
PO-18533,MED028,LOC007,SUP002,2026-07-01,2026-07-06,2026-07-06,50,50,Delivered
PO-18534,MED032,LOC005,SUP009,2026-07-01,2026-07-04,2026-07-04,230,230,Delivered
PO-18535,MED034,LOC005,SUP013,2026-07-01,2026-07-07,2026-07-07,100,100,Delivered
PO-18536,MED036,LOC004,SUP003,2026-07-01,2026-07-03,2026-07-03,330,330,Delivered
PO-18537,MED039,LOC003,SUP006,2026-07-01,2026-07-09,2026-07-09,50,50,Delivered
PO-18538,MED040,LOC003,SUP004,2026-07-01,2026-07-06,2026-07-06,140,140,Delivered
PO-18539,MED045,LOC006,SUP004,2026-07-01,2026-07-06,2026-07-06,580,580,Delivered
PO-18540,MED046,LOC005,SUP015,2026-07-01,2026-07-05,2026-07-05,350,350,Delivered
PO-18541,MED049,LOC004,SUP015,2026-07-01,2026-07-04,2026-07-04,390,390,Delivered
PO-18542,MED051,LOC002,SUP015,2026-07-01,2026-07-03,2026-07-03,680,680,Delivered
PO-18543,MED064,LOC006,SUP005,2026-07-01,2026-07-06,2026-07-06,1890,1890,Delivered
PO-18544,MED066,LOC001,SUP004,2026-07-01,2026-07-07,2026-07-07,1200,1200,Delivered
PO-18545,MED066,LOC005,SUP004,2026-07-01,2026-07-07,2026-07-07,450,450,Delivered
PO-18546,MED066,LOC007,SUP004,2026-07-01,2026-07-07,2026-07-07,90,90,Delivered
PO-18547,MED070,LOC003,SUP004,2026-07-01,2026-07-07,2026-07-07,440,440,Delivered
PO-18548,MED072,LOC006,SUP006,2026-07-01,2026-07-08,2026-07-08,60,60,Delivered
PO-18549,MED073,LOC002,SUP004,2026-07-01,2026-07-07,2026-07-07,90,90,Delivered
PO-18550,MED074,LOC003,SUP006,2026-07-01,2026-07-09,2026-07-09,110,110,Delivered
PO-18551,MED075,LOC006,SUP004,2026-07-01,2026-07-07,2026-07-07,610,610,Delivered
PO-18552,MED075,LOC007,SUP004,2026-07-01,2026-07-07,2026-07-07,50,50,Delivered
PO-18553,MED003,LOC004,SUP001,2026-07-02,2026-07-05,2026-07-05,60,60,Delivered
PO-18554,MED007,LOC005,SUP011,2026-07-02,2026-07-05,2026-07-05,510,510,Delivered
PO-18555,MED011,LOC005,SUP011,2026-07-02,2026-07-07,2026-07-07,190,190,Delivered
PO-18556,MED016,LOC006,SUP001,2026-07-02,2026-07-06,2026-07-06,1820,1820,Delivered
PO-18557,MED021,LOC007,SUP002,2026-07-02,2026-07-06,2026-07-06,120,120,Delivered
PO-18558,MED024,LOC003,SUP009,2026-07-02,2026-07-07,2026-07-07,1480,1480,Delivered
PO-18559,MED026,LOC005,SUP002,2026-07-02,2026-07-08,2026-07-08,820,820,Delivered
PO-18560,MED027,LOC007,SUP009,2026-07-02,2026-07-07,2026-07-07,50,50,Delivered
PO-18561,MED029,LOC006,SUP015,2026-07-02,2026-07-05,2026-07-05,220,220,Delivered
PO-18562,MED030,LOC001,SUP004,2026-07-02,2026-07-07,2026-07-07,230,230,Delivered
PO-18563,MED035,LOC006,SUP015,2026-07-02,2026-07-04,2026-07-04,220,220,Delivered
PO-18564,MED041,LOC006,SUP015,2026-07-02,2026-07-04,2026-07-04,190,190,Delivered
PO-18565,MED042,LOC002,SUP003,2026-07-02,2026-07-04,2026-07-07,320,320,Delayed
PO-18566,MED047,LOC003,SUP015,2026-07-02,2026-07-05,2026-07-05,590,590,Delivered
PO-18567,MED055,LOC005,SUP015,2026-07-02,2026-07-05,2026-07-05,380,380,Delivered
PO-18568,MED061,LOC005,SUP004,2026-07-02,2026-07-09,2026-07-09,200,200,Delivered
PO-18569,MED061,LOC007,SUP004,2026-07-02,2026-07-09,2026-07-09,50,50,Delivered
PO-18570,MED064,LOC001,SUP005,2026-07-02,2026-07-07,2026-07-07,2640,2640,Delivered
PO-18571,MED066,LOC003,SUP004,2026-07-02,2026-07-08,2026-07-09,1010,1010,Delayed
PO-18572,MED067,LOC001,SUP012,2026-07-02,2026-07-08,2026-07-08,1010,1010,Delivered
PO-18573,MED068,LOC003,SUP004,2026-07-02,2026-07-08,2026-07-08,3530,3530,Delivered
PO-18574,MED068,LOC006,SUP004,2026-07-02,2026-07-08,2026-07-08,4750,4750,Delivered
PO-18575,MED070,LOC006,SUP004,2026-07-02,2026-07-08,2026-07-08,400,400,Delivered
PO-18576,MED072,LOC005,SUP006,2026-07-02,2026-07-09,2026-07-09,50,50,Delivered
PO-18577,MED075,LOC003,SUP004,2026-07-02,2026-07-08,2026-07-08,690,690,Delivered
PO-18578,MED001,LOC003,SUP001,2026-07-03,2026-07-08,2026-07-08,750,750,Delivered
PO-18579,MED002,LOC006,SUP010,2026-07-03,2026-07-10,2026-07-10,740,740,Delivered
PO-18580,MED003,LOC006,SUP001,2026-07-03,2026-07-06,2026-07-06,380,380,Delivered
PO-18581,MED004,LOC003,SUP001,2026-07-03,2026-07-07,2026-07-07,330,330,Delivered
PO-18582,MED012,LOC006,SUP007,2026-07-03,2026-07-07,2026-07-07,590,590,Delivered
PO-18583,MED013,LOC004,SUP007,2026-07-03,2026-07-08,2026-07-08,70,70,Delivered
PO-18584,MED017,LOC006,SUP001,2026-07-03,2026-07-08,2026-07-09,1060,1060,Delayed
PO-18585,MED018,LOC005,SUP001,2026-07-03,2026-07-06,2026-07-06,570,570,Delivered
PO-18586,MED022,LOC007,SUP002,2026-07-03,2026-07-07,2026-07-08,80,80,Delayed
PO-18587,MED024,LOC004,SUP009,2026-07-03,2026-07-08,2026-07-08,300,300,Delivered
PO-18588,MED024,LOC006,SUP009,2026-07-03,2026-07-08,2026-07-08,1290,1290,Delivered
PO-18589,MED026,LOC006,SUP002,2026-07-03,2026-07-09,2026-07-09,1640,1640,Delivered
PO-18590,MED033,LOC001,SUP004,2026-07-03,2026-07-09,2026-07-09,210,210,Delivered
PO-18591,MED034,LOC004,SUP013,2026-07-03,2026-07-09,2026-07-09,50,50,Delivered
PO-18592,MED036,LOC006,SUP003,2026-07-03,2026-07-05,2026-07-05,1790,1790,Delivered
PO-18593,MED042,LOC005,SUP003,2026-07-03,2026-07-05,2026-07-05,280,280,Delivered
PO-18594,MED056,LOC001,SUP005,2026-07-03,2026-07-08,2026-07-08,820,820,Delivered
PO-18595,MED056,LOC007,SUP005,2026-07-03,2026-07-08,2026-07-08,60,60,Delivered
PO-18596,MED057,LOC004,SUP008,2026-07-03,2026-07-07,2026-07-07,260,260,Delivered
PO-18597,MED059,LOC003,SUP015,2026-07-03,2026-07-06,2026-07-06,540,540,Delivered
PO-18598,MED064,LOC003,SUP005,2026-07-03,2026-07-08,2026-07-08,2150,2150,Delivered
PO-18599,MED065,LOC005,SUP015,2026-07-03,2026-07-05,2026-07-05,320,320,Delivered
PO-18600,MED066,LOC002,SUP004,2026-07-03,2026-07-09,2026-07-09,520,520,Delivered
PO-18601,MED067,LOC004,SUP012,2026-07-03,2026-07-09,2026-07-09,130,130,Delivered
PO-18602,MED069,LOC004,SUP004,2026-07-03,2026-07-10,2026-07-10,460,460,Delivered
PO-18603,MED071,LOC005,SUP014,2026-07-03,2026-07-09,2026-07-09,50,50,Delivered
PO-18604,MED072,LOC001,SUP006,2026-07-03,2026-07-10,2026-07-10,80,80,Delivered
PO-18605,MED074,LOC001,SUP006,2026-07-03,2026-07-11,2026-07-11,100,100,Delivered
PO-18606,MED002,LOC001,SUP010,2026-07-04,2026-07-11,2026-07-11,630,630,Delivered
PO-18607,MED008,LOC003,SUP001,2026-07-04,2026-07-09,2026-07-09,540,540,Delivered
PO-18608,MED009,LOC005,SUP007,2026-07-04,2026-07-08,2026-07-08,520,520,Delivered
PO-18609,MED010,LOC006,SUP007,2026-07-04,2026-07-08,2026-07-08,760,760,Delivered
PO-18610,MED011,LOC002,SUP011,2026-07-04,2026-07-09,2026-07-09,220,220,Delivered
PO-18611,MED012,LOC004,SUP007,2026-07-04,2026-07-08,2026-07-08,100,100,Delivered
PO-18612,MED021,LOC005,SUP002,2026-07-04,2026-07-08,2026-07-08,550,550,Delivered
PO-18613,MED022,LOC003,SUP002,2026-07-04,2026-07-08,2026-07-08,830,830,Delivered
PO-18614,MED034,LOC002,SUP013,2026-07-04,2026-07-10,2026-07-10,130,130,Delivered
PO-18615,MED034,LOC003,SUP013,2026-07-04,2026-07-10,2026-07-10,280,280,Delivered
PO-18616,MED034,LOC006,SUP013,2026-07-04,2026-07-10,2026-07-10,280,280,Delivered
PO-18617,MED036,LOC003,SUP003,2026-07-04,2026-07-06,2026-07-06,1810,1810,Delivered
PO-18618,MED038,LOC005,SUP015,2026-07-04,2026-07-06,2026-07-06,60,60,Delivered
PO-18619,MED050,LOC002,SUP005,2026-07-04,2026-07-08,2026-07-08,970,970,Delivered
PO-18620,MED058,LOC001,SUP008,2026-07-04,2026-07-09,2026-07-09,770,770,Delivered
PO-18621,MED058,LOC004,SUP008,2026-07-04,2026-07-09,2026-07-09,280,280,Delivered
PO-18622,MED059,LOC004,SUP015,2026-07-04,2026-07-07,2026-07-07,110,110,Delivered
PO-18623,MED060,LOC003,SUP015,2026-07-04,2026-07-06,2026-07-06,80,80,Delivered
PO-18624,MED067,LOC006,SUP012,2026-07-04,2026-07-10,2026-07-10,770,770,Delivered
PO-18625,MED068,LOC005,SUP004,2026-07-04,2026-07-10,2026-07-10,1440,1440,Delivered
PO-18626,MED069,LOC005,SUP004,2026-07-04,2026-07-11,2026-07-11,1080,1080,Delivered
PO-18627,MED072,LOC003,SUP006,2026-07-04,2026-07-11,2026-07-11,70,70,Delivered
PO-18628,MED075,LOC005,SUP004,2026-07-04,2026-07-10,2026-07-10,310,310,Delivered
PO-18629,MED002,LOC005,SUP010,2026-07-05,2026-07-12,2026-07-12,210,210,Delivered
PO-18630,MED006,LOC001,SUP001,2026-07-05,2026-07-10,2026-07-10,1080,1080,Delivered
PO-18631,MED011,LOC004,SUP011,2026-07-05,2026-07-10,2026-07-10,100,100,Delivered
PO-18632,MED017,LOC003,SUP001,2026-07-05,2026-07-10,2026-07-10,1110,1110,Delivered
PO-18633,MED017,LOC007,SUP001,2026-07-05,2026-07-10,2026-07-10,100,100,Delivered
PO-18634,MED019,LOC001,SUP015,2026-07-05,2026-07-08,2026-07-08,1390,1390,Delivered
PO-18635,MED023,LOC004,SUP002,2026-07-05,2026-07-09,2026-07-12,180,180,Delayed
PO-18636,MED025,LOC005,SUP002,2026-07-05,2026-07-10,2026-07-10,550,550,Delivered
PO-18637,MED036,LOC001,SUP003,2026-07-05,2026-07-07,2026-07-07,2340,2340,Delivered
PO-18638,MED037,LOC004,SUP015,2026-07-05,2026-07-09,2026-07-09,370,370,Delivered
PO-18639,MED037,LOC006,SUP015,2026-07-05,2026-07-09,2026-07-10,1880,1880,Delayed
PO-18640,MED044,LOC006,SUP010,2026-07-05,2026-07-10,2026-07-10,400,400,Delivered
PO-18641,MED045,LOC001,SUP004,2026-07-05,2026-07-10,2026-07-10,750,750,Delivered
PO-18642,MED049,LOC006,SUP015,2026-07-05,2026-07-08,2026-07-08,1920,1920,Delivered
PO-18643,MED053,LOC002,SUP010,2026-07-05,2026-07-11,2026-07-11,130,130,Delivered
PO-18644,MED057,LOC002,SUP008,2026-07-05,2026-07-09,2026-07-10,290,290,Delayed
PO-18645,MED059,LOC002,SUP015,2026-07-05,2026-07-08,2026-07-08,240,240,Delivered
PO-18646,MED061,LOC001,SUP004,2026-07-05,2026-07-12,2026-07-12,750,750,Delivered
PO-18647,MED061,LOC006,SUP004,2026-07-05,2026-07-12,2026-07-13,530,530,Delayed
PO-18648,MED062,LOC002,SUP004,2026-07-05,2026-07-10,2026-07-10,550,550,Delivered
PO-18649,MED062,LOC004,SUP004,2026-07-05,2026-07-10,2026-07-10,200,200,Delivered
PO-18650,MED065,LOC006,SUP015,2026-07-05,2026-07-07,2026-07-07,670,670,Delivered
PO-18651,MED068,LOC002,SUP004,2026-07-05,2026-07-11,2026-07-11,1550,1550,Delivered
PO-18652,MED068,LOC004,SUP004,2026-07-05,2026-07-11,2026-07-11,600,600,Delivered
PO-18653,MED069,LOC002,SUP004,2026-07-05,2026-07-12,2026-07-12,1240,1240,Delivered
PO-18654,MED069,LOC003,SUP004,2026-07-05,2026-07-12,2026-07-12,2590,2590,Delivered
PO-18655,MED073,LOC006,SUP004,2026-07-05,2026-07-11,2026-07-11,160,160,Delivered
PO-18656,MED074,LOC005,SUP006,2026-07-05,2026-07-13,2026-07-13,50,50,Delivered
PO-18657,MED001,LOC006,SUP001,2026-07-06,2026-07-11,2026-07-11,1100,1100,Delivered
PO-18658,MED006,LOC004,SUP001,2026-07-06,2026-07-11,2026-07-11,180,180,Delivered
PO-18659,MED007,LOC003,SUP011,2026-07-06,2026-07-09,2026-07-09,1210,1210,Delivered
PO-18660,MED011,LOC003,SUP011,2026-07-06,2026-07-11,2026-07-11,360,360,Delivered
PO-18661,MED015,LOC006,SUP011,2026-07-06,2026-07-09,2026-07-09,460,460,Delivered
PO-18662,MED017,LOC001,SUP001,2026-07-06,2026-07-11,2026-07-12,1380,1380,Delayed
PO-18663,MED017,LOC004,SUP001,2026-07-06,2026-07-11,2026-07-11,210,210,Delivered
PO-18664,MED019,LOC006,SUP015,2026-07-06,2026-07-09,2026-07-09,930,930,Delivered
PO-18665,MED020,LOC003,SUP004,2026-07-06,2026-07-11,2026-07-11,790,790,Delivered
PO-18666,MED022,LOC002,SUP002,2026-07-06,2026-07-10,2026-07-10,410,410,Delivered
PO-18667,MED024,LOC001,SUP009,2026-07-06,2026-07-11,2026-07-11,1830,1830,Delivered
PO-18668,MED028,LOC006,SUP002,2026-07-06,2026-07-11,2026-07-11,560,560,Delivered
PO-18669,MED029,LOC003,SUP015,2026-07-06,2026-07-09,2026-07-09,270,270,Delivered
PO-18670,MED029,LOC007,SUP015,2026-07-06,2026-07-09,2026-07-09,50,50,Delivered
PO-18671,MED030,LOC002,SUP004,2026-07-06,2026-07-11,2026-07-11,110,110,Delivered
PO-18672,MED031,LOC005,SUP015,2026-07-06,2026-07-09,2026-07-09,460,460,Delivered
PO-18673,MED032,LOC004,SUP009,2026-07-06,2026-07-09,2026-07-10,100,100,Delayed
PO-18674,MED032,LOC007,SUP009,2026-07-06,2026-07-09,2026-07-09,60,60,Delivered
PO-18675,MED040,LOC004,SUP004,2026-07-06,2026-07-11,2026-07-11,50,50,Delivered
PO-18676,MED047,LOC006,SUP015,2026-07-06,2026-07-09,2026-07-09,570,570,Delivered
PO-18677,MED048,LOC005,SUP015,2026-07-06,2026-07-08,2026-07-08,180,180,Delivered
PO-18678,MED049,LOC003,SUP015,2026-07-06,2026-07-09,2026-07-09,2010,2010,Delivered
PO-18679,MED053,LOC001,SUP010,2026-07-06,2026-07-12,2026-07-12,290,290,Delivered
PO-18680,MED057,LOC006,SUP008,2026-07-06,2026-07-10,2026-07-10,520,520,Delivered
PO-18681,MED058,LOC005,SUP008,2026-07-06,2026-07-11,2026-07-11,280,280,Delivered
PO-18682,MED060,LOC002,SUP015,2026-07-06,2026-07-08,2026-07-08,50,50,Delivered
PO-18683,MED062,LOC001,SUP004,2026-07-06,2026-07-11,2026-07-11,1430,1430,Delivered
PO-18684,MED063,LOC005,SUP004,2026-07-06,2026-07-13,2026-07-13,150,150,Delivered
PO-18685,MED064,LOC007,SUP005,2026-07-06,2026-07-11,2026-07-11,170,170,Delivered
PO-18686,MED065,LOC004,SUP015,2026-07-06,2026-07-08,2026-07-08,150,150,Delivered
PO-18687,MED067,LOC005,SUP012,2026-07-06,2026-07-12,2026-07-12,340,340,Delivered
PO-18688,MED069,LOC001,SUP004,2026-07-06,2026-07-13,2026-07-13,3170,3170,Delivered
PO-18689,MED004,LOC004,SUP001,2026-07-07,2026-07-11,2026-07-11,60,60,Delivered
PO-18690,MED008,LOC006,SUP001,2026-07-07,2026-07-12,2026-07-12,480,480,Delivered
PO-18691,MED009,LOC007,SUP007,2026-07-07,2026-07-11,2026-07-11,100,100,Delivered
PO-18692,MED010,LOC004,SUP007,2026-07-07,2026-07-11,2026-07-11,150,150,Delivered
PO-18693,MED011,LOC001,SUP011,2026-07-07,2026-07-12,2026-07-12,540,540,Delivered
PO-18694,MED011,LOC007,SUP011,2026-07-07,2026-07-12,2026-07-12,150,150,Delivered
PO-18695,MED013,LOC003,SUP007,2026-07-07,2026-07-12,2026-07-12,240,240,Delivered
PO-18696,MED017,LOC005,SUP001,2026-07-07,2026-07-12,2026-07-12,500,500,Delivered
PO-18697,MED020,LOC001,SUP004,2026-07-07,2026-07-12,2026-07-12,1070,1070,Delivered
PO-18698,MED021,LOC003,SUP002,2026-07-07,2026-07-11,2026-07-11,1350,1350,Delivered
PO-18699,MED023,LOC002,SUP002,2026-07-07,2026-07-11,2026-07-11,410,410,Delivered
PO-18700,MED025,LOC004,SUP002,2026-07-07,2026-07-12,2026-07-12,300,300,Delivered
PO-18701,MED031,LOC001,SUP015,2026-07-07,2026-07-10,2026-07-10,1550,1550,Delivered
PO-18702,MED033,LOC006,SUP004,2026-07-07,2026-07-13,2026-07-14,140,140,Delayed
PO-18703,MED035,LOC002,SUP015,2026-07-07,2026-07-09,2026-07-09,110,110,Delivered
PO-18704,MED037,LOC001,SUP015,2026-07-07,2026-07-11,2026-07-11,2690,2690,Delivered
PO-18705,MED038,LOC001,SUP015,2026-07-07,2026-07-09,2026-07-09,130,130,Delivered
PO-18706,MED038,LOC002,SUP015,2026-07-07,2026-07-09,2026-07-09,50,50,Delivered
PO-18707,MED045,LOC002,SUP004,2026-07-07,2026-07-12,2026-07-12,330,330,Delivered
PO-18708,MED046,LOC007,SUP015,2026-07-07,2026-07-11,2026-07-11,80,80,Delivered
PO-18709,MED048,LOC002,SUP015,2026-07-07,2026-07-09,2026-07-09,180,180,Delivered
PO-18710,MED055,LOC003,SUP015,2026-07-07,2026-07-10,2026-07-10,850,850,Delivered
PO-18711,MED056,LOC005,SUP005,2026-07-07,2026-07-12,2026-07-12,320,320,Delivered
PO-18712,MED057,LOC001,SUP008,2026-07-07,2026-07-11,2026-07-11,760,760,Delivered
PO-18713,MED058,LOC006,SUP008,2026-07-07,2026-07-12,2026-07-12,540,540,Delivered
PO-18714,MED062,LOC007,SUP004,2026-07-07,2026-07-12,2026-07-12,100,100,Delivered
PO-18715,MED063,LOC001,SUP004,2026-07-07,2026-07-14,2026-07-14,470,470,Delivered
PO-18716,MED066,LOC004,SUP004,2026-07-07,2026-07-13,2026-07-14,200,200,Delayed
PO-18717,MED067,LOC007,SUP012,2026-07-07,2026-07-13,2026-07-13,60,60,Delivered
PO-18718,MED071,LOC006,SUP014,2026-07-07,2026-07-13,2026-07-13,110,110,Delivered
PO-18719,MED072,LOC002,SUP006,2026-07-07,2026-07-14,2026-07-14,50,50,Delivered
PO-18720,MED073,LOC004,SUP004,2026-07-07,2026-07-13,2026-07-13,50,50,Delivered
PO-18721,MED002,LOC004,SUP010,2026-07-08,2026-07-15,2026-07-15,90,90,Delivered
PO-18722,MED006,LOC003,SUP001,2026-07-08,2026-07-13,2026-07-13,870,870,Delivered
PO-18723,MED013,LOC001,SUP007,2026-07-08,2026-07-13,2026-07-13,310,310,Delivered
PO-18724,MED016,LOC001,SUP001,2026-07-08,2026-07-12,2026-07-12,2460,2460,Delivered
PO-18725,MED016,LOC003,SUP001,2026-07-08,2026-07-12,2026-07-12,1950,1950,Delivered
PO-18726,MED020,LOC007,SUP004,2026-07-08,2026-07-13,2026-07-14,250,250,Delayed
PO-18727,MED022,LOC004,SUP002,2026-07-08,2026-07-12,2026-07-12,180,180,Delivered
PO-18728,MED023,LOC007,SUP002,2026-07-08,2026-07-12,2026-07-12,80,80,Delivered
PO-18729,MED025,LOC003,SUP002,2026-07-08,2026-07-13,2026-07-13,1450,1450,Delivered
PO-18730,MED026,LOC007,SUP002,2026-07-08,2026-07-14,2026-07-14,140,140,Delivered
PO-18731,MED029,LOC002,SUP015,2026-07-08,2026-07-11,2026-07-11,110,110,Delivered
PO-18732,MED032,LOC001,SUP009,2026-07-08,2026-07-11,2026-07-11,660,660,Delivered
PO-18733,MED034,LOC001,SUP013,2026-07-08,2026-07-14,2026-07-15,340,340,Delayed
PO-18734,MED038,LOC003,SUP015,2026-07-08,2026-07-10,2026-07-10,100,100,Delivered
PO-18735,MED039,LOC004,SUP006,2026-07-08,2026-07-16,2026-07-16,50,50,Delivered
PO-18736,MED040,LOC001,SUP004,2026-07-08,2026-07-13,2026-07-13,170,170,Delivered
PO-18737,MED043,LOC004,SUP003,2026-07-08,2026-07-10,2026-07-10,50,50,Delivered
PO-18738,MED044,LOC004,SUP010,2026-07-08,2026-07-13,2026-07-13,80,80,Delivered
PO-18739,MED044,LOC007,SUP010,2026-07-08,2026-07-13,2026-07-13,50,50,Delivered
PO-18740,MED046,LOC001,SUP015,2026-07-08,2026-07-12,2026-07-12,1180,1180,Delivered
PO-18741,MED046,LOC006,SUP015,2026-07-08,2026-07-12,2026-07-12,860,860,Delivered
PO-18742,MED051,LOC005,SUP015,2026-07-08,2026-07-10,2026-07-10,620,620,Delivered
PO-18743,MED052,LOC004,SUP015,2026-07-08,2026-07-11,2026-07-11,60,60,Delivered
PO-18744,MED053,LOC004,SUP010,2026-07-08,2026-07-14,2026-07-16,50,50,Delayed
PO-18745,MED056,LOC003,SUP005,2026-07-08,2026-07-13,2026-07-13,730,730,Delivered
PO-18746,MED061,LOC003,SUP004,2026-07-08,2026-07-15,2026-07-16,540,540,Delayed
PO-18747,MED062,LOC006,SUP004,2026-07-08,2026-07-13,2026-07-14,960,960,Delayed
PO-18748,MED064,LOC002,SUP005,2026-07-08,2026-07-13,2026-07-13,1010,1010,Delivered
PO-18749,MED069,LOC007,SUP004,2026-07-08,2026-07-15,2026-07-17,200,200,Delayed
PO-18750,MED007,LOC004,SUP011,2026-07-09,2026-07-12,2026-07-12,240,240,Delivered
PO-18751,MED008,LOC002,SUP001,2026-07-09,2026-07-14,2026-07-14,240,240,Delivered
PO-18752,MED008,LOC005,SUP001,2026-07-09,2026-07-14,2026-07-14,190,190,Delivered
PO-18753,MED008,LOC007,SUP001,2026-07-09,2026-07-14,2026-07-14,160,160,Delivered
PO-18754,MED010,LOC003,SUP007,2026-07-09,2026-07-13,2026-07-13,810,810,Delivered
PO-18755,MED012,LOC001,SUP007,2026-07-09,2026-07-13,2026-07-13,850,850,Delivered
PO-18756,MED016,LOC004,SUP001,2026-07-09,2026-07-13,2026-07-13,340,340,Delivered
PO-18757,MED017,LOC002,SUP001,2026-07-09,2026-07-14,2026-07-14,590,590,Delivered
PO-18758,MED018,LOC001,SUP001,2026-07-09,2026-07-12,2026-07-14,1760,1760,Delayed
PO-18759,MED019,LOC003,SUP015,2026-07-09,2026-07-12,2026-07-12,980,980,Delivered
PO-18760,MED020,LOC004,SUP004,2026-07-09,2026-07-14,2026-07-14,120,120,Delivered
PO-18761,MED020,LOC005,SUP004,2026-07-09,2026-07-14,2026-07-14,330,330,Delivered
PO-18762,MED024,LOC002,SUP009,2026-07-09,2026-07-14,2026-07-14,700,700,Delivered
PO-18763,MED025,LOC006,SUP002,2026-07-09,2026-07-14,2026-07-14,1310,1310,Delivered
PO-18764,MED027,LOC001,SUP009,2026-07-09,2026-07-14,2026-07-14,690,690,Delivered
PO-18765,MED042,LOC001,SUP003,2026-07-09,2026-07-11,2026-07-11,820,820,Delivered
PO-18766,MED043,LOC005,SUP003,2026-07-09,2026-07-11,2026-07-11,100,100,Delivered
PO-18767,MED044,LOC003,SUP010,2026-07-09,2026-07-14,2026-07-14,420,420,Delivered
PO-18768,MED047,LOC002,SUP015,2026-07-09,2026-07-12,2026-07-12,290,290,Delivered
PO-18769,MED050,LOC005,SUP005,2026-07-09,2026-07-13,2026-07-16,840,840,Delayed
PO-18770,MED056,LOC004,SUP005,2026-07-09,2026-07-14,2026-07-14,370,370,Delivered
PO-18771,MED056,LOC006,SUP005,2026-07-09,2026-07-14,2026-07-14,620,620,Delivered
PO-18772,MED058,LOC003,SUP008,2026-07-09,2026-07-14,2026-07-14,670,670,Delivered
PO-18773,MED063,LOC006,SUP004,2026-07-09,2026-07-16,2026-07-16,360,360,Delivered
PO-18774,MED067,LOC002,SUP012,2026-07-09,2026-07-15,2026-07-15,420,420,Delivered
PO-18775,MED069,LOC006,SUP004,2026-07-09,2026-07-16,2026-07-16,3610,3610,Delivered
PO-18776,MED071,LOC003,SUP014,2026-07-09,2026-07-15,2026-07-15,130,130,Delivered
PO-18777,MED001,LOC005,SUP001,2026-07-10,2026-07-15,2026-07-15,350,350,Delivered
PO-18778,MED002,LOC003,SUP010,2026-07-10,2026-07-17,2026-07-17,550,550,Delivered
PO-18779,MED003,LOC002,SUP001,2026-07-10,2026-07-13,2026-07-13,140,140,Delivered
PO-18780,MED003,LOC005,SUP001,2026-07-10,2026-07-13,2026-07-13,120,120,Delivered
PO-18781,MED004,LOC002,SUP001,2026-07-10,2026-07-14,2026-07-14,140,140,Delivered
PO-18782,MED005,LOC003,SUP001,2026-07-10,2026-07-15,2026-07-15,280,280,Delivered
PO-18783,MED006,LOC006,SUP001,2026-07-10,2026-07-15,2026-07-15,1230,1230,Delivered
PO-18784,MED007,LOC001,SUP011,2026-07-10,2026-07-13,2026-07-13,1640,1640,Delivered
PO-18785,MED009,LOC002,SUP007,2026-07-10,2026-07-14,2026-07-14,640,640,Delivered
PO-18786,MED009,LOC006,SUP007,2026-07-10,2026-07-14,2026-07-14,1160,1160,Delivered
PO-18787,MED012,LOC003,SUP007,2026-07-10,2026-07-14,2026-07-14,680,680,Delivered
PO-18788,MED013,LOC002,SUP007,2026-07-10,2026-07-15,2026-07-15,140,140,Delivered
PO-18789,MED015,LOC001,SUP011,2026-07-10,2026-07-13,2026-07-13,650,650,Delivered
PO-18790,MED020,LOC002,SUP004,2026-07-10,2026-07-15,2026-07-15,400,400,Delivered
PO-18791,MED021,LOC001,SUP002,2026-07-10,2026-07-14,2026-07-14,1780,1780,Delivered
PO-18792,MED022,LOC001,SUP002,2026-07-10,2026-07-14,2026-07-14,1030,1030,Delivered
PO-18793,MED024,LOC007,SUP009,2026-07-10,2026-07-15,2026-07-15,130,130,Delivered
PO-18794,MED025,LOC001,SUP002,2026-07-10,2026-07-15,2026-07-15,1680,1680,Delivered
PO-18795,MED027,LOC003,SUP009,2026-07-10,2026-07-15,2026-07-15,550,550,Delivered
PO-18796,MED027,LOC004,SUP009,2026-07-10,2026-07-15,2026-07-15,100,100,Delivered
PO-18797,MED027,LOC005,SUP009,2026-07-10,2026-07-15,2026-07-15,230,230,Delivered
PO-18798,MED028,LOC001,SUP002,2026-07-10,2026-07-15,2026-07-15,730,730,Delivered
PO-18799,MED030,LOC005,SUP004,2026-07-10,2026-07-15,2026-07-15,80,80,Delivered
PO-18800,MED033,LOC002,SUP004,2026-07-10,2026-07-16,2026-07-16,70,70,Delivered
PO-18801,MED037,LOC002,SUP015,2026-07-10,2026-07-14,2026-07-14,1030,1030,Delivered
PO-18802,MED039,LOC001,SUP006,2026-07-10,2026-07-18,2026-07-18,80,80,Delivered
PO-18803,MED040,LOC005,SUP004,2026-07-10,2026-07-15,2026-07-17,70,70,Delayed
PO-18804,MED040,LOC007,SUP004,2026-07-10,2026-07-15,2026-07-15,50,50,Delivered
PO-18805,MED043,LOC003,SUP003,2026-07-10,2026-07-12,2026-07-12,220,220,Delivered
PO-18806,MED044,LOC001,SUP010,2026-07-10,2026-07-15,2026-07-15,580,580,Delivered
PO-18807,MED047,LOC001,SUP015,2026-07-10,2026-07-13,2026-07-16,730,730,Delayed
PO-18808,MED050,LOC004,SUP005,2026-07-10,2026-07-14,2026-07-17,930,930,Delayed
PO-18809,MED058,LOC007,SUP008,2026-07-10,2026-07-15,2026-07-18,50,50,Delayed
PO-18810,MED059,LOC005,SUP015,2026-07-10,2026-07-13,2026-07-13,220,220,Delivered
PO-18811,MED061,LOC002,SUP004,2026-07-10,2026-07-17,2026-07-17,290,290,Delivered
PO-18812,MED061,LOC004,SUP004,2026-07-10,2026-07-17,2026-07-17,100,100,Delivered
PO-18813,MED062,LOC003,SUP004,2026-07-10,2026-07-15,2026-07-15,1130,1130,Delivered
PO-18814,MED064,LOC004,SUP005,2026-07-10,2026-07-15,2026-07-15,380,380,Delivered
PO-18815,MED065,LOC002,SUP015,2026-07-10,2026-07-12,2026-07-12,350,350,Delivered
PO-18816,MED070,LOC005,SUP004,2026-07-10,2026-07-16,2026-07-16,140,140,Delivered
PO-18817,MED001,LOC004,SUP001,2026-07-11,2026-07-16,2026-07-16,160,160,Delivered
PO-18818,MED004,LOC005,SUP001,2026-07-11,2026-07-15,2026-07-15,140,140,Delivered
PO-18819,MED004,LOC006,SUP001,2026-07-11,2026-07-15,2026-07-15,410,410,Delivered
PO-18820,MED005,LOC005,SUP001,2026-07-11,2026-07-16,2026-07-16,120,120,Delivered
PO-18821,MED006,LOC005,SUP001,2026-07-11,2026-07-16,2026-07-16,410,410,Delivered
PO-18822,MED014,LOC006,SUP007,2026-07-11,2026-07-14,2026-07-14,360,360,Delivered
PO-18823,MED018,LOC006,SUP001,2026-07-11,2026-07-14,2026-07-14,1260,1260,Delivered
PO-18824,MED023,LOC005,SUP002,2026-07-11,2026-07-15,2026-07-15,350,350,Delivered
PO-18825,MED026,LOC001,SUP002,2026-07-11,2026-07-17,2026-07-17,2500,2500,Delivered
PO-18826,MED026,LOC003,SUP002,2026-07-11,2026-07-17,2026-07-17,1780,1780,Delivered
PO-18827,MED027,LOC006,SUP009,2026-07-11,2026-07-16,2026-07-16,480,480,Delivered
PO-18828,MED030,LOC006,SUP004,2026-07-11,2026-07-16,2026-07-16,220,220,Delivered
PO-18829,MED031,LOC006,SUP015,2026-07-11,2026-07-14,2026-07-14,1050,1050,Delivered
PO-18830,MED033,LOC005,SUP004,2026-07-11,2026-07-17,2026-07-17,70,70,Delivered
PO-18831,MED035,LOC001,SUP015,2026-07-11,2026-07-13,2026-07-13,280,280,Delivered
PO-18832,MED039,LOC002,SUP006,2026-07-11,2026-07-19,2026-07-19,50,50,Delivered
PO-18833,MED039,LOC006,SUP006,2026-07-11,2026-07-19,2026-07-19,70,70,Delivered
PO-18834,MED043,LOC006,SUP003,2026-07-11,2026-07-13,2026-07-13,200,200,Delivered
PO-18835,MED044,LOC002,SUP010,2026-07-11,2026-07-16,2026-07-17,240,240,Delayed
PO-18836,MED045,LOC004,SUP004,2026-07-11,2026-07-16,2026-07-16,120,120,Delivered
PO-18837,MED050,LOC006,SUP005,2026-07-11,2026-07-15,2026-07-15,1830,1830,Delivered
PO-18838,MED051,LOC007,SUP015,2026-07-11,2026-07-13,2026-07-13,100,100,Delivered
PO-18839,MED052,LOC005,SUP015,2026-07-11,2026-07-14,2026-07-14,150,150,Delivered
PO-18840,MED055,LOC001,SUP015,2026-07-11,2026-07-14,2026-07-14,1050,1050,Delivered
PO-18841,MED056,LOC002,SUP005,2026-07-11,2026-07-16,2026-07-16,360,360,Delivered
PO-18842,MED063,LOC002,SUP004,2026-07-11,2026-07-18,2026-07-18,180,180,Delivered
PO-18843,MED064,LOC005,SUP005,2026-07-11,2026-07-16,2026-07-16,840,840,Delivered
PO-18844,MED073,LOC001,SUP004,2026-07-11,2026-07-17,2026-07-17,220,220,Delivered
PO-18845,MED074,LOC004,SUP006,2026-07-11,2026-07-19,2026-07-19,50,50,Delivered
PO-18846,MED001,LOC002,SUP001,2026-07-12,2026-07-17,2026-07-17,370,370,Delivered
PO-18847,MED002,LOC002,SUP010,2026-07-12,2026-07-19,2026-07-19,230,230,Delivered
PO-18848,MED005,LOC001,SUP001,2026-07-12,2026-07-17,2026-07-17,350,350,Delivered
PO-18849,MED005,LOC002,SUP001,2026-07-12,2026-07-17,2026-07-17,140,140,Delivered
PO-18850,MED007,LOC002,SUP011,2026-07-12,2026-07-15,2026-07-15,580,580,Delivered
PO-18851,MED007,LOC006,SUP011,2026-07-12,2026-07-15,2026-07-15,1130,1130,Delivered
PO-18852,MED012,LOC002,SUP007,2026-07-12,2026-07-16,2026-07-16,360,360,Delivered
PO-18853,MED015,LOC007,SUP011,2026-07-12,2026-07-15,2026-07-15,130,130,Delivered
PO-18854,MED021,LOC002,SUP002,2026-07-12,2026-07-16,2026-07-16,690,690,Delivered
PO-18855,MED023,LOC006,SUP002,2026-07-12,2026-07-16,2026-07-16,770,770,Delivered
PO-18856,MED025,LOC002,SUP002,2026-07-12,2026-07-17,2026-07-17,670,670,Delivered
PO-18857,MED027,LOC002,SUP009,2026-07-12,2026-07-17,2026-07-17,300,300,Delivered
PO-18858,MED028,LOC003,SUP002,2026-07-12,2026-07-17,2026-07-17,570,570,Delivered
PO-18859,MED028,LOC004,SUP002,2026-07-12,2026-07-17,2026-07-17,120,120,Delivered
PO-18860,MED036,LOC005,SUP003,2026-07-12,2026-07-14,2026-07-14,800,800,Delivered
PO-18861,MED041,LOC005,SUP015,2026-07-12,2026-07-14,2026-07-14,80,80,Delivered
PO-18862,MED042,LOC003,SUP003,2026-07-12,2026-07-14,2026-07-14,640,640,Delivered
PO-18863,MED047,LOC005,SUP015,2026-07-12,2026-07-15,2026-07-15,230,230,Delivered
PO-18864,MED050,LOC001,SUP005,2026-07-12,2026-07-16,2026-07-16,2580,2580,Delivered
PO-18865,MED053,LOC005,SUP010,2026-07-12,2026-07-18,2026-07-18,100,100,Delivered
PO-18866,MED054,LOC004,SUP015,2026-07-12,2026-07-14,2026-07-14,60,60,Delivered
PO-18867,MED055,LOC002,SUP015,2026-07-12,2026-07-15,2026-07-15,440,440,Delivered
PO-18868,MED055,LOC006,SUP015,2026-07-12,2026-07-15,2026-07-15,820,820,Delivered
PO-18869,MED059,LOC007,SUP015,2026-07-12,2026-07-15,2026-07-15,50,50,Delivered
PO-18870,MED063,LOC003,SUP004,2026-07-12,2026-07-19,2026-07-19,380,380,Delivered
PO-18871,MED071,LOC002,SUP014,2026-07-12,2026-07-18,2026-07-18,80,80,Delivered
PO-18872,MED072,LOC001,SUP006,2026-07-12,2026-07-19,2026-07-19,90,90,Delivered
PO-18873,MED073,LOC005,SUP004,2026-07-12,2026-07-18,2026-07-18,70,70,Delivered
PO-18874,MED007,LOC007,SUP011,2026-07-13,2026-07-16,2026-07-16,350,350,Delivered
PO-18875,MED008,LOC004,SUP001,2026-07-13,2026-07-18,2026-07-18,110,110,Delivered
PO-18876,MED009,LOC001,SUP007,2026-07-13,2026-07-17,2026-07-17,1720,1720,Delivered
PO-18877,MED009,LOC004,SUP007,2026-07-13,2026-07-17,2026-07-17,280,280,Delivered
PO-18878,MED010,LOC001,SUP007,2026-07-13,2026-07-17,2026-07-17,1090,1090,Delivered
PO-18879,MED018,LOC004,SUP001,2026-07-13,2026-07-16,2026-07-16,220,220,Delivered
PO-18880,MED019,LOC005,SUP015,2026-07-13,2026-07-16,2026-07-16,490,490,Delivered
PO-18881,MED025,LOC007,SUP002,2026-07-13,2026-07-18,2026-07-18,120,120,Delivered
PO-18882,MED028,LOC002,SUP002,2026-07-13,2026-07-18,2026-07-18,290,290,Delivered
PO-18883,MED028,LOC007,SUP002,2026-07-13,2026-07-18,2026-07-18,50,50,Delivered
PO-18884,MED031,LOC003,SUP015,2026-07-13,2026-07-16,2026-07-16,1160,1160,Delivered
PO-18885,MED035,LOC005,SUP015,2026-07-13,2026-07-15,2026-07-15,100,100,Delivered
PO-18886,MED037,LOC003,SUP015,2026-07-13,2026-07-17,2026-07-17,2050,2050,Delivered
PO-18887,MED037,LOC007,SUP015,2026-07-13,2026-07-17,2026-07-17,150,150,Delivered
PO-18888,MED041,LOC002,SUP015,2026-07-13,2026-07-15,2026-07-15,140,140,Delivered
PO-18889,MED042,LOC004,SUP003,2026-07-13,2026-07-15,2026-07-15,120,120,Delivered
PO-18890,MED042,LOC007,SUP003,2026-07-13,2026-07-15,2026-07-15,50,50,Delivered
PO-18891,MED043,LOC001,SUP003,2026-07-13,2026-07-15,2026-07-15,320,320,Delivered
PO-18892,MED045,LOC005,SUP004,2026-07-13,2026-07-18,2026-07-18,270,270,Delivered
PO-18893,MED045,LOC007,SUP004,2026-07-13,2026-07-18,2026-07-18,60,60,Delivered
PO-18894,MED046,LOC004,SUP015,2026-07-13,2026-07-17,2026-07-17,180,180,Delivered
PO-18895,MED048,LOC001,SUP015,2026-07-13,2026-07-15,2026-07-15,510,510,Delivered
PO-18896,MED048,LOC003,SUP015,2026-07-13,2026-07-15,2026-07-15,370,370,Delivered
PO-18897,MED049,LOC001,SUP015,2026-07-13,2026-07-16,2026-07-16,2580,2580,Delivered
PO-18898,MED050,LOC003,SUP005,2026-07-13,2026-07-17,2026-07-17,1930,1930,Delivered
PO-18899,MED052,LOC001,SUP015,2026-07-13,2026-07-16,2026-07-16,490,490,Delivered
PO-18900,MED053,LOC003,SUP010,2026-07-13,2026-07-19,2026-07-19,250,250,Delivered
PO-18901,MED054,LOC003,SUP015,2026-07-13,2026-07-15,2026-07-15,370,370,Delivered
PO-18902,MED057,LOC007,SUP008,2026-07-13,2026-07-17,2026-07-18,50,50,Delayed
PO-18903,MED060,LOC001,SUP015,2026-07-13,2026-07-15,2026-07-15,100,100,Delivered
PO-18904,MED062,LOC005,SUP004,2026-07-13,2026-07-18,2026-07-18,430,430,Delivered
PO-18905,MED063,LOC004,SUP004,2026-07-13,2026-07-20,2026-07-20,70,70,Delivered
PO-18906,MED066,LOC006,SUP004,2026-07-13,2026-07-19,2026-07-19,930,930,Delivered
PO-18907,MED067,LOC003,SUP012,2026-07-13,2026-07-19,2026-07-19,740,740,Delivered
PO-18908,MED068,LOC007,SUP004,2026-07-13,2026-07-19,2026-07-19,250,250,Delivered
PO-18909,MED072,LOC006,SUP006,2026-07-13,2026-07-20,2026-07-20,70,70,Delivered
PO-18910,MED003,LOC001,SUP001,2026-07-14,2026-07-17,2026-07-17,380,380,Delivered
PO-18911,MED006,LOC002,SUP001,2026-07-14,2026-07-19,2026-07-19,440,440,Delivered
PO-18912,MED011,LOC006,SUP011,2026-07-14,2026-07-19,2026-07-19,440,440,Delivered
PO-18913,MED012,LOC004,SUP007,2026-07-14,2026-07-18,2026-07-19,140,140,Delayed
PO-18914,MED016,LOC002,SUP001,2026-07-14,2026-07-18,2026-07-18,1040,1040,Delivered
PO-18915,MED021,LOC004,SUP002,2026-07-14,2026-07-18,2026-07-18,230,230,Delivered
PO-18916,MED021,LOC006,SUP002,2026-07-14,2026-07-18,2026-07-18,1270,1270,Delivered
PO-18917,MED022,LOC005,SUP002,2026-07-14,2026-07-18,2026-07-18,350,350,Delivered
PO-18918,MED022,LOC006,SUP002,2026-07-14,2026-07-18,2026-07-18,730,730,Delivered
PO-18919,MED032,LOC002,SUP009,2026-07-14,2026-07-17,2026-07-17,270,270,Delivered
PO-18920,MED032,LOC003,SUP009,2026-07-14,2026-07-17,2026-07-17,580,580,Delivered
PO-18921,MED037,LOC005,SUP015,2026-07-14,2026-07-18,2026-07-18,830,830,Delivered
PO-18922,MED044,LOC005,SUP010,2026-07-14,2026-07-19,2026-07-19,200,200,Delivered
PO-18923,MED046,LOC002,SUP015,2026-07-14,2026-07-18,2026-07-18,480,480,Delivered
PO-18924,MED046,LOC003,SUP015,2026-07-14,2026-07-18,2026-07-18,890,890,Delivered
PO-18925,MED049,LOC002,SUP015,2026-07-14,2026-07-17,2026-07-17,1030,1030,Delivered
PO-18926,MED050,LOC007,SUP005,2026-07-14,2026-07-18,2026-07-18,180,180,Delivered
PO-18927,MED052,LOC003,SUP015,2026-07-14,2026-07-17,2026-07-17,370,370,Delivered
PO-18928,MED052,LOC006,SUP015,2026-07-14,2026-07-17,2026-07-17,330,330,Delivered
PO-18929,MED053,LOC006,SUP010,2026-07-14,2026-07-20,2026-07-20,340,340,Delivered
PO-18930,MED054,LOC006,SUP015,2026-07-14,2026-07-16,2026-07-16,330,330,Delivered
PO-18931,MED055,LOC004,SUP015,2026-07-14,2026-07-17,2026-07-17,160,160,Delivered
PO-18932,MED057,LOC003,SUP008,2026-07-14,2026-07-18,2026-07-18,590,590,Delivered
PO-18933,MED061,LOC005,SUP004,2026-07-14,2026-07-21,2026-07-21,220,220,Delivered
PO-18934,MED065,LOC001,SUP015,2026-07-14,2026-07-16,2026-07-16,920,920,Delivered
PO-18935,MED065,LOC007,SUP015,2026-07-14,2026-07-16,2026-07-16,70,70,Delivered
PO-18936,MED066,LOC001,SUP004,2026-07-14,2026-07-20,2026-07-20,1280,1280,Delivered
PO-18937,MED067,LOC004,SUP012,2026-07-14,2026-07-20,2026-07-20,150,150,Delivered
PO-18938,MED068,LOC001,SUP004,2026-07-14,2026-07-20,2026-07-20,4530,4530,Delivered
PO-18939,MED071,LOC001,SUP014,2026-07-14,2026-07-20,2026-07-20,130,130,Delivered
PO-18940,MED073,LOC003,SUP004,2026-07-14,2026-07-20,2026-07-20,160,160,Delivered
PO-18941,MED074,LOC002,SUP006,2026-07-14,2026-07-22,2026-07-22,50,50,Delivered
PO-18942,MED001,LOC001,SUP001,2026-07-15,2026-07-20,2026-07-20,930,930,Delivered
PO-18943,MED005,LOC006,SUP001,2026-07-15,2026-07-20,2026-07-20,410,410,Delivered
PO-18944,MED008,LOC001,SUP001,2026-07-15,2026-07-20,2026-07-20,650,650,Delivered
PO-18945,MED009,LOC003,SUP007,2026-07-15,2026-07-19,2026-07-19,1240,1240,Delivered
PO-18946,MED013,LOC006,SUP007,2026-07-15,2026-07-20,2026-07-20,240,240,Delivered
PO-18947,MED014,LOC004,SUP007,2026-07-15,2026-07-18,2026-07-18,70,70,Delivered
PO-18948,MED015,LOC002,SUP011,2026-07-15,2026-07-18,2026-07-18,260,260,Delivered
PO-18949,MED015,LOC003,SUP011,2026-07-15,2026-07-18,2026-07-20,500,500,Delayed
PO-18950,MED015,LOC005,SUP011,2026-07-15,2026-07-18,2026-07-18,210,210,Delivered
PO-18951,MED023,LOC001,SUP002,2026-07-15,2026-07-19,2026-07-19,1010,1010,Delivered
PO-18952,MED026,LOC002,SUP002,2026-07-15,2026-07-21,2026-07-21,980,980,Delivered
PO-18953,MED034,LOC005,SUP013,2026-07-15,2026-07-21,2026-07-21,110,110,Delivered
PO-18954,MED045,LOC003,SUP004,2026-07-15,2026-07-20,2026-07-20,590,590,Delivered
PO-18955,MED046,LOC005,SUP015,2026-07-15,2026-07-19,2026-07-19,400,400,Delivered
PO-18956,MED049,LOC007,SUP015,2026-07-15,2026-07-18,2026-07-18,140,140,Delivered
PO-18957,MED051,LOC006,SUP015,2026-07-15,2026-07-17,2026-07-17,1480,1480,Delivered
PO-18958,MED057,LOC005,SUP008,2026-07-15,2026-07-19,2026-07-19,280,280,Delivered
PO-18959,MED058,LOC002,SUP008,2026-07-15,2026-07-20,2026-07-20,300,300,Delivered
PO-18960,MED059,LOC001,SUP015,2026-07-15,2026-07-18,2026-07-18,710,710,Delivered
PO-18961,MED059,LOC006,SUP015,2026-07-15,2026-07-18,2026-07-18,490,490,Delivered
PO-18962,MED060,LOC004,SUP015,2026-07-15,2026-07-17,2026-07-17,50,50,Delivered
PO-18963,MED064,LOC006,SUP005,2026-07-15,2026-07-20,2026-07-20,1960,1960,Delivered
PO-18964,MED067,LOC001,SUP012,2026-07-15,2026-07-21,2026-07-21,1140,1140,Delivered
PO-18965,MED070,LOC002,SUP004,2026-07-15,2026-07-21,2026-07-21,240,240,Delivered
PO-18966,MED071,LOC004,SUP014,2026-07-15,2026-07-21,2026-07-21,50,50,Delivered
PO-18967,MED075,LOC002,SUP004,2026-07-15,2026-07-21,2026-07-21,340,340,Delivered
PO-18968,MED002,LOC001,SUP010,2026-07-16,2026-07-23,2026-07-23,680,680,Delivered
PO-18969,MED010,LOC002,SUP007,2026-07-16,2026-07-20,2026-07-20,410,410,Delivered
PO-18970,MED010,LOC007,SUP007,2026-07-16,2026-07-20,2026-07-20,60,60,Delivered
PO-18971,MED013,LOC005,SUP007,2026-07-16,2026-07-21,2026-07-21,110,110,Delivered
PO-18972,MED014,LOC001,SUP007,2026-07-16,2026-07-19,2026-07-19,500,500,Delivered
PO-18973,MED014,LOC005,SUP007,2026-07-16,2026-07-19,2026-07-19,140,140,Delivered
PO-18974,MED017,LOC006,SUP001,2026-07-16,2026-07-21,2026-07-21,1190,1190,Delivered
PO-18975,MED024,LOC005,SUP009,2026-07-16,2026-07-21,2026-07-21,570,570,Delivered
PO-18976,MED026,LOC005,SUP002,2026-07-16,2026-07-22,2026-07-22,830,830,Delivered
PO-18977,MED028,LOC005,SUP002,2026-07-16,2026-07-21,2026-07-21,270,270,Delivered
PO-18978,MED030,LOC003,SUP004,2026-07-16,2026-07-21,2026-07-21,180,180,Delivered
PO-18979,MED031,LOC007,SUP015,2026-07-16,2026-07-19,2026-07-19,100,100,Delivered
PO-18980,MED034,LOC006,SUP013,2026-07-16,2026-07-22,2026-07-22,290,290,Delivered
PO-18981,MED036,LOC002,SUP003,2026-07-16,2026-07-18,2026-07-18,990,990,Delivered
PO-18982,MED042,LOC006,SUP003,2026-07-16,2026-07-18,2026-07-18,630,630,Delivered
PO-18983,MED045,LOC006,SUP004,2026-07-16,2026-07-21,2026-07-21,660,660,Delivered
PO-18984,MED054,LOC001,SUP015,2026-07-16,2026-07-18,2026-07-18,430,430,Delivered
PO-18985,MED061,LOC007,SUP004,2026-07-16,2026-07-23,2026-07-23,50,50,Delivered
PO-18986,MED065,LOC003,SUP015,2026-07-16,2026-07-18,2026-07-18,720,720,Delivered
PO-18987,MED066,LOC003,SUP004,2026-07-16,2026-07-22,2026-07-22,1020,1020,Delivered
PO-18988,MED066,LOC005,SUP004,2026-07-16,2026-07-22,2026-07-22,500,500,Delivered
PO-18989,MED068,LOC002,SUP004,2026-07-16,2026-07-22,2026-07-22,1750,1750,Delivered
PO-18990,MED068,LOC003,SUP004,2026-07-16,2026-07-22,2026-07-22,3580,3580,Delivered
PO-18991,MED068,LOC006,SUP004,2026-07-16,2026-07-22,2026-07-24,4830,4830,Delayed
PO-18992,MED069,LOC002,SUP004,2026-07-16,2026-07-23,2026-07-23,1390,1390,Delivered
PO-18993,MED069,LOC004,SUP004,2026-07-16,2026-07-23,2026-07-26,430,430,Delayed
PO-18994,MED070,LOC001,SUP004,2026-07-16,2026-07-22,2026-07-22,590,590,Delivered
PO-18995,MED070,LOC003,SUP004,2026-07-16,2026-07-22,2026-07-22,410,410,Delivered
PO-18996,MED070,LOC006,SUP004,2026-07-16,2026-07-22,2026-07-22,420,420,Delivered
PO-18997,MED071,LOC005,SUP014,2026-07-16,2026-07-22,2026-07-22,60,60,Delivered
PO-18998,MED073,LOC002,SUP004,2026-07-16,2026-07-22,2026-07-22,110,110,Delivered
PO-18999,MED074,LOC006,SUP006,2026-07-16,2026-07-24,2026-07-24,70,70,Delivered
PO-19000,MED075,LOC001,SUP004,2026-07-16,2026-07-22,2026-07-22,890,890,Delivered
PO-19001,MED004,LOC001,SUP001,2026-07-17,2026-07-21,2026-07-21,400,400,Delivered
PO-19002,MED005,LOC007,SUP001,2026-07-17,2026-07-22,2026-07-22,50,50,Delivered
PO-19003,MED011,LOC003,SUP011,2026-07-17,2026-07-22,2026-07-22,410,410,Delivered
PO-19004,MED014,LOC002,SUP007,2026-07-17,2026-07-20,2026-07-20,180,180,Delivered
PO-19005,MED016,LOC005,SUP001,2026-07-17,2026-07-21,2026-07-21,850,850,Delivered
PO-19006,MED019,LOC007,SUP015,2026-07-17,2026-07-20,2026-07-20,90,90,Delivered
PO-19007,MED020,LOC004,SUP004,2026-07-17,2026-07-22,2026-07-22,150,150,Delivered
PO-19008,MED023,LOC003,SUP002,2026-07-17,2026-07-21,2026-07-21,840,840,Delivered
PO-19009,MED024,LOC006,SUP009,2026-07-17,2026-07-22,2026-07-22,1390,1390,Delivered
PO-19010,MED025,LOC005,SUP002,2026-07-17,2026-07-22,2026-07-22,580,580,Delivered
PO-19011,MED026,LOC004,SUP002,2026-07-17,2026-07-23,2026-07-23,360,360,Delivered
PO-19012,MED026,LOC006,SUP002,2026-07-17,2026-07-23,2026-07-23,1670,1670,Delivered
PO-19013,MED030,LOC001,SUP004,2026-07-17,2026-07-22,2026-07-22,270,270,Delivered
PO-19014,MED031,LOC002,SUP015,2026-07-17,2026-07-20,2026-07-20,600,600,Delivered
PO-19015,MED031,LOC004,SUP015,2026-07-17,2026-07-20,2026-07-20,200,200,Delivered
PO-19016,MED032,LOC005,SUP009,2026-07-17,2026-07-20,2026-07-20,240,240,Delivered
PO-19017,MED032,LOC006,SUP009,2026-07-17,2026-07-20,2026-07-20,460,460,Delivered
PO-19018,MED033,LOC001,SUP004,2026-07-17,2026-07-23,2026-07-23,180,180,Delivered
PO-19019,MED033,LOC003,SUP004,2026-07-17,2026-07-23,2026-07-23,140,140,Delivered
PO-19020,MED040,LOC002,SUP004,2026-07-17,2026-07-22,2026-07-22,70,70,Delivered
PO-19021,MED048,LOC006,SUP015,2026-07-17,2026-07-19,2026-07-22,390,390,Delayed
PO-19022,MED049,LOC005,SUP015,2026-07-17,2026-07-20,2026-07-20,850,850,Delivered
PO-19023,MED051,LOC001,SUP015,2026-07-17,2026-07-19,2026-07-19,1960,1960,Delivered
PO-19024,MED051,LOC002,SUP015,2026-07-17,2026-07-19,2026-07-19,780,780,Delivered
PO-19025,MED052,LOC007,SUP015,2026-07-17,2026-07-20,2026-07-20,50,50,Delivered
PO-19026,MED059,LOC002,SUP015,2026-07-17,2026-07-20,2026-07-20,290,290,Delivered
PO-19027,MED063,LOC001,SUP004,2026-07-17,2026-07-24,2026-07-24,510,510,Delivered
PO-19028,MED063,LOC007,SUP004,2026-07-17,2026-07-24,2026-07-24,50,50,Delivered
PO-19029,MED064,LOC001,SUP005,2026-07-17,2026-07-22,2026-07-22,2700,2700,Delivered
PO-19030,MED064,LOC003,SUP005,2026-07-17,2026-07-22,2026-07-23,2120,2120,Delayed
PO-19031,MED066,LOC002,SUP004,2026-07-17,2026-07-23,2026-07-23,500,500,Delivered
PO-19032,MED069,LOC005,SUP004,2026-07-17,2026-07-24,2026-07-24,1160,1160,Delivered
PO-19033,MED070,LOC004,SUP004,2026-07-17,2026-07-23,2026-07-23,50,50,Delivered
PO-19034,MED075,LOC003,SUP004,2026-07-17,2026-07-23,2026-07-23,630,630,Delivered
PO-19035,MED075,LOC006,SUP004,2026-07-17,2026-07-23,2026-07-23,570,570,Delivered
PO-19036,MED003,LOC003,SUP001,2026-07-18,2026-07-21,2026-07-21,260,260,Delivered
PO-19037,MED005,LOC004,SUP001,2026-07-18,2026-07-23,2026-07-23,60,60,Delivered
PO-19038,MED010,LOC005,SUP007,2026-07-18,2026-07-22,2026-07-22,350,350,Delivered
PO-19039,MED018,LOC003,SUP001,2026-07-18,2026-07-21,2026-07-21,1360,1360,Delivered
PO-19040,MED019,LOC004,SUP015,2026-07-18,2026-07-21,2026-07-21,190,190,Delivered
PO-19041,MED033,LOC004,SUP004,2026-07-18,2026-07-24,2026-07-24,50,50,Delivered
PO-19042,MED035,LOC003,SUP015,2026-07-18,2026-07-20,2026-07-20,200,200,Delivered
PO-19043,MED051,LOC004,SUP015,2026-07-18,2026-07-20,2026-07-20,260,260,Delivered
PO-19044,MED056,LOC001,SUP005,2026-07-18,2026-07-23,2026-07-23,820,820,Delivered
PO-19045,MED058,LOC001,SUP008,2026-07-18,2026-07-23,2026-07-23,820,820,Delivered
PO-19046,MED067,LOC006,SUP012,2026-07-18,2026-07-24,2026-07-24,770,770,Delivered
PO-19047,MED068,LOC004,SUP004,2026-07-18,2026-07-24,2026-07-24,660,660,Delivered
PO-19048,MED068,LOC005,SUP004,2026-07-18,2026-07-24,2026-07-24,1510,1510,Delivered
PO-19049,MED073,LOC006,SUP004,2026-07-18,2026-07-24,2026-07-24,180,180,Delivered
PO-19050,MED074,LOC001,SUP006,2026-07-18,2026-07-26,2026-07-26,100,100,Delivered
PO-19051,MED002,LOC006,SUP010,2026-07-19,2026-07-26,2026-07-26,710,710,Delivered
PO-19052,MED007,LOC005,SUP011,2026-07-19,2026-07-22,2026-07-22,490,490,Delivered
PO-19053,MED014,LOC003,SUP007,2026-07-19,2026-07-22,2026-07-22,370,370,Delivered
PO-19054,MED016,LOC006,SUP001,2026-07-19,2026-07-23,2026-07-23,1940,1940,Delivered
PO-19055,MED017,LOC004,SUP001,2026-07-19,2026-07-24,2026-07-24,230,230,Delivered
PO-19056,MED018,LOC002,SUP001,2026-07-19,2026-07-22,2026-07-25,680,680,Delayed
PO-19057,MED018,LOC005,SUP001,2026-07-19,2026-07-22,2026-07-22,580,580,Delivered
PO-19058,MED018,LOC007,SUP001,2026-07-19,2026-07-22,2026-07-22,110,110,Delivered
PO-19059,MED019,LOC002,SUP015,2026-07-19,2026-07-22,2026-07-22,570,570,Delivered
PO-19060,MED029,LOC006,SUP015,2026-07-19,2026-07-22,2026-07-22,240,240,Delivered
PO-19061,MED033,LOC002,SUP004,2026-07-19,2026-07-25,2026-07-25,90,90,Delivered
PO-19062,MED038,LOC002,SUP015,2026-07-19,2026-07-21,2026-07-21,80,80,Delivered
PO-19063,MED038,LOC006,SUP015,2026-07-19,2026-07-21,2026-07-21,90,90,Delivered
PO-19064,MED040,LOC003,SUP004,2026-07-19,2026-07-24,2026-07-24,130,130,Delivered
PO-19065,MED043,LOC002,SUP003,2026-07-19,2026-07-21,2026-07-21,130,130,Delivered
PO-19066,MED045,LOC001,SUP004,2026-07-19,2026-07-24,2026-07-24,810,810,Delivered
PO-19067,MED047,LOC003,SUP015,2026-07-19,2026-07-22,2026-07-22,590,590,Delivered
PO-19068,MED051,LOC003,SUP015,2026-07-19,2026-07-21,2026-07-21,1480,1480,Delivered
PO-19069,MED052,LOC002,SUP015,2026-07-19,2026-07-22,2026-07-22,160,160,Delivered
PO-19070,MED053,LOC004,SUP010,2026-07-19,2026-07-25,2026-07-25,50,50,Delivered
PO-19071,MED057,LOC002,SUP008,2026-07-19,2026-07-23,2026-07-24,310,310,Delayed
PO-19072,MED061,LOC001,SUP004,2026-07-19,2026-07-26,2026-07-26,750,750,Delivered
PO-19073,MED063,LOC005,SUP004,2026-07-19,2026-07-26,2026-07-26,150,150,Delivered
PO-19074,MED067,LOC005,SUP012,2026-07-19,2026-07-25,2026-07-25,360,360,Delivered
PO-19075,MED071,LOC006,SUP014,2026-07-19,2026-07-25,2026-07-25,110,110,Delivered
PO-19076,MED075,LOC004,SUP004,2026-07-19,2026-07-25,2026-07-25,50,50,Delivered
PO-19077,MED075,LOC007,SUP004,2026-07-19,2026-07-25,2026-07-25,50,50,Delivered
PO-19078,MED003,LOC006,SUP001,2026-07-20,2026-07-23,2026-07-23,370,370,Delivered
PO-19079,MED006,LOC001,SUP001,2026-07-20,2026-07-25,2026-07-25,1120,1120,Delivered
PO-19080,MED008,LOC003,SUP001,2026-07-20,2026-07-25,2026-07-25,530,530,Delivered
PO-19081,MED009,LOC005,SUP007,2026-07-20,2026-07-24,2026-07-24,590,590,Delivered
PO-19082,MED010,LOC006,SUP007,2026-07-20,2026-07-24,2026-07-24,760,760,Delivered
PO-19083,MED012,LOC006,SUP007,2026-07-20,2026-07-24,2026-07-24,610,610,Delivered
PO-19084,MED015,LOC004,SUP011,2026-07-20,2026-07-23,2026-07-23,80,80,Delivered
PO-19085,MED017,LOC001,SUP001,2026-07-20,2026-07-25,2026-07-25,1550,1550,Delivered
PO-19086,MED017,LOC003,SUP001,2026-07-20,2026-07-25,2026-07-25,1170,1170,Delivered
PO-19087,MED021,LOC007,SUP002,2026-07-20,2026-07-24,2026-07-24,110,110,Delivered
PO-19088,MED024,LOC003,SUP009,2026-07-20,2026-07-25,2026-07-25,1400,1400,Delivered
PO-19089,MED029,LOC001,SUP015,2026-07-20,2026-07-23,2026-07-23,300,300,Delivered
PO-19090,MED034,LOC002,SUP013,2026-07-20,2026-07-26,2026-07-26,120,120,Delivered
PO-19091,MED034,LOC003,SUP013,2026-07-20,2026-07-26,2026-07-26,260,260,Delivered
PO-19092,MED041,LOC003,SUP015,2026-07-20,2026-07-22,2026-07-22,190,190,Delivered
PO-19093,MED041,LOC006,SUP015,2026-07-20,2026-07-22,2026-07-22,190,190,Delivered
PO-19094,MED042,LOC002,SUP003,2026-07-20,2026-07-22,2026-07-22,360,360,Delivered
PO-19095,MED047,LOC004,SUP015,2026-07-20,2026-07-23,2026-07-23,110,110,Delivered
PO-19096,MED047,LOC007,SUP015,2026-07-20,2026-07-23,2026-07-23,60,60,Delivered
PO-19097,MED050,LOC002,SUP005,2026-07-20,2026-07-24,2026-07-24,990,990,Delivered
PO-19098,MED055,LOC005,SUP015,2026-07-20,2026-07-23,2026-07-23,380,380,Delivered
PO-19099,MED055,LOC007,SUP015,2026-07-20,2026-07-23,2026-07-23,60,60,Delivered
PO-19100,MED056,LOC007,SUP005,2026-07-20,2026-07-25,2026-07-25,60,60,Delivered
PO-19101,MED061,LOC006,SUP004,2026-07-20,2026-07-27,2026-07-29,510,510,Delayed
PO-19102,MED062,LOC002,SUP004,2026-07-20,2026-07-25,2026-07-25,600,600,Delivered
PO-19103,MED065,LOC005,SUP015,2026-07-20,2026-07-22,2026-07-22,330,330,Delivered
PO-19104,MED067,LOC007,SUP012,2026-07-20,2026-07-26,2026-07-26,70,70,Delivered
PO-19105,MED069,LOC001,SUP004,2026-07-20,2026-07-27,2026-07-27,3320,3320,Delivered
PO-19106,MED069,LOC003,SUP004,2026-07-20,2026-07-27,2026-07-27,2420,2420,Delivered
PO-19107,MED070,LOC005,SUP004,2026-07-20,2026-07-26,2026-07-26,180,180,Delivered
PO-19108,MED001,LOC003,SUP001,2026-07-21,2026-07-26,2026-07-26,710,710,Delivered
PO-19109,MED002,LOC005,SUP010,2026-07-21,2026-07-28,2026-07-28,190,190,Delivered
PO-19110,MED011,LOC001,SUP011,2026-07-21,2026-07-26,2026-07-26,580,580,Delivered
PO-19111,MED011,LOC002,SUP011,2026-07-21,2026-07-26,2026-07-26,200,200,Delivered
PO-19112,MED012,LOC007,SUP007,2026-07-21,2026-07-25,2026-07-25,50,50,Delivered
PO-19113,MED016,LOC007,SUP001,2026-07-21,2026-07-25,2026-07-25,140,140,Delivered
PO-19114,MED020,LOC001,SUP004,2026-07-21,2026-07-26,2026-07-26,1040,1040,Delivered
PO-19115,MED020,LOC006,SUP004,2026-07-21,2026-07-26,2026-07-28,730,730,Delayed
PO-19116,MED021,LOC005,SUP002,2026-07-21,2026-07-25,2026-07-25,540,540,Delivered
PO-19117,MED022,LOC002,SUP002,2026-07-21,2026-07-25,2026-07-25,410,410,Delivered
PO-19118,MED023,LOC002,SUP002,2026-07-21,2026-07-25,2026-07-25,430,430,Delivered
PO-19119,MED024,LOC001,SUP009,2026-07-21,2026-07-26,2026-07-26,1880,1880,Delivered
PO-19120,MED024,LOC004,SUP009,2026-07-21,2026-07-26,2026-07-26,300,300,Delivered
PO-19121,MED027,LOC007,SUP009,2026-07-21,2026-07-26,2026-07-26,50,50,Delivered
PO-19122,MED029,LOC005,SUP015,2026-07-21,2026-07-24,2026-07-24,120,120,Delivered
PO-19123,MED036,LOC003,SUP003,2026-07-21,2026-07-23,2026-07-23,1870,1870,Delivered
PO-19124,MED036,LOC004,SUP003,2026-07-21,2026-07-23,2026-07-23,310,310,Delivered
PO-19125,MED036,LOC007,SUP003,2026-07-21,2026-07-23,2026-07-23,140,140,Delivered
PO-19126,MED037,LOC004,SUP015,2026-07-21,2026-07-25,2026-07-25,370,370,Delivered
PO-19127,MED041,LOC004,SUP015,2026-07-21,2026-07-23,2026-07-23,50,50,Delivered
PO-19128,MED043,LOC004,SUP003,2026-07-21,2026-07-23,2026-07-23,60,60,Delivered
PO-19129,MED049,LOC004,SUP015,2026-07-21,2026-07-24,2026-07-24,380,380,Delivered
PO-19130,MED053,LOC002,SUP010,2026-07-21,2026-07-27,2026-07-27,130,130,Delivered
PO-19131,MED054,LOC002,SUP015,2026-07-21,2026-07-23,2026-07-23,160,160,Delivered
PO-19132,MED054,LOC004,SUP015,2026-07-21,2026-07-23,2026-07-23,80,80,Delivered
PO-19133,MED057,LOC004,SUP008,2026-07-21,2026-07-25,2026-07-25,260,260,Delivered
PO-19134,MED057,LOC006,SUP008,2026-07-21,2026-07-25,2026-07-25,530,530,Delivered
PO-19135,MED058,LOC004,SUP008,2026-07-21,2026-07-26,2026-07-27,270,270,Delayed
PO-19136,MED058,LOC005,SUP008,2026-07-21,2026-07-26,2026-07-27,270,270,Delayed
PO-19137,MED058,LOC006,SUP008,2026-07-21,2026-07-26,2026-07-26,570,570,Delivered
PO-19138,MED060,LOC003,SUP015,2026-07-21,2026-07-23,2026-07-23,90,90,Delivered
PO-19139,MED061,LOC003,SUP004,2026-07-21,2026-07-28,2026-07-28,530,530,Delivered
PO-19140,MED062,LOC001,SUP004,2026-07-21,2026-07-26,2026-07-26,1370,1370,Delivered
PO-19141,MED064,LOC002,SUP005,2026-07-21,2026-07-26,2026-07-26,1110,1110,Delivered
PO-19142,MED066,LOC007,SUP004,2026-07-21,2026-07-27,2026-07-27,70,70,Delivered
PO-19143,MED069,LOC007,SUP004,2026-07-21,2026-07-28,2026-07-28,230,230,Delivered
PO-19144,MED072,LOC003,SUP006,2026-07-21,2026-07-28,2026-07-28,60,60,Delivered
PO-19145,MED074,LOC003,SUP006,2026-07-21,2026-07-29,2026-07-29,80,80,Delivered
PO-19146,MED002,LOC004,SUP010,2026-07-22,2026-07-29,2026-07-29,90,90,Delivered
PO-19147,MED004,LOC003,SUP001,2026-07-22,2026-07-26,2026-07-26,290,290,Delivered
PO-19148,MED008,LOC006,SUP001,2026-07-22,2026-07-27,2026-07-27,500,500,Delivered
PO-19149,MED009,LOC007,SUP007,2026-07-22,2026-07-26,2026-07-26,100,100,Delivered
PO-19150,MED011,LOC005,SUP011,2026-07-22,2026-07-27,2026-07-27,170,170,Delivered
PO-19151,MED019,LOC001,SUP015,2026-07-22,2026-07-25,2026-07-25,1370,1370,Delivered
PO-19152,MED022,LOC003,SUP002,2026-07-22,2026-07-26,2026-07-26,760,760,Delivered
PO-19153,MED028,LOC006,SUP002,2026-07-22,2026-07-27,2026-07-27,540,540,Delivered
PO-19154,MED031,LOC005,SUP015,2026-07-22,2026-07-25,2026-07-25,490,490,Delivered
PO-19155,MED033,LOC006,SUP004,2026-07-22,2026-07-28,2026-07-28,150,150,Delivered
PO-19156,MED034,LOC004,SUP013,2026-07-22,2026-07-28,2026-07-28,50,50,Delivered
PO-19157,MED036,LOC006,SUP003,2026-07-22,2026-07-24,2026-07-26,1840,1840,Delayed
PO-19158,MED037,LOC006,SUP015,2026-07-22,2026-07-26,2026-07-26,1870,1870,Delivered
PO-19159,MED039,LOC003,SUP006,2026-07-22,2026-07-30,2026-07-30,60,60,Delivered
PO-19160,MED039,LOC006,SUP006,2026-07-22,2026-07-30,2026-07-30,80,80,Delivered
PO-19161,MED040,LOC005,SUP004,2026-07-22,2026-07-27,2026-07-27,80,80,Delivered
PO-19162,MED044,LOC006,SUP010,2026-07-22,2026-07-27,2026-07-30,390,390,Delayed
PO-19163,MED047,LOC006,SUP015,2026-07-22,2026-07-25,2026-07-25,590,590,Delivered
PO-19164,MED048,LOC002,SUP015,2026-07-22,2026-07-24,2026-07-24,220,220,Delivered
PO-19165,MED053,LOC001,SUP010,2026-07-22,2026-07-28,2026-07-28,260,260,Delivered
PO-19166,MED060,LOC006,SUP015,2026-07-22,2026-07-24,2026-07-24,70,70,Delivered
PO-19167,MED061,LOC004,SUP004,2026-07-22,2026-07-29,2026-07-29,110,110,Delivered
PO-19168,MED062,LOC004,SUP004,2026-07-22,2026-07-27,2026-07-27,200,200,Delivered
PO-19169,MED062,LOC006,SUP004,2026-07-22,2026-07-27,2026-07-27,1040,1040,Delivered
PO-19170,MED063,LOC006,SUP004,2026-07-22,2026-07-29,2026-07-29,360,360,Delivered
PO-19171,MED066,LOC004,SUP004,2026-07-22,2026-07-28,2026-07-28,190,190,Delivered
PO-19172,MED069,LOC006,SUP004,2026-07-22,2026-07-29,2026-07-29,3520,3520,Delivered
PO-19173,MED073,LOC005,SUP004,2026-07-22,2026-07-28,2026-07-28,80,80,Delivered
PO-19174,MED001,LOC006,SUP001,2026-07-23,2026-07-28,2026-07-28,980,980,Delivered
PO-19175,MED006,LOC003,SUP001,2026-07-23,2026-07-28,2026-07-28,860,860,Delivered
PO-19176,MED008,LOC002,SUP001,2026-07-23,2026-07-28,2026-07-28,260,260,Delivered
PO-19177,MED009,LOC006,SUP007,2026-07-23,2026-07-27,2026-07-27,1250,1250,Delivered
PO-19178,MED010,LOC004,SUP007,2026-07-23,2026-07-27,2026-07-27,150,150,Delivered
PO-19179,MED012,LOC005,SUP007,2026-07-23,2026-07-27,2026-07-27,250,250,Delivered
PO-19180,MED014,LOC007,SUP007,2026-07-23,2026-07-26,2026-07-26,50,50,Delivered
PO-19181,MED017,LOC005,SUP001,2026-07-23,2026-07-28,2026-07-28,520,520,Delivered
PO-19182,MED019,LOC006,SUP015,2026-07-23,2026-07-26,2026-07-26,1000,1000,Delivered
PO-19183,MED020,LOC003,SUP004,2026-07-23,2026-07-28,2026-07-28,760,760,Delivered
PO-19184,MED020,LOC005,SUP004,2026-07-23,2026-07-28,2026-07-28,330,330,Delivered
PO-19185,MED021,LOC003,SUP002,2026-07-23,2026-07-27,2026-07-27,1470,1470,Delivered
PO-19186,MED024,LOC002,SUP009,2026-07-23,2026-07-28,2026-07-28,750,750,Delivered
PO-19187,MED029,LOC003,SUP015,2026-07-23,2026-07-26,2026-07-26,260,260,Delivered
PO-19188,MED029,LOC004,SUP015,2026-07-23,2026-07-26,2026-07-26,50,50,Delivered
PO-19189,MED031,LOC001,SUP015,2026-07-23,2026-07-26,2026-07-26,1520,1520,Delivered
PO-19190,MED032,LOC001,SUP009,2026-07-23,2026-07-26,2026-07-26,740,740,Delivered
PO-19191,MED036,LOC001,SUP003,2026-07-23,2026-07-25,2026-07-27,2400,2400,Delayed
PO-19192,MED037,LOC001,SUP015,2026-07-23,2026-07-27,2026-07-27,2730,2730,Delivered
PO-19193,MED039,LOC001,SUP006,2026-07-23,2026-07-31,2026-07-31,70,70,Delivered
PO-19194,MED041,LOC001,SUP015,2026-07-23,2026-07-25,2026-07-25,230,230,Delivered
PO-19195,MED044,LOC004,SUP010,2026-07-23,2026-07-28,2026-07-28,80,80,Delivered
PO-19196,MED045,LOC002,SUP004,2026-07-23,2026-07-28,2026-07-28,350,350,Delivered
PO-19197,MED045,LOC004,SUP004,2026-07-23,2026-07-28,2026-07-28,140,140,Delivered
PO-19198,MED049,LOC006,SUP015,2026-07-23,2026-07-26,2026-07-26,1840,1840,Delivered
PO-19199,MED052,LOC004,SUP015,2026-07-23,2026-07-26,2026-07-26,70,70,Delivered
PO-19200,MED054,LOC005,SUP015,2026-07-23,2026-07-25,2026-07-25,110,110,Delivered
PO-19201,MED054,LOC007,SUP015,2026-07-23,2026-07-25,2026-07-25,50,50,Delivered
PO-19202,MED056,LOC005,SUP005,2026-07-23,2026-07-28,2026-07-28,330,330,Delivered
PO-19203,MED057,LOC001,SUP008,2026-07-23,2026-07-27,2026-07-27,800,800,Delivered
PO-19204,MED059,LOC003,SUP015,2026-07-23,2026-07-26,2026-07-26,510,510,Delivered
PO-19205,MED060,LOC005,SUP015,2026-07-23,2026-07-25,2026-07-25,50,50,Delivered
PO-19206,MED061,LOC002,SUP004,2026-07-23,2026-07-30,2026-07-30,280,280,Delivered
PO-19207,MED064,LOC007,SUP005,2026-07-23,2026-07-28,2026-07-28,160,160,Delivered
PO-19208,MED068,LOC007,SUP004,2026-07-23,2026-07-29,2026-07-29,310,310,Delivered
PO-19209,MED073,LOC001,SUP004,2026-07-23,2026-07-29,2026-07-29,250,250,Delivered
PO-19210,MED002,LOC002,SUP010,2026-07-24,2026-07-31,2026-07-31,240,240,Delivered
PO-19211,MED005,LOC002,SUP001,2026-07-24,2026-07-29,2026-07-29,160,160,Delivered
PO-19212,MED007,LOC003,SUP011,2026-07-24,2026-07-27,2026-07-27,1270,1270,Delivered
PO-19213,MED008,LOC005,SUP001,2026-07-24,2026-07-29,2026-07-29,180,180,Delivered
PO-19214,MED012,LOC001,SUP007,2026-07-24,2026-07-28,2026-07-28,850,850,Delivered
PO-19215,MED013,LOC003,SUP007,2026-07-24,2026-07-29,2026-07-29,240,240,Delivered
PO-19216,MED015,LOC007,SUP011,2026-07-24,2026-07-27,2026-07-27,170,170,Delivered
PO-19217,MED016,LOC001,SUP001,2026-07-24,2026-07-28,2026-07-28,2540,2540,Delivered
PO-19218,MED021,LOC001,SUP002,2026-07-24,2026-07-28,2026-07-28,1830,1830,Delivered
PO-19219,MED025,LOC003,SUP002,2026-07-24,2026-07-29,2026-07-29,1310,1310,Delivered
PO-19220,MED026,LOC003,SUP002,2026-07-24,2026-07-30,2026-07-30,1960,1960,Delivered
PO-19221,MED029,LOC002,SUP015,2026-07-24,2026-07-27,2026-07-27,130,130,Delivered
PO-19222,MED039,LOC005,SUP006,2026-07-24,2026-08-01,2026-08-01,50,50,Delivered
PO-19223,MED042,LOC005,SUP003,2026-07-24,2026-07-26,2026-07-26,290,290,Delivered
PO-19224,MED046,LOC007,SUP015,2026-07-24,2026-07-28,2026-07-28,80,80,Delivered
PO-19225,MED047,LOC002,SUP015,2026-07-24,2026-07-27,2026-07-27,340,340,Delivered
PO-19226,MED049,LOC003,SUP015,2026-07-24,2026-07-27,2026-07-27,1950,1950,Delivered
PO-19227,MED055,LOC003,SUP015,2026-07-24,2026-07-27,2026-07-27,830,830,Delivered
PO-19228,MED063,LOC003,SUP004,2026-07-24,2026-07-31,2026-07-31,410,410,Delivered
PO-19229,MED065,LOC006,SUP015,2026-07-24,2026-07-26,2026-07-26,660,660,Delivered
PO-19230,MED067,LOC002,SUP012,2026-07-24,2026-07-30,2026-07-30,410,410,Delivered
PO-19231,MED073,LOC004,SUP004,2026-07-24,2026-07-30,2026-07-30,50,50,Delivered
PO-19232,MED075,LOC005,SUP004,2026-07-24,2026-07-30,2026-07-31,270,270,Delayed
PO-19233,MED002,LOC003,SUP010,2026-07-25,2026-08-01,2026-08-01,520,520,Delivered
PO-19234,MED006,LOC004,SUP001,2026-07-25,2026-07-30,2026-07-30,160,160,Delivered
PO-19235,MED006,LOC006,SUP001,2026-07-25,2026-07-30,2026-07-30,1340,1340,Delivered
PO-19236,MED008,LOC004,SUP001,2026-07-25,2026-07-30,2026-07-30,110,110,Delivered
PO-19237,MED011,LOC004,SUP011,2026-07-25,2026-07-30,2026-07-30,90,90,Delivered
PO-19238,MED015,LOC006,SUP011,2026-07-25,2026-07-28,2026-07-28,440,440,Delivered
PO-19239,MED016,LOC003,SUP001,2026-07-25,2026-07-29,2026-07-29,1900,1900,Delivered
PO-19240,MED020,LOC002,SUP004,2026-07-25,2026-07-30,2026-07-30,410,410,Delivered
PO-19241,MED022,LOC001,SUP002,2026-07-25,2026-07-29,2026-07-29,1090,1090,Delivered
PO-19242,MED022,LOC004,SUP002,2026-07-25,2026-07-29,2026-07-29,170,170,Delivered
PO-19243,MED026,LOC007,SUP002,2026-07-25,2026-07-31,2026-07-31,140,140,Delivered
PO-19244,MED027,LOC001,SUP009,2026-07-25,2026-07-30,2026-07-30,680,680,Delivered
PO-19245,MED027,LOC006,SUP009,2026-07-25,2026-07-30,2026-07-30,510,510,Delivered
PO-19246,MED035,LOC006,SUP015,2026-07-25,2026-07-27,2026-07-27,190,190,Delivered
PO-19247,MED038,LOC001,SUP015,2026-07-25,2026-07-27,2026-07-27,140,140,Delivered
PO-19248,MED038,LOC003,SUP015,2026-07-25,2026-07-27,2026-07-27,110,110,Delivered
PO-19249,MED040,LOC001,SUP004,2026-07-25,2026-07-30,2026-07-30,170,170,Delivered
PO-19250,MED043,LOC005,SUP003,2026-07-25,2026-07-27,2026-07-27,110,110,Delivered
PO-19251,MED043,LOC007,SUP003,2026-07-25,2026-07-27,2026-07-27,50,50,Delivered
PO-19252,MED044,LOC001,SUP010,2026-07-25,2026-07-30,2026-07-30,560,560,Delivered
PO-19253,MED044,LOC003,SUP010,2026-07-25,2026-07-30,2026-07-30,420,420,Delivered
PO-19254,MED046,LOC001,SUP015,2026-07-25,2026-07-29,2026-07-29,1160,1160,Delivered
PO-19255,MED046,LOC006,SUP015,2026-07-25,2026-07-29,2026-07-29,850,850,Delivered
PO-19256,MED050,LOC005,SUP005,2026-07-25,2026-07-29,2026-07-29,810,810,Delivered
PO-19257,MED051,LOC005,SUP015,2026-07-25,2026-07-27,2026-07-27,630,630,Delivered
PO-19258,MED056,LOC003,SUP005,2026-07-25,2026-07-30,2026-07-30,670,670,Delivered
PO-19259,MED056,LOC006,SUP005,2026-07-25,2026-07-30,2026-07-30,610,610,Delivered
PO-19260,MED061,LOC005,SUP004,2026-07-25,2026-08-01,2026-08-01,240,240,Delivered
PO-19261,MED064,LOC004,SUP005,2026-07-25,2026-07-30,2026-07-30,370,370,Delivered
PO-19262,MED071,LOC001,SUP014,2026-07-25,2026-07-31,2026-07-31,150,150,Delivered
PO-19263,MED007,LOC004,SUP011,2026-07-26,2026-07-29,2026-07-29,240,240,Delivered
PO-19264,MED013,LOC001,SUP007,2026-07-26,2026-07-31,2026-07-31,320,320,Delivered
PO-19265,MED013,LOC004,SUP007,2026-07-26,2026-07-31,2026-07-31,60,60,Delivered
PO-19266,MED013,LOC007,SUP007,2026-07-26,2026-07-31,2026-07-31,50,50,Delivered
PO-19267,MED016,LOC004,SUP001,2026-07-26,2026-07-30,2026-07-30,370,370,Delivered
PO-19268,MED019,LOC003,SUP015,2026-07-26,2026-07-29,2026-07-29,1020,1020,Delivered
PO-19269,MED020,LOC007,SUP004,2026-07-26,2026-07-31,2026-07-31,250,250,Delivered
PO-19270,MED023,LOC005,SUP002,2026-07-26,2026-07-30,2026-07-30,340,340,Delivered
PO-19271,MED025,LOC002,SUP002,2026-07-26,2026-07-31,2026-07-31,680,680,Delivered
PO-19272,MED027,LOC005,SUP009,2026-07-26,2026-07-31,2026-07-31,250,250,Delivered
PO-19273,MED028,LOC001,SUP002,2026-07-26,2026-07-31,2026-07-31,700,700,Delivered
PO-19274,MED030,LOC005,SUP004,2026-07-26,2026-07-31,2026-07-31,90,90,Delivered
PO-19275,MED034,LOC001,SUP013,2026-07-26,2026-08-01,2026-08-01,300,300,Delivered
PO-19276,MED037,LOC002,SUP015,2026-07-26,2026-07-30,2026-07-30,1070,1070,Delivered
PO-19277,MED038,LOC005,SUP015,2026-07-26,2026-07-28,2026-07-28,60,60,Delivered
PO-19278,MED040,LOC006,SUP004,2026-07-26,2026-07-31,2026-07-31,110,110,Delivered
PO-19279,MED044,LOC002,SUP010,2026-07-26,2026-07-31,2026-08-02,230,230,Delayed
PO-19280,MED059,LOC005,SUP015,2026-07-26,2026-07-29,2026-07-29,230,230,Delivered
PO-19281,MED063,LOC002,SUP004,2026-07-26,2026-08-02,2026-08-02,180,180,Delivered
PO-19282,MED065,LOC002,SUP015,2026-07-26,2026-07-28,2026-07-28,400,400,Delivered
PO-19283,MED071,LOC003,SUP014,2026-07-26,2026-08-01,2026-08-01,120,120,Delivered
PO-19284,MED001,LOC002,SUP001,2026-07-27,2026-08-01,2026-08-01,390,390,Delivered
PO-19285,MED003,LOC004,SUP001,2026-07-27,2026-07-30,2026-07-30,50,50,Delivered
PO-19286,MED004,LOC002,SUP001,2026-07-27,2026-07-31,2026-07-31,140,140,Delivered
PO-19287,MED005,LOC001,SUP001,2026-07-27,2026-08-01,2026-08-01,360,360,Delivered
PO-19288,MED005,LOC003,SUP001,2026-07-27,2026-08-01,2026-08-01,260,260,Delivered
PO-19289,MED005,LOC005,SUP001,2026-07-27,2026-08-01,2026-08-01,130,130,Delivered
PO-19290,MED009,LOC002,SUP007,2026-07-27,2026-07-31,2026-07-31,680,680,Delivered
PO-19291,MED010,LOC003,SUP007,2026-07-27,2026-07-31,2026-07-31,850,850,Delivered
PO-19292,MED012,LOC003,SUP007,2026-07-27,2026-07-31,2026-07-31,660,660,Delivered
PO-19293,MED014,LOC005,SUP007,2026-07-27,2026-07-30,2026-07-30,170,170,Delivered
PO-19294,MED018,LOC001,SUP001,2026-07-27,2026-07-30,2026-07-30,1770,1770,Delivered
PO-19295,MED021,LOC004,SUP002,2026-07-27,2026-07-31,2026-07-31,260,260,Delivered
PO-19296,MED022,LOC007,SUP002,2026-07-27,2026-07-31,2026-07-31,60,60,Delivered
PO-19297,MED025,LOC001,SUP002,2026-07-27,2026-08-01,2026-08-01,1630,1630,Delivered
PO-19298,MED025,LOC004,SUP002,2026-07-27,2026-08-01,2026-08-01,250,250,Delivered
PO-19299,MED025,LOC006,SUP002,2026-07-27,2026-08-01,2026-08-01,1190,1190,Delivered
PO-19300,MED026,LOC001,SUP002,2026-07-27,2026-08-02,2026-08-02,2290,2290,Delivered
PO-19301,MED028,LOC002,SUP002,2026-07-27,2026-08-01,2026-08-01,300,300,Delivered
PO-19302,MED028,LOC003,SUP002,2026-07-27,2026-08-01,2026-08-01,650,650,Delivered
PO-19303,MED030,LOC006,SUP004,2026-07-27,2026-08-01,2026-08-01,180,180,Delivered
PO-19304,MED031,LOC006,SUP015,2026-07-27,2026-07-30,2026-07-30,1060,1060,Delivered
PO-19305,MED033,LOC005,SUP004,2026-07-27,2026-08-02,2026-08-02,70,70,Delivered
PO-19306,MED045,LOC007,SUP004,2026-07-27,2026-08-01,2026-08-01,60,60,Delivered
PO-19307,MED050,LOC004,SUP005,2026-07-27,2026-07-31,2026-07-31,940,940,Delivered
PO-19308,MED056,LOC004,SUP005,2026-07-27,2026-08-01,2026-08-01,330,330,Delivered
PO-19309,MED059,LOC004,SUP015,2026-07-27,2026-07-30,2026-07-30,110,110,Delivered
PO-19310,MED062,LOC003,SUP004,2026-07-27,2026-08-01,2026-08-01,1100,1100,Delivered
PO-19311,MED062,LOC005,SUP004,2026-07-27,2026-08-01,2026-08-01,500,500,Delivered
PO-19312,MED064,LOC005,SUP005,2026-07-27,2026-08-01,2026-08-01,890,890,Delivered
PO-19313,MED067,LOC003,SUP012,2026-07-27,2026-08-02,2026-08-02,820,820,Delivered
PO-19314,MED069,LOC004,SUP004,2026-07-27,2026-08-03,2026-08-03,470,470,Delivered
PO-19315,MED002,LOC007,SUP010,2026-07-28,2026-08-04,2026-08-04,50,50,Delivered
PO-19316,MED007,LOC001,SUP011,2026-07-28,2026-07-31,2026-07-31,1650,1650,Delivered
PO-19317,MED013,LOC002,SUP007,2026-07-28,2026-08-02,2026-08-02,130,130,Delivered
PO-19318,MED014,LOC006,SUP007,2026-07-28,2026-07-31,2026-07-31,360,360,Delivered
PO-19319,MED015,LOC001,SUP011,2026-07-28,2026-07-31,2026-07-31,680,680,Delivered
PO-19320,MED017,LOC002,SUP001,2026-07-28,2026-08-02,2026-08-02,550,550,Delivered
PO-19321,MED017,LOC007,SUP001,2026-07-28,2026-08-02,2026-08-02,80,80,Delivered
PO-19322,MED018,LOC006,SUP001,2026-07-28,2026-07-31,2026-07-31,1230,1230,Delivered
PO-19323,MED021,LOC002,SUP002,2026-07-28,2026-08-01,2026-08-03,690,690,Delayed
PO-19324,MED027,LOC003,SUP009,2026-07-28,2026-08-02,2026-08-02,510,510,Delivered
PO-19325,MED030,LOC004,SUP004,2026-07-28,2026-08-02,2026-08-02,50,50,Delivered
PO-19326,MED032,LOC004,SUP009,2026-07-28,2026-07-31,2026-07-31,90,90,Delivered
PO-19327,MED034,LOC005,SUP013,2026-07-28,2026-08-03,2026-08-03,110,110,Delivered
PO-19328,MED037,LOC003,SUP015,2026-07-28,2026-08-01,2026-08-01,2050,2050,Delivered
PO-19329,MED043,LOC003,SUP003,2026-07-28,2026-07-30,2026-07-30,260,260,Delivered
PO-19330,MED046,LOC004,SUP015,2026-07-28,2026-08-01,2026-08-01,210,210,Delivered
PO-19331,MED047,LOC001,SUP015,2026-07-28,2026-07-31,2026-07-31,800,800,Delivered
PO-19332,MED048,LOC004,SUP015,2026-07-28,2026-07-30,2026-07-30,70,70,Delivered
PO-19333,MED050,LOC006,SUP005,2026-07-28,2026-08-01,2026-08-01,1860,1860,Delivered
PO-19334,MED051,LOC007,SUP015,2026-07-28,2026-07-30,2026-07-30,130,130,Delivered
PO-19335,MED052,LOC005,SUP015,2026-07-28,2026-07-31,2026-07-31,170,170,Delivered
PO-19336,MED058,LOC003,SUP008,2026-07-28,2026-08-02,2026-08-02,600,600,Delivered
PO-19337,MED066,LOC001,SUP004,2026-07-28,2026-08-03,2026-08-03,1370,1370,Delivered
PO-19338,MED066,LOC006,SUP004,2026-07-28,2026-08-03,2026-08-03,920,920,Delivered
PO-19339,MED070,LOC003,SUP004,2026-07-28,2026-08-03,2026-08-04,450,450,Delayed
PO-19340,MED001,LOC004,SUP001,2026-07-29,2026-08-03,2026-08-03,140,140,Delivered
PO-19341,MED004,LOC006,SUP001,2026-07-29,2026-08-02,2026-08-02,440,440,Delivered
PO-19342,MED009,LOC003,SUP007,2026-07-29,2026-08-02,2026-08-02,1300,1300,Delivered
PO-19343,MED010,LOC001,SUP007,2026-07-29,2026-08-02,2026-08-02,1090,1090,Delivered
PO-19344,MED012,LOC002,SUP007,2026-07-29,2026-08-02,2026-08-02,380,380,Delivered
PO-19345,MED015,LOC004,SUP011,2026-07-29,2026-08-01,2026-08-01,110,110,Delivered
PO-19346,MED021,LOC006,SUP002,2026-07-29,2026-08-02,2026-08-02,1240,1240,Delivered
PO-19347,MED022,LOC006,SUP002,2026-07-29,2026-08-02,2026-08-02,760,760,Delivered
PO-19348,MED023,LOC004,SUP002,2026-07-29,2026-08-02,2026-08-02,150,150,Delivered
PO-19349,MED031,LOC003,SUP015,2026-07-29,2026-08-01,2026-08-01,1180,1180,Delivered
PO-19350,MED037,LOC005,SUP015,2026-07-29,2026-08-02,2026-08-02,860,860,Delivered
PO-19351,MED042,LOC001,SUP003,2026-07-29,2026-07-31,2026-07-31,830,830,Delivered
PO-19352,MED042,LOC003,SUP003,2026-07-29,2026-07-31,2026-07-31,660,660,Delivered
PO-19353,MED045,LOC003,SUP004,2026-07-29,2026-08-03,2026-08-03,650,650,Delivered
PO-19354,MED045,LOC005,SUP004,2026-07-29,2026-08-03,2026-08-03,270,270,Delivered
PO-19355,MED046,LOC003,SUP015,2026-07-29,2026-08-02,2026-08-02,1020,1020,Delivered
PO-19356,MED047,LOC005,SUP015,2026-07-29,2026-08-01,2026-08-01,230,230,Delivered
PO-19357,MED048,LOC003,SUP015,2026-07-29,2026-07-31,2026-07-31,410,410,Delivered
PO-19358,MED048,LOC005,SUP015,2026-07-29,2026-07-31,2026-07-31,160,160,Delivered
PO-19359,MED050,LOC001,SUP005,2026-07-29,2026-08-02,2026-08-02,2580,2580,Delivered
PO-19360,MED053,LOC003,SUP010,2026-07-29,2026-08-04,2026-08-04,220,220,Delivered
PO-19361,MED056,LOC002,SUP005,2026-07-29,2026-08-03,2026-08-03,330,330,Delivered
PO-19362,MED065,LOC004,SUP015,2026-07-29,2026-07-31,2026-07-31,130,130,Delivered
PO-19363,MED068,LOC001,SUP004,2026-07-29,2026-08-04,2026-08-04,4440,4440,Delivered
PO-19364,MED073,LOC003,SUP004,2026-07-29,2026-08-04,2026-08-04,180,180,Delivered
PO-19365,MED073,LOC007,SUP004,2026-07-29,2026-08-04,2026-08-04,50,50,Delivered
PO-19366,MED074,LOC001,SUP006,2026-07-29,2026-08-06,2026-08-09,120,120,Delayed
PO-19367,MED074,LOC006,SUP006,2026-07-29,2026-08-06,2026-08-09,70,70,Delayed
PO-19368,MED075,LOC007,SUP004,2026-07-29,2026-08-04,2026-08-04,60,60,Delivered
PO-19369,MED001,LOC007,SUP001,2026-07-30,2026-08-04,2026-08-04,50,50,Delivered
PO-19370,MED003,LOC002,SUP001,2026-07-30,2026-08-02,2026-08-02,120,120,Delivered
PO-19371,MED003,LOC005,SUP001,2026-07-30,2026-08-02,2026-08-02,120,120,Delivered
PO-19372,MED004,LOC004,SUP001,2026-07-30,2026-08-03,2026-08-03,50,50,Delivered
PO-19373,MED006,LOC005,SUP001,2026-07-30,2026-08-04,2026-08-04,340,340,Delivered
PO-19374,MED008,LOC007,SUP001,2026-07-30,2026-08-04,2026-08-04,130,130,Delivered
PO-19375,MED009,LOC001,SUP007,2026-07-30,2026-08-03,2026-08-03,1690,1690,Delivered
PO-19376,MED018,LOC004,SUP001,2026-07-30,2026-08-02,2026-08-02,240,240,Delivered
PO-19377,MED023,LOC001,SUP002,2026-07-30,2026-08-03,2026-08-03,1070,1070,Delivered
PO-19378,MED023,LOC006,SUP002,2026-07-30,2026-08-03,2026-08-04,720,720,Delayed
PO-19379,MED024,LOC005,SUP009,2026-07-30,2026-08-04,2026-08-04,640,640,Delivered
PO-19380,MED024,LOC007,SUP009,2026-07-30,2026-08-04,2026-08-04,120,120,Delivered
PO-19381,MED026,LOC002,SUP002,2026-07-30,2026-08-05,2026-08-05,910,910,Delivered
PO-19382,MED035,LOC002,SUP015,2026-07-30,2026-08-01,2026-08-01,90,90,Delivered
PO-19383,MED035,LOC004,SUP015,2026-07-30,2026-08-01,2026-08-01,50,50,Delivered
PO-19384,MED039,LOC003,SUP006,2026-07-30,2026-08-07,2026-08-07,70,70,Delivered
PO-19385,MED043,LOC006,SUP003,2026-07-30,2026-08-01,2026-08-01,200,200,Delivered
PO-19386,MED050,LOC007,SUP005,2026-07-30,2026-08-03,2026-08-03,160,160,Delivered
PO-19387,MED055,LOC001,SUP015,2026-07-30,2026-08-02,2026-08-02,1030,1030,Delivered
PO-19388,MED057,LOC007,SUP008,2026-07-30,2026-08-03,2026-08-03,50,50,Delivered
PO-19389,MED060,LOC001,SUP015,2026-07-30,2026-08-01,2026-08-01,110,110,Delivered
PO-19390,MED062,LOC007,SUP004,2026-07-30,2026-08-04,2026-08-04,90,90,Delivered
PO-19391,MED065,LOC001,SUP015,2026-07-30,2026-08-01,2026-08-01,980,980,Delivered
PO-19392,MED069,LOC005,SUP004,2026-07-30,2026-08-06,2026-08-06,1160,1160,Delivered
PO-19393,MED074,LOC005,SUP006,2026-07-30,2026-08-07,2026-08-08,50,50,Delayed
PO-19394,MED075,LOC001,SUP004,2026-07-30,2026-08-05,2026-08-05,810,810,Delivered
PO-19395,MED075,LOC006,SUP004,2026-07-30,2026-08-05,2026-08-05,630,630,Delivered
PO-19396,MED001,LOC001,SUP001,2026-07-31,2026-08-05,2026-08-05,980,980,Delivered
PO-19397,MED006,LOC002,SUP001,2026-07-31,2026-08-05,2026-08-05,400,400,Delivered
PO-19398,MED007,LOC002,SUP011,2026-07-31,2026-08-03,2026-08-03,580,580,Delivered
PO-19399,MED007,LOC006,SUP011,2026-07-31,2026-08-03,2026-08-03,1070,1070,Delivered
PO-19400,MED008,LOC001,SUP001,2026-07-31,2026-08-05,2026-08-05,640,640,Delivered
PO-19401,MED010,LOC007,SUP007,2026-07-31,2026-08-04,2026-08-04,70,70,Delivered
PO-19402,MED014,LOC004,SUP007,2026-07-31,2026-08-03,2026-08-03,70,70,Delivered
PO-19403,MED015,LOC005,SUP011,2026-07-31,2026-08-03,2026-08-03,230,230,Delivered
PO-19404,MED019,LOC005,SUP015,2026-07-31,2026-08-03,2026-08-03,460,460,Delivered
PO-19405,MED026,LOC006,SUP002,2026-07-31,2026-08-06,2026-08-06,1820,1820,Delivered
PO-19406,MED028,LOC007,SUP002,2026-07-31,2026-08-05,2026-08-05,50,50,Delivered
PO-19407,MED030,LOC002,SUP004,2026-07-31,2026-08-05,2026-08-05,110,110,Delivered
PO-19408,MED030,LOC003,SUP004,2026-07-31,2026-08-05,2026-08-05,190,190,Delivered
PO-19409,MED032,LOC007,SUP009,2026-07-31,2026-08-03,2026-08-03,50,50,Delivered
PO-19410,MED034,LOC003,SUP013,2026-07-31,2026-08-06,2026-08-06,310,310,Delivered
PO-19411,MED035,LOC001,SUP015,2026-07-31,2026-08-02,2026-08-02,260,260,Delivered
PO-19412,MED036,LOC005,SUP003,2026-07-31,2026-08-02,2026-08-02,740,740,Delivered
PO-19413,MED038,LOC004,SUP015,2026-07-31,2026-08-02,2026-08-02,50,50,Delivered
PO-19414,MED041,LOC005,SUP015,2026-07-31,2026-08-02,2026-08-02,80,80,Delivered
PO-19415,MED042,LOC004,SUP003,2026-07-31,2026-08-02,2026-08-02,120,120,Delivered
PO-19416,MED046,LOC002,SUP015,2026-07-31,2026-08-04,2026-08-04,450,450,Delivered
PO-19417,MED048,LOC001,SUP015,2026-07-31,2026-08-02,2026-08-02,480,480,Delivered
PO-19418,MED048,LOC007,SUP015,2026-07-31,2026-08-02,2026-08-02,50,50,Delivered
PO-19419,MED049,LOC001,SUP015,2026-07-31,2026-08-03,2026-08-03,2590,2590,Delivered
PO-19420,MED050,LOC003,SUP005,2026-07-31,2026-08-04,2026-08-04,1900,1900,Delivered
PO-19421,MED052,LOC006,SUP015,2026-07-31,2026-08-03,2026-08-03,330,330,Delivered
PO-19422,MED053,LOC005,SUP010,2026-07-31,2026-08-06,2026-08-06,90,90,Delivered
PO-19423,MED053,LOC006,SUP010,2026-07-31,2026-08-06,2026-08-06,320,320,Delivered
PO-19424,MED055,LOC006,SUP015,2026-07-31,2026-08-03,2026-08-03,810,810,Delivered
PO-19425,MED056,LOC001,SUP005,2026-07-31,2026-08-05,2026-08-06,880,880,Delayed
PO-19426,MED058,LOC002,SUP008,2026-07-31,2026-08-05,2026-08-05,300,300,Delivered
PO-19427,MED063,LOC004,SUP004,2026-07-31,2026-08-07,2026-08-07,80,80,Delivered
PO-19428,MED064,LOC006,SUP005,2026-07-31,2026-08-05,2026-08-05,1870,1870,Delivered
PO-19429,MED066,LOC007,SUP004,2026-07-31,2026-08-06,2026-08-06,90,90,Delivered
PO-19430,MED067,LOC001,SUP012,2026-07-31,2026-08-06,2026-08-06,1090,1090,Delivered
PO-19431,MED067,LOC006,SUP012,2026-07-31,2026-08-06,2026-08-06,780,780,Delivered
PO-19432,MED067,LOC007,SUP012,2026-07-31,2026-08-06,2026-08-06,80,80,Delivered
PO-19433,MED068,LOC003,SUP004,2026-07-31,2026-08-06,2026-08-06,3560,3560,Delivered
PO-19434,MED068,LOC006,SUP004,2026-07-31,2026-08-06,2026-08-06,4800,4800,Delivered
PO-19435,MED070,LOC001,SUP004,2026-07-31,2026-08-06,2026-08-06,540,540,Delivered
PO-19436,MED072,LOC001,SUP006,2026-07-31,2026-08-07,2026-08-07,80,80,Delivered
PO-19437,MED074,LOC002,SUP006,2026-07-31,2026-08-08,2026-08-11,50,50,Delayed
PO-19438,MED075,LOC003,SUP004,2026-07-31,2026-08-06,2026-08-06,640,640,Delivered
PO-19439,MED002,LOC001,SUP010,2026-08-01,2026-08-08,2026-08-08,600,600,Delivered
PO-19440,MED002,LOC006,SUP010,2026-08-01,2026-08-08,2026-08-08,670,670,Delivered
PO-19441,MED005,LOC006,SUP001,2026-08-01,2026-08-06,2026-08-06,400,400,Delivered
PO-19442,MED010,LOC002,SUP007,2026-08-01,2026-08-05,2026-08-05,410,410,Delivered
PO-19443,MED011,LOC006,SUP011,2026-08-01,2026-08-06,2026-08-06,430,430,Delivered
PO-19444,MED011,LOC007,SUP011,2026-08-01,2026-08-06,2026-08-06,120,120,Delivered
PO-19445,MED022,LOC005,SUP002,2026-08-01,2026-08-05,2026-08-05,310,310,Delivered
PO-19446,MED027,LOC004,SUP009,2026-08-01,2026-08-06,2026-08-06,90,90,Delivered
PO-19447,MED028,LOC004,SUP002,2026-08-01,2026-08-06,2026-08-06,100,100,Delivered
PO-19448,MED030,LOC001,SUP004,2026-08-01,2026-08-06,2026-08-06,260,260,Delivered
PO-19449,MED031,LOC004,SUP015,2026-08-01,2026-08-04,2026-08-04,240,240,Delivered
PO-19450,MED032,LOC002,SUP009,2026-08-01,2026-08-04,2026-08-04,280,280,Delivered
PO-19451,MED033,LOC003,SUP004,2026-08-01,2026-08-07,2026-08-07,130,130,Delivered
PO-19452,MED037,LOC007,SUP015,2026-08-01,2026-08-05,2026-08-05,130,130,Delivered
PO-19453,MED044,LOC007,SUP010,2026-08-01,2026-08-06,2026-08-06,50,50,Delivered
PO-19454,MED049,LOC002,SUP015,2026-08-01,2026-08-04,2026-08-04,970,970,Delivered
PO-19455,MED049,LOC007,SUP015,2026-08-01,2026-08-04,2026-08-04,150,150,Delivered
PO-19456,MED052,LOC001,SUP015,2026-08-01,2026-08-04,2026-08-04,440,440,Delivered
PO-19457,MED052,LOC003,SUP015,2026-08-01,2026-08-04,2026-08-04,370,370,Delivered
PO-19458,MED057,LOC003,SUP008,2026-08-01,2026-08-05,2026-08-05,570,570,Delivered
PO-19459,MED059,LOC006,SUP015,2026-08-01,2026-08-04,2026-08-04,480,480,Delivered
PO-19460,MED065,LOC003,SUP015,2026-08-01,2026-08-03,2026-08-03,770,770,Delivered
PO-19461,MED066,LOC003,SUP004,2026-08-01,2026-08-07,2026-08-07,1010,1010,Delivered
PO-19462,MED067,LOC004,SUP012,2026-08-01,2026-08-07,2026-08-07,150,150,Delivered
PO-19463,MED069,LOC002,SUP004,2026-08-01,2026-08-08,2026-08-08,1220,1220,Delivered
PO-19464,MED074,LOC003,SUP006,2026-08-01,2026-08-09,2026-08-09,80,80,Delivered
PO-19465,MED075,LOC002,SUP004,2026-08-01,2026-08-07,2026-08-07,310,310,Delivered
PO-19466,MED001,LOC005,SUP001,2026-08-02,2026-08-07,2026-08-07,280,280,Delivered
PO-19467,MED004,LOC005,SUP001,2026-08-02,2026-08-06,2026-08-06,120,120,Delivered
PO-19468,MED007,LOC007,SUP011,2026-08-02,2026-08-05,2026-08-05,300,300,Delivered
PO-19469,MED008,LOC001,SUP001,2026-08-02,2026-08-07,2026-08-07,1800,1800,Delivered
PO-19470,MED010,LOC005,SUP007,2026-08-02,2026-08-06,2026-08-06,350,350,Delivered
PO-19471,MED013,LOC006,SUP007,2026-08-02,2026-08-07,2026-08-07,220,220,Delivered
PO-19472,MED014,LOC001,SUP007,2026-08-02,2026-08-05,2026-08-05,510,510,Delivered
PO-19473,MED016,LOC002,SUP001,2026-08-02,2026-08-06,2026-08-06,940,940,Delivered
PO-19474,MED016,LOC005,SUP001,2026-08-02,2026-08-06,2026-08-06,820,820,Delivered
PO-19475,MED017,LOC006,SUP001,2026-08-02,2026-08-07,2026-08-07,1090,1090,Delivered
PO-19476,MED023,LOC003,SUP002,2026-08-02,2026-08-06,2026-08-06,830,830,Delivered
PO-19477,MED026,LOC005,SUP002,2026-08-02,2026-08-08,2026-08-08,760,760,Delivered
PO-19478,MED028,LOC005,SUP002,2026-08-02,2026-08-07,2026-08-07,240,240,Delivered
PO-19479,MED032,LOC006,SUP009,2026-08-02,2026-08-05,2026-08-05,490,490,Delivered
PO-19480,MED034,LOC002,SUP013,2026-08-02,2026-08-08,2026-08-08,130,130,Delivered
PO-19481,MED035,LOC003,SUP015,2026-08-02,2026-08-04,2026-08-04,230,230,Delivered
PO-19482,MED041,LOC003,SUP015,2026-08-02,2026-08-04,2026-08-04,220,220,Delivered
PO-19483,MED044,LOC005,SUP010,2026-08-02,2026-08-07,2026-08-07,210,210,Delivered
PO-19484,MED046,LOC005,SUP015,2026-08-02,2026-08-06,2026-08-06,370,370,Delivered
PO-19485,MED055,LOC004,SUP015,2026-08-02,2026-08-05,2026-08-05,150,150,Delivered
PO-19486,MED057,LOC004,SUP008,2026-08-02,2026-08-06,2026-08-06,300,300,Delivered
PO-19487,MED058,LOC007,SUP008,2026-08-02,2026-08-07,2026-08-07,50,50,Delivered
PO-19488,MED061,LOC007,SUP004,2026-08-02,2026-08-09,2026-08-09,50,50,Delivered
PO-19489,MED063,LOC001,SUP004,2026-08-02,2026-08-09,2026-08-09,470,470,Delivered
PO-19490,MED064,LOC001,SUP005,2026-08-02,2026-08-07,2026-08-07,2650,2650,Delivered
PO-19491,MED068,LOC002,SUP004,2026-08-02,2026-08-08,2026-08-08,1740,1740,Delivered
PO-19492,MED069,LOC001,SUP004,2026-08-02,2026-08-09,2026-08-09,3400,3400,Delivered
PO-19493,MED069,LOC003,SUP004,2026-08-02,2026-08-09,2026-08-09,2580,2580,Delivered
PO-19494,MED070,LOC002,SUP004,2026-08-02,2026-08-08,2026-08-08,200,200,Delivered
PO-19495,MED070,LOC005,SUP004,2026-08-02,2026-08-08,2026-08-08,190,190,Delivered
PO-19496,MED007,LOC005,SUP011,2026-08-03,2026-08-06,2026-08-06,510,510,Delivered
PO-19497,MED010,LOC006,SUP007,2026-08-03,2026-08-07,2026-08-07,830,830,Delivered
PO-19498,MED011,LOC002,SUP011,2026-08-03,2026-08-08,2026-08-08,240,240,Delivered
PO-19499,MED011,LOC003,SUP011,2026-08-03,2026-08-08,2026-08-08,410,410,Delivered
PO-19500,MED011,LOC005,SUP011,2026-08-03,2026-08-08,2026-08-08,200,200,Delivered
PO-19501,MED012,LOC007,SUP007,2026-08-03,2026-08-07,2026-08-08,50,50,Delayed
PO-19502,MED014,LOC002,SUP007,2026-08-03,2026-08-06,2026-08-06,190,190,Delivered
PO-19503,MED014,LOC003,SUP007,2026-08-03,2026-08-06,2026-08-06,400,400,Delivered
PO-19504,MED015,LOC002,SUP011,2026-08-03,2026-08-06,2026-08-06,270,270,Delivered
PO-19505,MED015,LOC003,SUP011,2026-08-03,2026-08-06,2026-08-06,480,480,Delivered
PO-19506,MED018,LOC007,SUP001,2026-08-03,2026-08-06,2026-08-06,120,120,Delivered
PO-19507,MED020,LOC006,SUP004,2026-08-03,2026-08-08,2026-08-08,800,800,Delivered
PO-19508,MED023,LOC007,SUP002,2026-08-03,2026-08-07,2026-08-07,80,80,Delivered
PO-19509,MED024,LOC006,SUP009,2026-08-03,2026-08-08,2026-08-08,1370,1370,Delivered
PO-19510,MED025,LOC005,SUP002,2026-08-03,2026-08-08,2026-08-08,590,590,Delivered
PO-19511,MED027,LOC002,SUP009,2026-08-03,2026-08-08,2026-08-11,280,280,Delayed
PO-19512,MED032,LOC003,SUP009,2026-08-03,2026-08-06,2026-08-06,480,480,Delivered
PO-19513,MED047,LOC004,SUP015,2026-08-03,2026-08-06,2026-08-06,120,120,Delivered
PO-19514,MED052,LOC002,SUP015,2026-08-03,2026-08-06,2026-08-06,170,170,Delivered
PO-19515,MED053,LOC001,SUP010,2026-08-03,2026-08-09,2026-08-09,290,290,Delivered
PO-19516,MED054,LOC006,SUP015,2026-08-03,2026-08-05,2026-08-05,290,290,Delivered
PO-19517,MED055,LOC002,SUP015,2026-08-03,2026-08-06,2026-08-06,390,390,Delivered
PO-19518,MED057,LOC005,SUP008,2026-08-03,2026-08-07,2026-08-07,260,260,Delivered
PO-19519,MED058,LOC004,SUP008,2026-08-03,2026-08-08,2026-08-08,290,290,Delivered
PO-19520,MED059,LOC001,SUP015,2026-08-03,2026-08-06,2026-08-06,670,670,Delivered
PO-19521,MED063,LOC005,SUP004,2026-08-03,2026-08-10,2026-08-10,150,150,Delivered
PO-19522,MED066,LOC005,SUP004,2026-08-03,2026-08-09,2026-08-09,420,420,Delivered
PO-19523,MED068,LOC004,SUP004,2026-08-03,2026-08-09,2026-08-09,610,610,Delivered
PO-19524,MED068,LOC005,SUP004,2026-08-03,2026-08-09,2026-08-09,1360,1360,Delivered
PO-19525,MED070,LOC006,SUP004,2026-08-03,2026-08-09,2026-08-09,380,380,Delivered
PO-19526,MED071,LOC002,SUP014,2026-08-03,2026-08-09,2026-08-09,50,50,Delivered
PO-19527,MED071,LOC006,SUP014,2026-08-03,2026-08-09,2026-08-09,130,130,Delivered
PO-19528,MED073,LOC005,SUP004,2026-08-03,2026-08-09,2026-08-09,90,90,Delivered
PO-19529,MED002,LOC004,SUP010,2026-08-04,2026-08-11,2026-08-11,110,110,Delivered
PO-19530,MED002,LOC005,SUP010,2026-08-04,2026-08-11,2026-08-11,200,200,Delivered
PO-19531,MED003,LOC003,SUP001,2026-08-04,2026-08-07,2026-08-07,250,250,Delivered
PO-19532,MED009,LOC004,SUP007,2026-08-04,2026-08-08,2026-08-08,230,230,Delivered
PO-19533,MED012,LOC004,SUP007,2026-08-04,2026-08-08,2026-08-08,140,140,Delivered
PO-19534,MED016,LOC006,SUP001,2026-08-04,2026-08-08,2026-08-08,1820,1820,Delivered
PO-19535,MED017,LOC003,SUP001,2026-08-04,2026-08-09,2026-08-09,1190,1190,Delivered
PO-19536,MED018,LOC003,SUP001,2026-08-04,2026-08-07,2026-08-07,1340,1340,Delivered
PO-19537,MED021,LOC005,SUP002,2026-08-04,2026-08-08,2026-08-08,590,590,Delivered
PO-19538,MED024,LOC003,SUP009,2026-08-04,2026-08-09,2026-08-09,1370,1370,Delivered
PO-19539,MED031,LOC007,SUP015,2026-08-04,2026-08-07,2026-08-07,90,90,Delivered
PO-19540,MED033,LOC001,SUP004,2026-08-04,2026-08-10,2026-08-10,170,170,Delivered
PO-19541,MED034,LOC004,SUP013,2026-08-04,2026-08-10,2026-08-10,60,60,Delivered
PO-19542,MED038,LOC006,SUP015,2026-08-04,2026-08-06,2026-08-06,120,120,Delivered
PO-19543,MED042,LOC007,SUP003,2026-08-04,2026-08-06,2026-08-06,50,50,Delivered
PO-19544,MED045,LOC001,SUP004,2026-08-04,2026-08-09,2026-08-09,850,850,Delivered
PO-19545,MED045,LOC006,SUP004,2026-08-04,2026-08-09,2026-08-09,540,540,Delivered
PO-19546,MED049,LOC005,SUP015,2026-08-04,2026-08-07,2026-08-07,810,810,Delivered
PO-19547,MED051,LOC004,SUP015,2026-08-04,2026-08-06,2026-08-06,280,280,Delivered
PO-19548,MED051,LOC006,SUP015,2026-08-04,2026-08-06,2026-08-06,1410,1410,Delivered
PO-19549,MED054,LOC002,SUP015,2026-08-04,2026-08-06,2026-08-06,200,200,Delivered
PO-19550,MED058,LOC001,SUP008,2026-08-04,2026-08-09,2026-08-09,780,780,Delivered
PO-19551,MED061,LOC001,SUP004,2026-08-04,2026-08-11,2026-08-11,660,660,Delivered
PO-19552,MED061,LOC006,SUP004,2026-08-04,2026-08-11,2026-08-11,500,500,Delivered
PO-19553,MED064,LOC003,SUP005,2026-08-04,2026-08-09,2026-08-09,1990,1990,Delivered
PO-19554,MED066,LOC002,SUP004,2026-08-04,2026-08-10,2026-08-10,490,490,Delivered
PO-19555,MED067,LOC005,SUP012,2026-08-04,2026-08-10,2026-08-13,330,330,Delayed
PO-19556,MED072,LOC003,SUP006,2026-08-04,2026-08-11,2026-08-11,80,80,Delivered
PO-19557,MED001,LOC003,SUP001,2026-08-05,2026-08-10,2026-08-10,690,690,Delivered
PO-19558,MED004,LOC001,SUP001,2026-08-05,2026-08-09,2026-08-09,370,370,Delivered
PO-19559,MED006,LOC001,SUP001,2026-08-05,2026-08-10,2026-08-10,1100,1100,Delivered
PO-19560,MED009,LOC005,SUP007,2026-08-05,2026-08-09,2026-08-10,550,550,Delayed
PO-19561,MED017,LOC001,SUP001,2026-08-05,2026-08-10,2026-08-10,1450,1450,Delivered
PO-19562,MED017,LOC004,SUP001,2026-08-05,2026-08-10,2026-08-10,250,250,Delivered
PO-19563,MED022,LOC002,SUP002,2026-08-05,2026-08-09,2026-08-09,430,430,Delivered
PO-19564,MED022,LOC003,SUP002,2026-08-05,2026-08-09,2026-08-09,900,900,Delivered
PO-19565,MED033,LOC002,SUP004,2026-08-05,2026-08-11,2026-08-11,80,80,Delivered
PO-19566,MED035,LOC005,SUP015,2026-08-05,2026-08-07,2026-08-07,100,100,Delivered
PO-19567,MED037,LOC004,SUP015,2026-08-05,2026-08-09,2026-08-09,380,380,Delivered
PO-19568,MED040,LOC003,SUP004,2026-08-05,2026-08-10,2026-08-10,120,120,Delivered
PO-19569,MED040,LOC006,SUP004,2026-08-05,2026-08-10,2026-08-10,130,130,Delivered
PO-19570,MED043,LOC001,SUP003,2026-08-05,2026-08-07,2026-08-07,290,290,Delivered
PO-19571,MED044,LOC006,SUP010,2026-08-05,2026-08-10,2026-08-10,390,390,Delivered
PO-19572,MED051,LOC001,SUP015,2026-08-05,2026-08-07,2026-08-07,1890,1890,Delivered
PO-19573,MED051,LOC002,SUP015,2026-08-05,2026-08-07,2026-08-07,750,750,Delivered
PO-19574,MED051,LOC003,SUP015,2026-08-05,2026-08-07,2026-08-07,1520,1520,Delivered
PO-19575,MED053,LOC007,SUP010,2026-08-05,2026-08-11,2026-08-11,50,50,Delivered
PO-19576,MED054,LOC001,SUP015,2026-08-05,2026-08-07,2026-08-07,410,410,Delivered
PO-19577,MED054,LOC003,SUP015,2026-08-05,2026-08-07,2026-08-07,310,310,Delivered
PO-19578,MED057,LOC002,SUP008,2026-08-05,2026-08-09,2026-08-09,320,320,Delivered
PO-19579,MED057,LOC006,SUP008,2026-08-05,2026-08-09,2026-08-09,610,610,Delivered
PO-19580,MED059,LOC007,SUP015,2026-08-05,2026-08-08,2026-08-08,50,50,Delivered
PO-19581,MED062,LOC001,SUP004,2026-08-05,2026-08-10,2026-08-10,1460,1460,Delivered
PO-19582,MED062,LOC002,SUP004,2026-08-05,2026-08-10,2026-08-10,580,580,Delivered
PO-19583,MED066,LOC004,SUP004,2026-08-05,2026-08-11,2026-08-11,190,190,Delivered
PO-19584,MED069,LOC006,SUP004,2026-08-05,2026-08-12,2026-08-12,3370,3370,Delivered
PO-19585,MED003,LOC006,SUP001,2026-08-06,2026-08-09,2026-08-09,370,370,Delivered
PO-19586,MED005,LOC003,SUP001,2026-08-06,2026-08-11,2026-08-11,310,310,Delivered
PO-19587,MED008,LOC002,SUP001,2026-08-06,2026-08-11,2026-08-11,270,270,Delivered
PO-19588,MED012,LOC006,SUP007,2026-08-06,2026-08-10,2026-08-10,620,620,Delivered
PO-19589,MED013,LOC005,SUP007,2026-08-06,2026-08-11,2026-08-11,100,100,Delivered
PO-19590,MED018,LOC002,SUP001,2026-08-06,2026-08-09,2026-08-09,690,690,Delivered
PO-19591,MED019,LOC004,SUP015,2026-08-06,2026-08-09,2026-08-09,160,160,Delivered
PO-19592,MED026,LOC004,SUP002,2026-08-06,2026-08-12,2026-08-12,330,330,Delivered
PO-19593,MED029,LOC001,SUP015,2026-08-06,2026-08-09,2026-08-09,320,320,Delivered
PO-19594,MED031,LOC002,SUP015,2026-08-06,2026-08-09,2026-08-09,520,520,Delivered
PO-19595,MED061,LOC002,SUP004,2026-08-06,2026-08-13,2026-08-13,290,290,Delivered
PO-19596,MED061,LOC003,SUP004,2026-08-06,2026-08-13,2026-08-13,490,490,Delivered
PO-19597,MED061,LOC004,SUP004,2026-08-06,2026-08-13,2026-08-13,120,120,Delivered
PO-19598,MED062,LOC006,SUP004,2026-08-06,2026-08-11,2026-08-11,1060,1060,Delivered
PO-19599,MED063,LOC006,SUP004,2026-08-06,2026-08-13,2026-08-13,350,350,Delivered
PO-19600,MED070,LOC007,SUP004,2026-08-06,2026-08-12,2026-08-12,50,50,Delivered
PO-19601,MED071,LOC005,SUP014,2026-08-06,2026-08-12,2026-08-12,70,70,Delivered
PO-19602,MED073,LOC002,SUP004,2026-08-06,2026-08-12,2026-08-12,90,90,Delivered
PO-19603,MED075,LOC005,SUP004,2026-08-06,2026-08-12,2026-08-12,280,280,Delivered
PO-19604,MED002,LOC002,SUP010,2026-08-07,2026-08-14,2026-08-14,230,230,Delivered
PO-19605,MED003,LOC001,SUP001,2026-08-07,2026-08-10,2026-08-10,330,330,Delivered
PO-19606,MED008,LOC003,SUP001,2026-08-07,2026-08-12,2026-08-12,470,470,Delivered
PO-19607,MED008,LOC006,SUP001,2026-08-07,2026-08-12,2026-08-12,510,510,Delivered
PO-19608,MED011,LOC001,SUP011,2026-08-07,2026-08-12,2026-08-12,540,540,Delivered
PO-19609,MED013,LOC001,SUP007,2026-08-07,2026-08-12,2026-08-12,370,370,Delivered
PO-19610,MED013,LOC003,SUP007,2026-08-07,2026-08-12,2026-08-12,240,240,Delivered
PO-19611,MED016,LOC007,SUP001,2026-08-07,2026-08-11,2026-08-11,120,120,Delivered
PO-19612,MED017,LOC007,SUP001,2026-08-07,2026-08-12,2026-08-12,100,100,Delivered
PO-19613,MED018,LOC005,SUP001,2026-08-07,2026-08-10,2026-08-10,580,580,Delivered
PO-19614,MED019,LOC007,SUP015,2026-08-07,2026-08-10,2026-08-10,90,90,Delivered
PO-19615,MED020,LOC003,SUP004,2026-08-07,2026-08-12,2026-08-12,790,790,Delivered
PO-19616,MED024,LOC001,SUP009,2026-08-07,2026-08-12,2026-08-12,1880,1880,Delivered
PO-19617,MED026,LOC007,SUP002,2026-08-07,2026-08-13,2026-08-13,160,160,Delivered
PO-19618,MED029,LOC006,SUP015,2026-08-07,2026-08-10,2026-08-10,240,240,Delivered
PO-19619,MED030,LOC007,SUP004,2026-08-07,2026-08-12,2026-08-12,50,50,Delivered
PO-19620,MED034,LOC006,SUP013,2026-08-07,2026-08-13,2026-08-13,270,270,Delivered
PO-19621,MED034,LOC007,SUP013,2026-08-07,2026-08-13,2026-08-13,50,50,Delivered
PO-19622,MED035,LOC007,SUP015,2026-08-07,2026-08-09,2026-08-09,50,50,Delivered
PO-19623,MED036,LOC002,SUP003,2026-08-07,2026-08-09,2026-08-09,960,960,Delivered
PO-19624,MED037,LOC006,SUP015,2026-08-07,2026-08-11,2026-08-11,1970,1970,Delivered
PO-19625,MED039,LOC001,SUP006,2026-08-07,2026-08-15,2026-08-15,80,80,Delivered
PO-19626,MED040,LOC002,SUP004,2026-08-07,2026-08-12,2026-08-12,70,70,Delivered
PO-19627,MED042,LOC006,SUP003,2026-08-07,2026-08-09,2026-08-09,630,630,Delivered
PO-19628,MED047,LOC003,SUP015,2026-08-07,2026-08-10,2026-08-10,580,580,Delivered
PO-19629,MED048,LOC006,SUP015,2026-08-07,2026-08-09,2026-08-09,380,380,Delivered
PO-19630,MED049,LOC004,SUP015,2026-08-07,2026-08-10,2026-08-10,390,390,Delivered
PO-19631,MED050,LOC002,SUP005,2026-08-07,2026-08-11,2026-08-11,990,990,Delivered
PO-19632,MED056,LOC007,SUP005,2026-08-07,2026-08-12,2026-08-12,60,60,Delivered
PO-19633,MED058,LOC006,SUP008,2026-08-07,2026-08-12,2026-08-12,600,600,Delivered
PO-19634,MED059,LOC003,SUP015,2026-08-07,2026-08-10,2026-08-10,540,540,Delivered
PO-19635,MED060,LOC002,SUP015,2026-08-07,2026-08-09,2026-08-09,50,50,Delivered
PO-19636,MED060,LOC006,SUP015,2026-08-07,2026-08-09,2026-08-09,80,80,Delivered
PO-19637,MED063,LOC002,SUP004,2026-08-07,2026-08-14,2026-08-14,190,190,Delivered
PO-19638,MED063,LOC007,SUP004,2026-08-07,2026-08-14,2026-08-14,50,50,Delivered
PO-19639,MED064,LOC002,SUP005,2026-08-07,2026-08-12,2026-08-12,1090,1090,Delivered
PO-19640,MED065,LOC007,SUP015,2026-08-07,2026-08-09,2026-08-09,60,60,Delivered
PO-19641,MED071,LOC001,SUP014,2026-08-07,2026-08-13,2026-08-13,150,150,Delivered
PO-19642,MED073,LOC006,SUP004,2026-08-07,2026-08-13,2026-08-13,160,160,Delivered
PO-19643,MED075,LOC004,SUP004,2026-08-07,2026-08-13,2026-08-13,50,50,Delivered
PO-19644,MED006,LOC003,SUP001,2026-08-08,2026-08-13,2026-08-13,840,840,Delivered
PO-19645,MED006,LOC007,SUP001,2026-08-08,2026-08-13,2026-08-13,50,50,Delivered
PO-19646,MED012,LOC005,SUP007,2026-08-08,2026-08-12,2026-08-12,260,260,Delivered
PO-19647,MED017,LOC005,SUP001,2026-08-08,2026-08-13,2026-08-13,530,530,Delivered
PO-19648,MED019,LOC002,SUP015,2026-08-08,2026-08-11,2026-08-11,480,480,Delivered
PO-19649,MED020,LOC001,SUP004,2026-08-08,2026-08-13,2026-08-13,1010,1010,Delivered
PO-19650,MED021,LOC007,SUP002,2026-08-08,2026-08-12,2026-08-12,110,110,Delivered
PO-19651,MED025,LOC003,SUP002,2026-08-08,2026-08-13,2026-08-13,1340,1340,Delivered
PO-19652,MED028,LOC001,SUP002,2026-08-08,2026-08-13,2026-08-13,770,770,Delivered
PO-19653,MED028,LOC006,SUP002,2026-08-08,2026-08-13,2026-08-13,560,560,Delivered
PO-19654,MED030,LOC004,SUP004,2026-08-08,2026-08-13,2026-08-13,50,50,Delivered
PO-19655,MED032,LOC005,SUP009,2026-08-08,2026-08-11,2026-08-11,220,220,Delivered
PO-19656,MED033,LOC006,SUP004,2026-08-08,2026-08-14,2026-08-14,130,130,Delivered
PO-19657,MED034,LOC001,SUP013,2026-08-08,2026-08-14,2026-08-14,320,320,Delivered
PO-19658,MED039,LOC002,SUP006,2026-08-08,2026-08-16,2026-08-16,50,50,Delivered
PO-19659,MED041,LOC001,SUP015,2026-08-08,2026-08-10,2026-08-10,250,250,Delivered
PO-19660,MED047,LOC007,SUP015,2026-08-08,2026-08-11,2026-08-11,70,70,Delivered
PO-19661,MED052,LOC004,SUP015,2026-08-08,2026-08-11,2026-08-11,70,70,Delivered
PO-19662,MED053,LOC004,SUP010,2026-08-08,2026-08-14,2026-08-14,50,50,Delivered
PO-19663,MED056,LOC006,SUP005,2026-08-08,2026-08-13,2026-08-13,640,640,Delivered
PO-19664,MED062,LOC004,SUP004,2026-08-08,2026-08-13,2026-08-13,200,200,Delivered
PO-19665,MED063,LOC003,SUP004,2026-08-08,2026-08-15,2026-08-15,370,370,Delivered
PO-19666,MED072,LOC002,SUP006,2026-08-08,2026-08-15,2026-08-15,50,50,Delivered
PO-19667,MED010,LOC004,SUP007,2026-08-09,2026-08-13,2026-08-13,150,150,Delivered
PO-19668,MED019,LOC001,SUP015,2026-08-09,2026-08-12,2026-08-12,1330,1330,Delivered
PO-19669,MED020,LOC004,SUP004,2026-08-09,2026-08-14,2026-08-16,110,110,Delayed
PO-19670,MED021,LOC003,SUP002,2026-08-09,2026-08-13,2026-08-13,1390,1390,Delivered
PO-19671,MED023,LOC002,SUP002,2026-08-09,2026-08-13,2026-08-13,410,410,Delivered
PO-19672,MED025,LOC007,SUP002,2026-08-09,2026-08-14,2026-08-14,90,90,Delivered
PO-19673,MED027,LOC006,SUP009,2026-08-09,2026-08-14,2026-08-14,530,530,Delivered
PO-19674,MED029,LOC002,SUP015,2026-08-09,2026-08-12,2026-08-12,140,140,Delivered
PO-19675,MED036,LOC007,SUP003,2026-08-09,2026-08-11,2026-08-11,140,140,Delivered
PO-19676,MED049,LOC006,SUP015,2026-08-09,2026-08-12,2026-08-12,1890,1890,Delivered
PO-19677,MED054,LOC005,SUP015,2026-08-09,2026-08-11,2026-08-11,120,120,Delivered
PO-19678,MED058,LOC003,SUP008,2026-08-09,2026-08-14,2026-08-14,690,690,Delivered
PO-19679,MED058,LOC005,SUP008,2026-08-09,2026-08-14,2026-08-15,240,240,Delayed
PO-19680,MED067,LOC002,SUP012,2026-08-09,2026-08-15,2026-08-15,370,370,Delivered
PO-19681,MED073,LOC003,SUP004,2026-08-09,2026-08-15,2026-08-15,190,190,Delivered
PO-19682,MED004,LOC003,SUP001,2026-08-10,2026-08-14,2026-08-14,300,300,Delivered
PO-19683,MED005,LOC004,SUP001,2026-08-10,2026-08-15,2026-08-15,50,50,Delivered
PO-19684,MED008,LOC007,SUP001,2026-08-10,2026-08-15,2026-08-15,150,150,Delivered
PO-19685,MED016,LOC001,SUP001,2026-08-10,2026-08-14,2026-08-14,2440,2440,Delivered
PO-19686,MED019,LOC006,SUP015,2026-08-10,2026-08-13,2026-08-13,950,950,Delivered
PO-19687,MED022,LOC007,SUP002,2026-08-10,2026-08-14,2026-08-14,70,70,Delivered
PO-19688,MED024,LOC002,SUP009,2026-08-10,2026-08-15,2026-08-15,710,710,Delivered
PO-19689,MED024,LOC004,SUP009,2026-08-10,2026-08-15,2026-08-15,270,270,Delivered
PO-19690,MED025,LOC006,SUP002,2026-08-10,2026-08-15,2026-08-17,1210,1210,Delayed
PO-19691,MED026,LOC001,SUP002,2026-08-10,2026-08-16,2026-08-16,2290,2290,Delivered
PO-19692,MED026,LOC003,SUP002,2026-08-10,2026-08-16,2026-08-16,1700,1700,Delivered
PO-19693,MED027,LOC001,SUP009,2026-08-10,2026-08-15,2026-08-15,680,680,Delivered
PO-19694,MED028,LOC002,SUP002,2026-08-10,2026-08-15,2026-08-15,320,320,Delivered
PO-19695,MED028,LOC003,SUP002,2026-08-10,2026-08-15,2026-08-15,630,630,Delivered
PO-19696,MED029,LOC004,SUP015,2026-08-10,2026-08-13,2026-08-13,50,50,Delivered
PO-19697,MED029,LOC005,SUP015,2026-08-10,2026-08-13,2026-08-13,110,110,Delivered
PO-19698,MED032,LOC004,SUP009,2026-08-10,2026-08-13,2026-08-13,110,110,Delivered
PO-19699,MED036,LOC003,SUP003,2026-08-10,2026-08-12,2026-08-12,1890,1890,Delivered
PO-19700,MED037,LOC001,SUP015,2026-08-10,2026-08-14,2026-08-14,2510,2510,Delivered
PO-19701,MED040,LOC001,SUP004,2026-08-10,2026-08-15,2026-08-15,160,160,Delivered
PO-19702,MED041,LOC006,SUP015,2026-08-10,2026-08-12,2026-08-12,180,180,Delivered
PO-19703,MED042,LOC002,SUP003,2026-08-10,2026-08-12,2026-08-12,290,290,Delivered
PO-19704,MED043,LOC002,SUP003,2026-08-10,2026-08-12,2026-08-12,100,100,Delivered
PO-19705,MED044,LOC001,SUP010,2026-08-10,2026-08-15,2026-08-15,580,580,Delivered
PO-19706,MED044,LOC003,SUP010,2026-08-10,2026-08-15,2026-08-15,400,400,Delivered
PO-19707,MED045,LOC002,SUP004,2026-08-10,2026-08-15,2026-08-15,310,310,Delivered
PO-19708,MED046,LOC001,SUP015,2026-08-10,2026-08-14,2026-08-14,1180,1180,Delivered
PO-19709,MED048,LOC002,SUP015,2026-08-10,2026-08-12,2026-08-12,230,230,Delivered
PO-19710,MED055,LOC007,SUP015,2026-08-10,2026-08-13,2026-08-13,70,70,Delivered
PO-19711,MED056,LOC003,SUP005,2026-08-10,2026-08-15,2026-08-15,690,690,Delivered
PO-19712,MED056,LOC005,SUP005,2026-08-10,2026-08-15,2026-08-18,320,320,Delayed
PO-19713,MED061,LOC005,SUP004,2026-08-10,2026-08-17,2026-08-17,220,220,Delivered
PO-19714,MED064,LOC007,SUP005,2026-08-10,2026-08-15,2026-08-15,160,160,Delivered
PO-19715,MED065,LOC005,SUP015,2026-08-10,2026-08-12,2026-08-12,320,320,Delivered
PO-19716,MED067,LOC003,SUP012,2026-08-10,2026-08-16,2026-08-16,850,850,Delivered
PO-19717,MED069,LOC007,SUP004,2026-08-10,2026-08-17,2026-08-17,180,180,Delivered
PO-19718,MED001,LOC002,SUP001,2026-08-11,2026-08-16,2026-08-16,380,380,Delivered
PO-19719,MED004,LOC002,SUP001,2026-08-11,2026-08-15,2026-08-15,150,150,Delivered
PO-19720,MED005,LOC002,SUP001,2026-08-11,2026-08-16,2026-08-16,150,150,Delivered
PO-19721,MED009,LOC002,SUP007,2026-08-11,2026-08-15,2026-08-15,700,700,Delivered
PO-19722,MED009,LOC006,SUP007,2026-08-11,2026-08-15,2026-08-15,1170,1170,Delivered
PO-19723,MED009,LOC007,SUP007,2026-08-11,2026-08-15,2026-08-16,110,110,Delayed
PO-19724,MED012,LOC001,SUP007,2026-08-11,2026-08-15,2026-08-15,810,810,Delivered
PO-19725,MED015,LOC006,SUP011,2026-08-11,2026-08-14,2026-08-16,460,460,Delayed
PO-19726,MED015,LOC007,SUP011,2026-08-11,2026-08-14,2026-08-14,180,180,Delivered
PO-19727,MED016,LOC003,SUP001,2026-08-11,2026-08-15,2026-08-15,1880,1880,Delivered
PO-19728,MED017,LOC002,SUP001,2026-08-11,2026-08-16,2026-08-16,550,550,Delivered
PO-19729,MED020,LOC002,SUP004,2026-08-11,2026-08-16,2026-08-16,400,400,Delivered
PO-19730,MED020,LOC005,SUP004,2026-08-11,2026-08-16,2026-08-16,300,300,Delivered
PO-19731,MED020,LOC007,SUP004,2026-08-11,2026-08-16,2026-08-16,270,270,Delivered
PO-19732,MED022,LOC001,SUP002,2026-08-11,2026-08-15,2026-08-15,1070,1070,Delivered
PO-19733,MED023,LOC005,SUP002,2026-08-11,2026-08-15,2026-08-15,360,360,Delivered
PO-19734,MED031,LOC001,SUP015,2026-08-11,2026-08-14,2026-08-16,1450,1450,Delayed
PO-19735,MED031,LOC005,SUP015,2026-08-11,2026-08-14,2026-08-14,440,440,Delivered
PO-19736,MED039,LOC006,SUP006,2026-08-11,2026-08-19,2026-08-19,70,70,Delivered
PO-19737,MED046,LOC006,SUP015,2026-08-11,2026-08-15,2026-08-15,840,840,Delivered
PO-19738,MED053,LOC005,SUP010,2026-08-11,2026-08-17,2026-08-20,110,110,Delayed
PO-19739,MED056,LOC002,SUP005,2026-08-11,2026-08-16,2026-08-16,370,370,Delivered
PO-19740,MED056,LOC004,SUP005,2026-08-11,2026-08-16,2026-08-16,330,330,Delivered
PO-19741,MED057,LOC001,SUP008,2026-08-11,2026-08-15,,760,0,Delayed
PO-19742,MED059,LOC002,SUP015,2026-08-11,2026-08-14,2026-08-14,250,250,Delivered
PO-19743,MED062,LOC003,SUP004,2026-08-11,2026-08-16,2026-08-16,1150,1150,Delivered
PO-19744,MED064,LOC005,SUP005,2026-08-11,2026-08-16,2026-08-16,950,950,Delivered
PO-19745,MED065,LOC006,SUP015,2026-08-11,2026-08-13,2026-08-13,690,690,Delivered
PO-19746,MED071,LOC003,SUP014,2026-08-11,2026-08-17,2026-08-17,120,120,Delivered
PO-19747,MED072,LOC005,SUP006,2026-08-11,2026-08-18,2026-08-18,50,50,Delivered
PO-19748,MED072,LOC006,SUP006,2026-08-11,2026-08-18,2026-08-18,50,50,Delivered
PO-19749,MED073,LOC001,SUP004,2026-08-11,2026-08-17,2026-08-17,240,240,Delivered
PO-19750,MED001,LOC005,SUP001,2026-08-12,2026-08-17,2026-08-17,330,330,Delivered
PO-19751,MED006,LOC006,SUP001,2026-08-12,2026-08-17,2026-08-17,1190,1190,Delivered
PO-19752,MED010,LOC003,SUP007,2026-08-12,2026-08-16,2026-08-16,810,810,Delivered
PO-19753,MED021,LOC001,SUP002,2026-08-12,2026-08-16,2026-08-16,1650,1650,Delivered
PO-19754,MED025,LOC001,SUP002,2026-08-12,2026-08-17,2026-08-17,1640,1640,Delivered
PO-19755,MED025,LOC004,SUP002,2026-08-12,2026-08-17,2026-08-17,240,240,Delivered
PO-19756,MED027,LOC003,SUP009,2026-08-12,2026-08-17,2026-08-17,580,580,Delivered
PO-19757,MED027,LOC004,SUP009,2026-08-12,2026-08-17,2026-08-17,110,110,Delivered
PO-19758,MED027,LOC005,SUP009,2026-08-12,2026-08-17,2026-08-17,220,220,Delivered
PO-19759,MED035,LOC006,SUP015,2026-08-12,2026-08-14,2026-08-14,180,180,Delivered
PO-19760,MED036,LOC001,SUP003,2026-08-12,2026-08-14,2026-08-14,2350,2350,Delivered
PO-19761,MED036,LOC004,SUP003,2026-08-12,2026-08-14,2026-08-14,300,300,Delivered
PO-19762,MED036,LOC006,SUP003,2026-08-12,2026-08-14,2026-08-14,1640,1640,Delivered
PO-19763,MED049,LOC003,SUP015,2026-08-12,2026-08-15,2026-08-15,1820,1820,Delivered
PO-19764,MED050,LOC005,SUP005,2026-08-12,2026-08-16,2026-08-16,810,810,Delivered
PO-19765,MED055,LOC003,SUP015,2026-08-12,2026-08-15,2026-08-15,790,790,Delivered
PO-19766,MED055,LOC005,SUP015,2026-08-12,2026-08-15,2026-08-15,340,340,Delivered
PO-19767,MED058,LOC007,SUP008,2026-08-12,2026-08-17,2026-08-17,60,60,Delivered
PO-19768,MED064,LOC004,SUP005,2026-08-12,2026-08-17,2026-08-17,390,390,Delivered
PO-19769,MED066,LOC001,SUP004,2026-08-12,2026-08-18,2026-08-18,1250,1250,Delivered
PO-19770,MED066,LOC006,SUP004,2026-08-12,2026-08-18,2026-08-18,900,900,Delivered
PO-19771,MED069,LOC004,SUP004,2026-08-12,2026-08-19,2026-08-19,450,450,Delivered
PO-19772,MED001,LOC004,SUP001,2026-08-13,2026-08-18,2026-08-18,160,160,Delivered
PO-19773,MED002,LOC003,SUP010,2026-08-13,2026-08-20,2026-08-20,410,410,Delivered
PO-19774,MED002,LOC007,SUP010,2026-08-13,2026-08-20,2026-08-20,50,50,Delivered
PO-19775,MED003,LOC002,SUP001,2026-08-13,2026-08-16,2026-08-16,140,140,Delivered
PO-19776,MED004,LOC004,SUP001,2026-08-13,2026-08-17,2026-08-17,50,50,Delivered
PO-19777,MED005,LOC005,SUP001,2026-08-13,2026-08-18,2026-08-18,110,110,Delivered
PO-19778,MED006,LOC002,SUP001,2026-08-13,2026-08-18,2026-08-18,440,440,Delivered
PO-19779,MED007,LOC003,SUP011,2026-08-13,2026-08-16,2026-08-19,1150,1150,Delayed
PO-19780,MED011,LOC007,SUP011,2026-08-13,2026-08-18,2026-08-18,140,140,Delivered
PO-19781,MED012,LOC003,SUP007,2026-08-13,2026-08-17,2026-08-17,650,650,Delivered
PO-19782,MED016,LOC004,SUP001,2026-08-13,2026-08-17,2026-08-17,340,340,Delivered
PO-19783,MED025,LOC002,SUP002,2026-08-13,2026-08-18,2026-08-18,660,660,Delivered
PO-19784,MED027,LOC007,SUP009,2026-08-13,2026-08-18,2026-08-18,50,50,Delivered
PO-19785,MED031,LOC006,SUP015,2026-08-13,2026-08-16,2026-08-16,1110,1110,Delivered
PO-19786,MED032,LOC001,SUP009,2026-08-13,2026-08-16,2026-08-16,650,650,Delivered
PO-19787,MED037,LOC002,SUP015,2026-08-13,2026-08-17,2026-08-17,1010,1010,Delivered
PO-19788,MED038,LOC001,SUP015,2026-08-13,2026-08-15,2026-08-15,150,150,Delivered
PO-19789,MED041,LOC004,SUP015,2026-08-13,2026-08-15,2026-08-15,50,50,Delivered
PO-19790,MED045,LOC004,SUP004,2026-08-13,2026-08-18,2026-08-18,120,120,Delivered
PO-19791,MED045,LOC005,SUP004,2026-08-13,2026-08-18,2026-08-18,260,260,Delivered
PO-19792,MED045,LOC007,SUP004,2026-08-13,2026-08-18,2026-08-18,60,60,Delivered
PO-19793,MED047,LOC006,SUP015,2026-08-13,2026-08-16,2026-08-17,490,490,Delayed
PO-19794,MED048,LOC004,SUP015,2026-08-13,2026-08-15,2026-08-15,80,80,Delivered
PO-19795,MED048,LOC005,SUP015,2026-08-13,2026-08-15,2026-08-16,190,190,Delayed
PO-19796,MED050,LOC006,SUP005,2026-08-13,2026-08-17,2026-08-17,1760,1760,Delivered
PO-19797,MED051,LOC005,SUP015,2026-08-13,2026-08-15,2026-08-15,620,620,Delivered
PO-19798,MED053,LOC002,SUP010,2026-08-13,2026-08-19,2026-08-19,100,100,Delivered
PO-19799,MED053,LOC006,SUP010,2026-08-13,2026-08-19,2026-08-20,320,320,Delayed
PO-19800,MED065,LOC002,SUP015,2026-08-13,2026-08-15,2026-08-15,420,420,Delivered
PO-19801,MED068,LOC001,SUP004,2026-08-13,2026-08-19,2026-08-19,4310,4310,Delivered
PO-19802,MED068,LOC007,SUP004,2026-08-13,2026-08-19,2026-08-19,250,250,Delivered
PO-19803,MED070,LOC001,SUP004,2026-08-13,2026-08-19,2026-08-19,560,560,Delivered
PO-19804,MED072,LOC007,SUP006,2026-08-13,2026-08-20,2026-08-20,50,50,Delivered
PO-19805,MED074,LOC001,SUP006,2026-08-13,2026-08-21,2026-08-21,110,110,Delivered
PO-19806,MED075,LOC002,SUP004,2026-08-13,2026-08-19,2026-08-19,340,340,Delivered
PO-19807,MED004,LOC005,SUP001,2026-08-14,2026-08-18,2026-08-18,160,160,Delivered
PO-19808,MED005,LOC001,SUP001,2026-08-14,2026-08-19,2026-08-19,380,380,Delivered
PO-19809,MED006,LOC004,SUP001,2026-08-14,2026-08-19,2026-08-19,140,140,Delivered
PO-19810,MED006,LOC005,SUP001,2026-08-14,2026-08-19,2026-08-19,360,360,Delivered
PO-19811,MED010,LOC001,SUP007,2026-08-14,2026-08-18,2026-08-18,1060,1060,Delivered
PO-19812,MED011,LOC004,SUP011,2026-08-14,2026-08-19,2026-08-19,80,80,Delivered
PO-19813,MED013,LOC002,SUP007,2026-08-14,2026-08-19,2026-08-19,120,120,Delivered
PO-19814,MED018,LOC006,SUP001,2026-08-14,2026-08-17,2026-08-17,1270,1270,Delivered
PO-19815,MED019,LOC003,SUP015,2026-08-14,2026-08-17,2026-08-17,970,970,Delivered
PO-19816,MED021,LOC002,SUP002,2026-08-14,2026-08-18,2026-08-18,680,680,Delivered
PO-19817,MED021,LOC006,SUP002,2026-08-14,2026-08-18,2026-08-18,1300,1300,Delivered
PO-19818,MED022,LOC002,SUP002,2026-08-14,2026-08-18,2026-08-19,160,160,Delayed
PO-19819,MED026,LOC002,SUP002,2026-08-14,2026-08-20,2026-08-20,880,880,Delivered
PO-19820,MED028,LOC007,SUP002,2026-08-14,2026-08-19,2026-08-19,60,60,Delivered
PO-19821,MED029,LOC003,SUP015,2026-08-14,2026-08-17,2026-08-17,200,200,Delivered
PO-19822,MED030,LOC005,SUP004,2026-08-14,2026-08-19,2026-08-19,80,80,Delivered
PO-19823,MED030,LOC006,SUP004,2026-08-14,2026-08-19,2026-08-19,170,170,Delivered
PO-19824,MED033,LOC003,SUP004,2026-08-14,2026-08-20,2026-08-20,180,180,Delivered
PO-19825,MED035,LOC002,SUP015,2026-08-14,2026-08-16,2026-08-16,120,120,Delivered
PO-19826,MED038,LOC002,SUP015,2026-08-14,2026-08-16,2026-08-16,80,80,Delivered
PO-19827,MED038,LOC003,SUP015,2026-08-14,2026-08-16,2026-08-16,110,110,Delivered
PO-19828,MED038,LOC005,SUP015,2026-08-14,2026-08-16,2026-08-16,60,60,Delivered
PO-19829,MED038,LOC007,SUP015,2026-08-14,2026-08-16,2026-08-16,50,50,Delivered
PO-19830,MED039,LOC003,SUP006,2026-08-14,2026-08-22,2026-08-22,80,80,Delivered
PO-19831,MED041,LOC002,SUP015,2026-08-14,2026-08-16,2026-08-16,100,100,Delivered
PO-19832,MED042,LOC001,SUP003,2026-08-14,2026-08-16,2026-08-16,850,850,Delivered
PO-19833,MED045,LOC003,SUP004,2026-08-14,2026-08-19,2026-08-19,660,660,Delivered
PO-19834,MED047,LOC001,SUP015,2026-08-14,2026-08-17,2026-08-17,770,770,Delivered
PO-19835,MED047,LOC002,SUP015,2026-08-14,2026-08-17,2026-08-17,310,310,Delivered
PO-19836,MED047,LOC005,SUP015,2026-08-14,2026-08-17,2026-08-17,250,250,Delivered
PO-19837,MED053,LOC003,SUP010,2026-08-14,2026-08-20,2026-08-20,220,220,Delivered
PO-19838,MED057,LOC007,SUP008,2026-08-14,2026-08-18,,50,0,Delayed
PO-19839,MED062,LOC005,SUP004,2026-08-14,2026-08-19,2026-08-19,460,460,Delivered
PO-19840,MED069,LOC002,SUP004,2026-08-14,2026-08-21,2026-08-21,1200,1200,Delivered
PO-19841,MED070,LOC002,SUP004,2026-08-14,2026-08-20,2026-08-20,230,230,Delivered
PO-19842,MED070,LOC003,SUP004,2026-08-14,2026-08-20,2026-08-20,420,420,Delivered
PO-19843,MED070,LOC004,SUP004,2026-08-14,2026-08-20,2026-08-23,50,50,Delayed
PO-19844,MED073,LOC004,SUP004,2026-08-14,2026-08-20,2026-08-20,50,50,Delivered
PO-19845,MED074,LOC006,SUP006,2026-08-14,2026-08-22,2026-08-25,70,70,Delayed
PO-19846,MED074,LOC007,SUP006,2026-08-14,2026-08-22,2026-08-22,50,50,Delivered
PO-19847,MED075,LOC006,SUP004,2026-08-14,2026-08-20,2026-08-20,590,590,Delivered
PO-19848,MED002,LOC006,SUP010,2026-08-15,2026-08-22,2026-08-22,700,700,Delivered
PO-19849,MED003,LOC004,SUP001,2026-08-15,2026-08-18,2026-08-18,50,50,Delivered
PO-19850,MED009,LOC003,SUP007,2026-08-15,2026-08-19,2026-08-19,1310,1310,Delivered
PO-19851,MED014,LOC005,SUP007,2026-08-15,2026-08-18,2026-08-18,180,180,Delivered
PO-19852,MED018,LOC001,SUP001,2026-08-15,2026-08-18,2026-08-18,1610,1610,Delivered
PO-19853,MED023,LOC006,SUP002,2026-08-15,2026-08-19,2026-08-19,800,800,Delivered
PO-19854,MED024,LOC005,SUP009,2026-08-15,2026-08-20,2026-08-20,600,600,Delivered
PO-19855,MED026,LOC006,SUP002,2026-08-15,2026-08-21,2026-08-21,1720,1720,Delivered
PO-19856,MED028,LOC004,SUP002,2026-08-15,2026-08-20,2026-08-20,120,120,Delivered
PO-19857,MED033,LOC004,SUP004,2026-08-15,2026-08-21,2026-08-21,50,50,Delivered
PO-19858,MED034,LOC002,SUP013,2026-08-15,2026-08-21,2026-08-24,150,150,Delayed
PO-19859,MED034,LOC005,SUP013,2026-08-15,2026-08-21,2026-08-21,100,100,Delivered
PO-19860,MED037,LOC007,SUP015,2026-08-15,2026-08-19,2026-08-19,140,140,Delivered
PO-19861,MED040,LOC004,SUP004,2026-08-15,2026-08-20,2026-08-20,50,50,Delivered
PO-19862,MED042,LOC004,SUP003,2026-08-15,2026-08-17,2026-08-17,140,140,Delivered
PO-19863,MED043,LOC005,SUP003,2026-08-15,2026-08-17,2026-08-17,110,110,Delivered
PO-19864,MED043,LOC006,SUP003,2026-08-15,2026-08-17,2026-08-17,230,230,Delivered
PO-19865,MED046,LOC003,SUP015,2026-08-15,2026-08-19,2026-08-19,950,950,Delivered
PO-19866,MED050,LOC003,SUP005,2026-08-15,2026-08-19,2026-08-19,1980,1980,Delivered
PO-19867,MED050,LOC004,SUP005,2026-08-15,2026-08-19,2026-08-19,890,890,Delivered
PO-19868,MED059,LOC005,SUP015,2026-08-15,2026-08-18,2026-08-18,210,210,Delivered
PO-19869,MED065,LOC004,SUP015,2026-08-15,2026-08-17,2026-08-17,140,140,Delivered
PO-19870,MED067,LOC001,SUP012,2026-08-15,2026-08-21,2026-08-21,1030,1030,Delivered
PO-19871,MED068,LOC002,SUP004,2026-08-15,2026-08-21,2026-08-21,1680,1680,Delivered
PO-19872,MED068,LOC003,SUP004,2026-08-15,2026-08-21,2026-08-21,3490,3490,Delivered
PO-19873,MED068,LOC006,SUP004,2026-08-15,2026-08-21,2026-08-21,4830,4830,Delivered
PO-19874,MED071,LOC002,SUP014,2026-08-15,2026-08-21,2026-08-21,60,60,Delivered
PO-19875,MED075,LOC001,SUP004,2026-08-15,2026-08-21,2026-08-21,760,760,Delivered
PO-19876,MED001,LOC001,SUP001,2026-08-16,2026-08-21,,920,0,Delayed
PO-19877,MED002,LOC001,SUP010,2026-08-16,2026-08-23,2026-08-23,560,560,Delivered
PO-19878,MED002,LOC005,SUP010,2026-08-16,2026-08-23,2026-08-23,200,200,Delivered
PO-19879,MED007,LOC002,SUP011,2026-08-16,2026-08-19,2026-08-19,600,600,Delivered
PO-19880,MED007,LOC004,SUP011,2026-08-16,2026-08-19,2026-08-19,220,220,Delivered
PO-19881,MED007,LOC006,SUP011,2026-08-16,2026-08-19,2026-08-19,1170,1170,Delivered
PO-19882,MED009,LOC001,SUP007,2026-08-16,2026-08-20,2026-08-20,1710,1710,Delivered
PO-19883,MED010,LOC005,SUP007,2026-08-16,2026-08-20,2026-08-20,390,390,Delivered
PO-19884,MED012,LOC002,SUP007,2026-08-16,2026-08-20,2026-08-20,360,360,Delivered
PO-19885,MED014,LOC006,SUP007,2026-08-16,2026-08-19,2026-08-19,350,350,Delivered
PO-19886,MED022,LOC005,SUP002,2026-08-16,2026-08-20,2026-08-20,340,340,Delivered
PO-19887,MED022,LOC006,SUP002,2026-08-16,2026-08-20,2026-08-20,740,740,Delivered
PO-19888,MED023,LOC001,SUP002,2026-08-16,2026-08-20,2026-08-20,1020,1020,Delivered
PO-19889,MED023,LOC004,SUP002,2026-08-16,2026-08-20,2026-08-20,160,160,Delivered
PO-19890,MED024,LOC006,SUP009,2026-08-16,2026-08-21,2026-08-21,1500,1500,Delivered
PO-19891,MED026,LOC004,SUP002,2026-08-16,2026-08-22,2026-08-22,350,350,Delivered
PO-19892,MED026,LOC005,SUP002,2026-08-16,2026-08-22,2026-08-22,780,780,Delivered
PO-19893,MED033,LOC001,SUP004,2026-08-16,2026-08-22,2026-08-22,190,190,Delivered
PO-19894,MED037,LOC003,SUP015,2026-08-16,2026-08-20,2026-08-20,2050,2050,Delivered
PO-19895,MED037,LOC005,SUP015,2026-08-16,2026-08-20,2026-08-20,800,800,Delivered
PO-19896,MED042,LOC003,SUP003,2026-08-16,2026-08-18,2026-08-18,680,680,Delivered
PO-19897,MED042,LOC005,SUP003,2026-08-16,2026-08-18,2026-08-18,240,240,Delivered
PO-19898,MED046,LOC007,SUP015,2026-08-16,2026-08-20,2026-08-20,70,70,Delivered
PO-19899,MED048,LOC001,SUP015,2026-08-16,2026-08-18,2026-08-18,540,540,Delivered
PO-19900,MED050,LOC001,SUP005,2026-08-16,2026-08-20,2026-08-20,2480,2480,Delivered
PO-19901,MED052,LOC006,SUP015,2026-08-16,2026-08-19,2026-08-19,340,340,Delivered
PO-19902,MED053,LOC001,SUP010,2026-08-16,2026-08-22,2026-08-22,310,310,Delivered
PO-19903,MED055,LOC001,SUP015,2026-08-16,2026-08-19,2026-08-19,1040,1040,Delivered
PO-19904,MED057,LOC003,SUP008,2026-08-16,2026-08-20,,580,0,Delayed
PO-19905,MED058,LOC002,SUP008,2026-08-16,2026-08-21,2026-08-21,290,290,Delivered
PO-19906,MED059,LOC004,SUP015,2026-08-16,2026-08-19,2026-08-19,100,100,Delivered
PO-19907,MED059,LOC006,SUP015,2026-08-16,2026-08-19,2026-08-19,540,540,Delivered
PO-19908,MED061,LOC001,SUP004,2026-08-16,2026-08-23,2026-08-24,760,760,Delayed
PO-19909,MED063,LOC001,SUP004,2026-08-16,2026-08-23,2026-08-23,470,470,Delivered
PO-19910,MED064,LOC006,SUP005,2026-08-16,2026-08-21,2026-08-21,1910,1910,Delivered
PO-19911,MED066,LOC002,SUP004,2026-08-16,2026-08-22,2026-08-22,550,550,Delivered
PO-19912,MED066,LOC005,SUP004,2026-08-16,2026-08-22,2026-08-22,430,430,Delivered
PO-19913,MED067,LOC004,SUP012,2026-08-16,2026-08-22,2026-08-22,140,140,Delivered
PO-19914,MED067,LOC006,SUP012,2026-08-16,2026-08-22,2026-08-22,770,770,Delivered
PO-19915,MED069,LOC001,SUP004,2026-08-16,2026-08-23,2026-08-23,3270,3270,Delivered
PO-19916,MED069,LOC003,SUP004,2026-08-16,2026-08-23,2026-08-23,2630,2630,Delivered
PO-19917,MED069,LOC005,SUP004,2026-08-16,2026-08-23,2026-08-23,1050,1050,Delivered
PO-19918,MED070,LOC005,SUP004,2026-08-16,2026-08-22,2026-08-22,180,180,Delivered
PO-19919,MED070,LOC006,SUP004,2026-08-16,2026-08-22,2026-08-22,400,400,Delivered
PO-19920,MED075,LOC003,SUP004,2026-08-16,2026-08-22,2026-08-22,640,640,Delivered
PO-19921,MED001,LOC006,SUP001,2026-08-17,2026-08-22,,600,0,Delayed
PO-19922,MED004,LOC006,SUP001,2026-08-17,2026-08-21,2026-08-21,370,370,Delivered
PO-19923,MED005,LOC006,SUP001,2026-08-17,2026-08-22,2026-08-22,430,430,Delivered
PO-19924,MED007,LOC001,SUP011,2026-08-17,2026-08-20,2026-08-20,1520,1520,Delivered
PO-19925,MED007,LOC007,SUP011,2026-08-17,2026-08-20,2026-08-20,370,370,Delivered
PO-19926,MED008,LOC004,SUP001,2026-08-17,2026-08-22,2026-08-22,90,90,Delivered
PO-19927,MED011,LOC003,SUP011,2026-08-17,2026-08-22,2026-08-22,430,430,Delivered
PO-19928,MED011,LOC006,SUP011,2026-08-17,2026-08-22,2026-08-22,410,410,Delivered
PO-19929,MED014,LOC002,SUP007,2026-08-17,2026-08-20,2026-08-20,210,210,Delivered
PO-19930,MED015,LOC001,SUP011,2026-08-17,2026-08-20,2026-08-20,580,580,Delivered
PO-19931,MED016,LOC002,SUP001,2026-08-17,2026-08-21,2026-08-21,980,980,Delivered
PO-19932,MED027,LOC002,SUP009,2026-08-17,2026-08-22,2026-08-22,270,270,Delivered
PO-19933,MED028,LOC005,SUP002,2026-08-17,2026-08-22,2026-08-23,250,250,Delayed
PO-19934,MED030,LOC003,SUP004,2026-08-17,2026-08-22,2026-08-22,200,200,Delivered
PO-19935,MED040,LOC005,SUP004,2026-08-17,2026-08-22,2026-08-22,60,60,Delivered
PO-19936,MED045,LOC006,SUP004,2026-08-17,2026-08-22,2026-08-22,580,580,Delivered
PO-19937,MED046,LOC002,SUP015,2026-08-17,2026-08-21,2026-08-21,440,440,Delivered
PO-19938,MED049,LOC001,SUP015,2026-08-17,2026-08-20,2026-08-21,2560,2560,Delayed
PO-19939,MED050,LOC007,SUP005,2026-08-17,2026-08-21,2026-08-21,160,160,Delivered
PO-19940,MED052,LOC005,SUP015,2026-08-17,2026-08-20,2026-08-20,160,160,Delivered
PO-19941,MED054,LOC004,SUP015,2026-08-17,2026-08-19,2026-08-19,70,70,Delivered
PO-19942,MED061,LOC003,SUP004,2026-08-17,2026-08-24,2026-08-24,600,600,Delivered
PO-19943,MED074,LOC002,SUP006,2026-08-17,2026-08-25,2026-08-26,50,50,Delayed
PO-19944,MED075,LOC007,SUP004,2026-08-17,2026-08-23,2026-08-23,60,60,Delivered
PO-19945,MED002,LOC004,SUP010,2026-08-18,2026-08-25,2026-08-25,100,100,Delivered
PO-19946,MED010,LOC002,SUP007,2026-08-18,2026-08-22,2026-08-22,390,390,Delivered
PO-19947,MED013,LOC006,SUP007,2026-08-18,2026-08-23,2026-08-23,200,200,Delivered
PO-19948,MED018,LOC004,SUP001,2026-08-18,2026-08-21,2026-08-21,250,250,Delivered
PO-19949,MED020,LOC004,SUP004,2026-08-18,2026-08-23,2026-08-23,140,140,Delivered
PO-19950,MED024,LOC003,SUP009,2026-08-18,2026-08-23,2026-08-23,1530,1530,Delivered
PO-19951,MED030,LOC002,SUP004,2026-08-18,2026-08-23,2026-08-23,100,100,Delivered
PO-19952,MED031,LOC003,SUP015,2026-08-18,2026-08-21,2026-08-21,1190,1190,Delivered
PO-19953,MED032,LOC006,SUP009,2026-08-18,2026-08-21,2026-08-21,540,540,Delivered
PO-19954,MED033,LOC002,SUP004,2026-08-18,2026-08-24,2026-08-24,80,80,Delivered
PO-19955,MED033,LOC005,SUP004,2026-08-18,2026-08-24,2026-08-24,60,60,Delivered
PO-19956,MED033,LOC007,SUP004,2026-08-18,2026-08-24,2026-08-26,50,50,Delayed
PO-19957,MED042,LOC007,SUP003,2026-08-18,2026-08-20,2026-08-20,60,60,Delivered
PO-19958,MED044,LOC002,SUP010,2026-08-18,2026-08-23,2026-08-23,210,210,Delivered
PO-19959,MED044,LOC004,SUP010,2026-08-18,2026-08-23,2026-08-23,70,70,Delivered
PO-19960,MED049,LOC002,SUP015,2026-08-18,2026-08-21,2026-08-21,980,980,Delivered
PO-19961,MED055,LOC002,SUP015,2026-08-18,2026-08-21,2026-08-21,410,410,Delivered
PO-19962,MED058,LOC004,SUP008,2026-08-18,2026-08-23,2026-08-23,310,310,Delivered
PO-19963,MED060,LOC003,SUP015,2026-08-18,2026-08-20,2026-08-20,80,80,Delivered
PO-19964,MED063,LOC002,SUP004,2026-08-18,2026-08-25,2026-08-25,200,200,Delivered
PO-19965,MED063,LOC004,SUP004,2026-08-18,2026-08-25,2026-08-28,70,70,Delayed
PO-19966,MED063,LOC005,SUP004,2026-08-18,2026-08-25,2026-08-25,140,140,Delivered
PO-19967,MED063,LOC006,SUP004,2026-08-18,2026-08-25,2026-08-25,360,360,Delivered
PO-19968,MED064,LOC001,SUP005,2026-08-18,2026-08-23,2026-08-23,2620,2620,Delivered
PO-19969,MED064,LOC003,SUP005,2026-08-18,2026-08-23,2026-08-23,2200,2200,Delivered
PO-19970,MED066,LOC003,SUP004,2026-08-18,2026-08-24,2026-08-24,860,860,Delivered
PO-19971,MED068,LOC004,SUP004,2026-08-18,2026-08-24,2026-08-24,640,640,Delivered
PO-19972,MED068,LOC005,SUP004,2026-08-18,2026-08-24,2026-08-24,1370,1370,Delivered
PO-19973,MED069,LOC006,SUP004,2026-08-18,2026-08-25,2026-08-25,3690,3690,Delivered
PO-19974,MED074,LOC003,SUP006,2026-08-18,2026-08-26,2026-08-26,80,80,Delivered
PO-19975,MED006,LOC001,SUP001,2026-08-19,2026-08-24,2026-08-24,1090,1090,Delivered
PO-19976,MED010,LOC007,SUP007,2026-08-19,2026-08-23,2026-08-23,80,80,Delivered
PO-19977,MED012,LOC007,SUP007,2026-08-19,2026-08-23,2026-08-23,60,60,Delivered
PO-19978,MED017,LOC006,SUP001,2026-08-19,2026-08-24,2026-08-24,1040,1040,Delivered
PO-19979,MED019,LOC005,SUP015,2026-08-19,2026-08-22,2026-08-22,430,430,Delivered
PO-19980,MED022,LOC004,SUP002,2026-08-19,2026-08-23,2026-08-23,140,140,Delivered
PO-19981,MED023,LOC003,SUP002,2026-08-19,2026-08-23,2026-08-23,830,830,Delivered
PO-19982,MED025,LOC005,SUP002,2026-08-19,2026-08-24,2026-08-24,600,600,Delivered
PO-19983,MED031,LOC007,SUP015,2026-08-19,2026-08-22,2026-08-22,110,110,Delivered
PO-19984,MED032,LOC003,SUP009,2026-08-19,2026-08-22,2026-08-22,510,510,Delivered
PO-19985,MED034,LOC001,SUP013,2026-08-19,2026-08-25,2026-08-25,350,350,Delivered
PO-19986,MED036,LOC005,SUP003,2026-08-19,2026-08-21,2026-08-21,760,760,Delivered
PO-19987,MED039,LOC006,SUP006,2026-08-19,2026-08-27,2026-08-27,80,80,Delivered
PO-19988,MED041,LOC005,SUP015,2026-08-19,2026-08-21,2026-08-21,90,90,Delivered
PO-19989,MED045,LOC001,SUP004,2026-08-19,2026-08-24,2026-08-24,790,790,Delivered
PO-19990,MED046,LOC004,SUP015,2026-08-19,2026-08-23,2026-08-23,170,170,Delivered
PO-19991,MED047,LOC004,SUP015,2026-08-19,2026-08-22,2026-08-22,120,120,Delivered
PO-19992,MED052,LOC007,SUP015,2026-08-19,2026-08-22,2026-08-22,50,50,Delivered
PO-19993,MED054,LOC006,SUP015,2026-08-19,2026-08-21,2026-08-21,330,330,Delivered
PO-19994,MED055,LOC004,SUP015,2026-08-19,2026-08-22,2026-08-22,150,150,Delivered
PO-19995,MED055,LOC006,SUP015,2026-08-19,2026-08-22,2026-08-22,710,710,Delivered
PO-19996,MED058,LOC001,SUP008,2026-08-19,2026-08-24,2026-08-24,800,800,Delivered
PO-19997,MED061,LOC005,SUP004,2026-08-19,2026-08-26,2026-08-26,250,250,Delivered
PO-19998,MED061,LOC006,SUP004,2026-08-19,2026-08-26,2026-08-26,450,450,Delivered
PO-19999,MED062,LOC007,SUP004,2026-08-19,2026-08-24,2026-08-24,90,90,Delivered
PO-20000,MED065,LOC001,SUP015,2026-08-19,2026-08-21,2026-08-21,920,920,Delivered
PO-20001,MED067,LOC005,SUP012,2026-08-19,2026-08-25,2026-08-25,320,320,Delivered
PO-20002,MED011,LOC001,SUP011,2026-08-20,2026-08-25,2026-08-25,570,570,Delivered
PO-20003,MED011,LOC005,SUP011,2026-08-20,2026-08-25,2026-08-25,220,220,Delivered
PO-20004,MED016,LOC005,SUP001,2026-08-20,2026-08-24,2026-08-24,790,790,Delivered
PO-20005,MED016,LOC007,SUP001,2026-08-20,2026-08-24,2026-08-24,140,140,Delivered
PO-20006,MED017,LOC003,SUP001,2026-08-20,2026-08-25,2026-08-25,1160,1160,Delivered
PO-20007,MED017,LOC004,SUP001,2026-08-20,2026-08-25,2026-08-25,220,220,Delivered
PO-20008,MED017,LOC007,SUP001,2026-08-20,2026-08-25,2026-08-25,120,120,Delivered
PO-20009,MED018,LOC007,SUP001,2026-08-20,2026-08-23,2026-08-23,130,130,Delivered
PO-20010,MED024,LOC007,SUP009,2026-08-20,2026-08-25,2026-08-27,100,100,Delayed
PO-20011,MED030,LOC001,SUP004,2026-08-20,2026-08-25,2026-08-25,250,250,Delivered
PO-20012,MED032,LOC007,SUP009,2026-08-20,2026-08-23,2026-08-23,50,50,Delivered
PO-20013,MED035,LOC001,SUP015,2026-08-20,2026-08-22,2026-08-22,250,250,Delivered
PO-20014,MED035,LOC003,SUP015,2026-08-20,2026-08-22,2026-08-22,230,230,Delivered
PO-20015,MED043,LOC001,SUP003,2026-08-20,2026-08-22,2026-08-22,320,320,Delivered
PO-20016,MED046,LOC005,SUP015,2026-08-20,2026-08-24,2026-08-24,360,360,Delivered
PO-20017,MED049,LOC007,SUP015,2026-08-20,2026-08-23,2026-08-23,180,180,Delivered
PO-20018,MED054,LOC003,SUP015,2026-08-20,2026-08-22,2026-08-22,350,350,Delivered
PO-20019,MED056,LOC001,SUP005,2026-08-20,2026-08-25,2026-08-25,830,830,Delivered
PO-20020,MED061,LOC002,SUP004,2026-08-20,2026-08-27,2026-08-27,290,290,Delivered
PO-20021,MED072,LOC003,SUP006,2026-08-20,2026-08-27,2026-08-27,70,70,Delivered
PO-20022,MED072,LOC006,SUP006,2026-08-20,2026-08-27,2026-08-27,60,60,Delivered
PO-20023,MED073,LOC005,SUP004,2026-08-20,2026-08-26,2026-08-26,80,80,Delivered
PO-20024,MED002,LOC002,SUP010,2026-08-21,2026-08-28,2026-08-28,230,230,Delivered
PO-20025,MED003,LOC003,SUP001,2026-08-21,2026-08-24,2026-08-24,260,260,Delivered
PO-20026,MED004,LOC001,SUP001,2026-08-21,2026-08-25,2026-08-25,390,390,Delivered
PO-20027,MED009,LOC004,SUP007,2026-08-21,2026-08-25,2026-08-25,220,220,Delivered
PO-20028,MED011,LOC002,SUP011,2026-08-21,2026-08-26,2026-08-26,220,220,Delivered
PO-20029,MED012,LOC005,SUP007,2026-08-21,2026-08-25,2026-08-25,310,310,Delivered
PO-20030,MED014,LOC001,SUP007,2026-08-21,2026-08-24,2026-08-24,490,490,Delivered
PO-20031,MED015,LOC003,SUP011,2026-08-21,2026-08-24,2026-08-24,450,450,Delivered
PO-20032,MED015,LOC004,SUP011,2026-08-21,2026-08-24,2026-08-24,100,100,Delivered
PO-20033,MED019,LOC004,SUP015,2026-08-21,2026-08-24,2026-08-24,200,200,Delivered
PO-20034,MED020,LOC001,SUP004,2026-08-21,2026-08-26,2026-08-26,1130,1130,Delivered
PO-20035,MED020,LOC003,SUP004,2026-08-21,2026-08-26,2026-08-26,800,800,Delivered
PO-20036,MED021,LOC005,SUP002,2026-08-21,2026-08-25,2026-08-25,570,570,Delivered
PO-20037,MED029,LOC007,SUP015,2026-08-21,2026-08-24,2026-08-24,50,50,Delivered
PO-20038,MED032,LOC002,SUP009,2026-08-21,2026-08-24,2026-08-27,270,270,Delayed
PO-20039,MED033,LOC006,SUP004,2026-08-21,2026-08-27,2026-08-27,140,140,Delivered
PO-20040,MED034,LOC006,SUP013,2026-08-21,2026-08-27,2026-08-27,250,250,Delivered
PO-20041,MED043,LOC003,SUP003,2026-08-21,2026-08-23,2026-08-23,210,210,Delivered
PO-20042,MED044,LOC005,SUP010,2026-08-21,2026-08-26,2026-08-26,180,180,Delivered
PO-20043,MED048,LOC003,SUP015,2026-08-21,2026-08-23,2026-08-23,380,380,Delivered
PO-20044,MED049,LOC005,SUP015,2026-08-21,2026-08-24,2026-08-24,870,870,Delivered
PO-20045,MED051,LOC007,SUP015,2026-08-21,2026-08-23,2026-08-23,100,100,Delivered
PO-20046,MED059,LOC001,SUP015,2026-08-21,2026-08-24,2026-08-24,670,670,Delivered
PO-20047,MED060,LOC005,SUP015,2026-08-21,2026-08-23,2026-08-23,50,50,Delivered
PO-20048,MED061,LOC007,SUP004,2026-08-21,2026-08-28,2026-08-28,50,50,Delivered
PO-20049,MED062,LOC001,SUP004,2026-08-21,2026-08-26,2026-08-26,1390,1390,Delivered
PO-20050,MED062,LOC004,SUP004,2026-08-21,2026-08-26,2026-08-26,230,230,Delivered
PO-20051,MED069,LOC007,SUP004,2026-08-21,2026-08-28,2026-08-28,180,180,Delivered
PO-20052,MED071,LOC004,SUP014,2026-08-21,2026-08-27,2026-08-27,50,50,Delivered
PO-20053,MED071,LOC005,SUP014,2026-08-21,2026-08-27,2026-08-27,60,60,Delivered
PO-20054,MED072,LOC001,SUP006,2026-08-21,2026-08-28,2026-08-28,60,60,Delivered
PO-20055,MED073,LOC006,SUP004,2026-08-21,2026-08-27,2026-08-27,160,160,Delivered
PO-20056,MED001,LOC003,SUP001,2026-08-22,2026-08-27,,670,0,Delayed
PO-20057,MED002,LOC003,SUP010,2026-08-22,2026-08-29,2026-08-29,470,470,Delivered
PO-20058,MED009,LOC005,SUP007,2026-08-22,2026-08-26,2026-08-26,540,540,Delivered
PO-20059,MED010,LOC006,SUP007,2026-08-22,2026-08-26,2026-08-26,790,790,Delivered
PO-20060,MED012,LOC006,SUP007,2026-08-22,2026-08-26,2026-08-26,590,590,Delivered
PO-20061,MED014,LOC004,SUP007,2026-08-22,2026-08-25,2026-08-25,60,60,Delivered
PO-20062,MED017,LOC001,SUP001,2026-08-22,2026-08-27,2026-08-27,1470,1470,Delivered
PO-20063,MED018,LOC003,SUP001,2026-08-22,2026-08-25,2026-08-25,1360,1360,Delivered
PO-20064,MED020,LOC006,SUP004,2026-08-22,2026-08-27,2026-08-27,730,730,Delivered
PO-20065,MED023,LOC002,SUP002,2026-08-22,2026-08-26,2026-08-26,500,500,Delivered
PO-20066,MED024,LOC001,SUP009,2026-08-22,2026-08-27,2026-08-27,1820,1820,Delivered
PO-20067,MED026,LOC003,SUP002,2026-08-22,2026-08-28,2026-08-28,1880,1880,Delivered
PO-20068,MED029,LOC001,SUP015,2026-08-22,2026-08-25,2026-08-25,320,320,Delivered
PO-20069,MED035,LOC004,SUP015,2026-08-22,2026-08-24,2026-08-24,50,50,Delivered
PO-20070,MED040,LOC002,SUP004,2026-08-22,2026-08-27,2026-08-27,80,80,Delivered
PO-20071,MED044,LOC006,SUP010,2026-08-22,2026-08-27,2026-08-27,390,390,Delivered
PO-20072,MED052,LOC002,SUP015,2026-08-22,2026-08-25,2026-08-25,160,160,Delivered
PO-20073,MED052,LOC003,SUP015,2026-08-22,2026-08-25,2026-08-25,340,340,Delivered
PO-20074,MED053,LOC002,SUP010,2026-08-22,2026-08-28,2026-08-28,120,120,Delivered
PO-20075,MED056,LOC007,SUP005,2026-08-22,2026-08-27,2026-08-27,60,60,Delivered
PO-20076,MED057,LOC002,SUP008,2026-08-22,2026-08-26,,310,0,Delayed
PO-20077,MED057,LOC004,SUP008,2026-08-22,2026-08-26,,270,0,Delayed
PO-20078,MED061,LOC004,SUP004,2026-08-22,2026-08-29,2026-08-29,110,110,Delivered
PO-20079,MED062,LOC002,SUP004,2026-08-22,2026-08-27,2026-08-27,500,500,Delivered
PO-20080,MED062,LOC006,SUP004,2026-08-22,2026-08-27,2026-08-27,990,990,Delivered
PO-20081,MED065,LOC003,SUP015,2026-08-22,2026-08-24,2026-08-24,740,740,Delivered
PO-20082,MED067,LOC002,SUP012,2026-08-22,2026-08-28,2026-08-28,420,420,Delivered
PO-20083,MED071,LOC006,SUP014,2026-08-22,2026-08-28,2026-08-28,130,130,Delivered
PO-20084,MED071,LOC007,SUP014,2026-08-22,2026-08-28,2026-08-28,50,50,Delivered
PO-20085,MED003,LOC001,SUP001,2026-08-23,2026-08-26,2026-08-26,360,360,Delivered
PO-20086,MED003,LOC005,SUP001,2026-08-23,2026-08-26,2026-08-26,90,90,Delivered
PO-20087,MED003,LOC006,SUP001,2026-08-23,2026-08-26,2026-08-26,390,390,Delivered
PO-20088,MED007,LOC005,SUP011,2026-08-23,2026-08-26,2026-08-26,490,490,Delivered
PO-20089,MED008,LOC003,SUP001,2026-08-23,2026-08-28,2026-08-28,470,470,Delivered
PO-20090,MED013,LOC005,SUP007,2026-08-23,2026-08-28,2026-08-28,100,100,Delivered
PO-20091,MED014,LOC003,SUP007,2026-08-23,2026-08-26,2026-08-26,390,390,Delivered
PO-20092,MED015,LOC005,SUP011,2026-08-23,2026-08-26,2026-08-26,210,210,Delivered
PO-20093,MED016,LOC006,SUP001,2026-08-23,2026-08-27,2026-08-27,1820,1820,Delivered
PO-20094,MED017,LOC005,SUP001,2026-08-23,2026-08-28,2026-08-31,500,500,Delayed
PO-20095,MED018,LOC002,SUP001,2026-08-23,2026-08-26,2026-08-26,700,700,Delivered
PO-20096,MED031,LOC002,SUP015,2026-08-23,2026-08-26,2026-08-26,560,560,Delivered
PO-20097,MED034,LOC003,SUP013,2026-08-23,2026-08-29,2026-08-29,260,260,Delivered
PO-20098,MED038,LOC006,SUP015,2026-08-23,2026-08-25,2026-08-25,110,110,Delivered
PO-20099,MED044,LOC007,SUP010,2026-08-23,2026-08-28,2026-08-28,50,50,Delivered
PO-20100,MED050,LOC002,SUP005,2026-08-23,2026-08-27,2026-08-27,950,950,Delivered
PO-20101,MED052,LOC001,SUP015,2026-08-23,2026-08-26,2026-08-26,400,400,Delivered
PO-20102,MED053,LOC004,SUP010,2026-08-23,2026-08-29,2026-08-29,50,50,Delivered
PO-20103,MED056,LOC006,SUP005,2026-08-23,2026-08-28,2026-08-28,660,660,Delivered
PO-20104,MED060,LOC001,SUP015,2026-08-23,2026-08-25,2026-08-25,100,100,Delivered
PO-20105,MED064,LOC002,SUP005,2026-08-23,2026-08-28,2026-08-28,1120,1120,Delivered
PO-20106,MED066,LOC004,SUP004,2026-08-23,2026-08-29,2026-08-29,190,190,Delivered
PO-20107,MED073,LOC002,SUP004,2026-08-23,2026-08-29,2026-08-29,80,80,Delivered
PO-20108,MED075,LOC005,SUP004,2026-08-23,2026-08-29,2026-08-29,260,260,Delivered
PO-20109,MED005,LOC003,SUP001,2026-08-24,2026-08-29,2026-08-29,280,280,Delivered
PO-20110,MED006,LOC003,SUP001,2026-08-24,2026-08-29,2026-08-29,840,840,Delivered
PO-20111,MED008,LOC007,SUP001,2026-08-24,2026-08-29,,180,0,Delayed
PO-20112,MED010,LOC004,SUP007,2026-08-24,2026-08-28,2026-08-28,160,160,Delivered
PO-20113,MED012,LOC004,SUP007,2026-08-24,2026-08-28,2026-08-28,120,120,Delivered
PO-20114,MED013,LOC004,SUP007,2026-08-24,2026-08-29,2026-08-29,50,50,Delivered
PO-20115,MED019,LOC002,SUP015,2026-08-24,2026-08-27,2026-08-27,500,500,Delivered
PO-20116,MED022,LOC002,SUP002,2026-08-24,2026-08-28,2026-08-28,520,520,Delivered
PO-20117,MED022,LOC003,SUP002,2026-08-24,2026-08-28,2026-08-28,820,820,Delivered
PO-20118,MED024,LOC002,SUP009,2026-08-24,2026-08-29,2026-08-29,720,720,Delivered
PO-20119,MED025,LOC003,SUP002,2026-08-24,2026-08-29,2026-08-29,1370,1370,Delivered
PO-20120,MED025,LOC007,SUP002,2026-08-24,2026-08-29,2026-08-30,130,130,Delayed
PO-20121,MED026,LOC001,SUP002,2026-08-24,2026-08-30,2026-08-30,2400,2400,Delivered
PO-20122,MED028,LOC006,SUP002,2026-08-24,2026-08-29,2026-08-29,540,540,Delivered
PO-20123,MED031,LOC004,SUP015,2026-08-24,2026-08-27,2026-08-27,210,210,Delivered
PO-20124,MED037,LOC006,SUP015,2026-08-24,2026-08-28,2026-08-28,1820,1820,Delivered
PO-20125,MED039,LOC001,SUP006,2026-08-24,2026-09-01,,60,0,In Transit
PO-20126,MED040,LOC001,SUP004,2026-08-24,2026-08-29,2026-08-29,170,170,Delivered
PO-20127,MED042,LOC002,SUP003,2026-08-24,2026-08-26,2026-08-26,360,360,Delivered
PO-20128,MED044,LOC001,SUP010,2026-08-24,2026-08-29,2026-08-29,610,610,Delivered
PO-20129,MED051,LOC001,SUP015,2026-08-24,2026-08-26,2026-08-26,1950,1950,Delivered
PO-20130,MED051,LOC002,SUP015,2026-08-24,2026-08-26,2026-08-26,800,800,Delivered
PO-20131,MED051,LOC004,SUP015,2026-08-24,2026-08-26,2026-08-26,270,270,Delivered
PO-20132,MED051,LOC006,SUP015,2026-08-24,2026-08-26,2026-08-26,1420,1420,Delivered
PO-20133,MED054,LOC001,SUP015,2026-08-24,2026-08-26,2026-08-26,420,420,Delivered
PO-20134,MED054,LOC007,SUP015,2026-08-24,2026-08-26,2026-08-26,50,50,Delivered
PO-20135,MED055,LOC007,SUP015,2026-08-24,2026-08-27,2026-08-27,70,70,Delivered
PO-20136,MED057,LOC005,SUP008,2026-08-24,2026-08-28,,260,0,Delayed
PO-20137,MED057,LOC006,SUP008,2026-08-24,2026-08-28,,540,0,Delayed
PO-20138,MED058,LOC005,SUP008,2026-08-24,2026-08-29,2026-08-29,270,270,Delivered
PO-20139,MED058,LOC006,SUP008,2026-08-24,2026-08-29,2026-08-29,550,550,Delivered
PO-20140,MED067,LOC007,SUP012,2026-08-24,2026-08-30,2026-08-30,60,60,Delivered
PO-20141,MED071,LOC001,SUP014,2026-08-24,2026-08-30,2026-08-30,140,140,Delivered
PO-20142,MED071,LOC003,SUP014,2026-08-24,2026-08-30,2026-08-30,140,140,Delivered
PO-20143,MED072,LOC005,SUP006,2026-08-24,2026-08-31,2026-08-31,50,50,Delivered
PO-20144,MED073,LOC003,SUP004,2026-08-24,2026-08-30,2026-08-30,220,220,Delivered
PO-20145,MED013,LOC001,SUP007,2026-08-25,2026-08-30,2026-08-30,310,310,Delivered
PO-20146,MED013,LOC003,SUP007,2026-08-25,2026-08-30,2026-08-30,250,250,Delivered
PO-20147,MED015,LOC002,SUP011,2026-08-25,2026-08-28,2026-08-28,210,210,Delivered
PO-20148,MED021,LOC003,SUP002,2026-08-25,2026-08-29,2026-08-29,1350,1350,Delivered
PO-20149,MED024,LOC004,SUP009,2026-08-25,2026-08-30,2026-08-30,280,280,Delivered
PO-20150,MED025,LOC006,SUP002,2026-08-25,2026-08-30,2026-08-30,1250,1250,Delivered
PO-20151,MED027,LOC001,SUP009,2026-08-25,2026-08-30,2026-08-30,730,730,Delivered
PO-20152,MED029,LOC006,SUP015,2026-08-25,2026-08-28,2026-08-28,240,240,Delivered
PO-20153,MED034,LOC004,SUP013,2026-08-25,2026-08-31,2026-08-31,60,60,Delivered
PO-20154,MED040,LOC003,SUP004,2026-08-25,2026-08-30,2026-08-31,120,120,Delayed
PO-20155,MED040,LOC006,SUP004,2026-08-25,2026-08-30,2026-08-30,110,110,Delivered
PO-20156,MED042,LOC006,SUP003,2026-08-25,2026-08-27,2026-08-27,630,630,Delivered
PO-20157,MED044,LOC003,SUP010,2026-08-25,2026-08-30,,420,0,Delayed
PO-20158,MED047,LOC003,SUP015,2026-08-25,2026-08-28,2026-08-28,560,560,Delivered
PO-20159,MED051,LOC003,SUP015,2026-08-25,2026-08-27,2026-08-27,1430,1430,Delivered
PO-20160,MED054,LOC002,SUP015,2026-08-25,2026-08-27,2026-08-27,190,190,Delivered
PO-20161,MED056,LOC003,SUP005,2026-08-25,2026-08-30,2026-08-30,720,720,Delivered
PO-20162,MED059,LOC002,SUP015,2026-08-25,2026-08-28,2026-08-28,270,270,Delivered
PO-20163,MED063,LOC003,SUP004,2026-08-25,2026-09-01,,370,0,In Transit
PO-20164,MED066,LOC007,SUP004,2026-08-25,2026-08-31,,80,0,In Transit
PO-20165,MED069,LOC004,SUP004,2026-08-25,2026-09-01,,460,0,In Transit
PO-20166,MED073,LOC001,SUP004,2026-08-25,2026-08-31,2026-08-31,240,240,Delivered
PO-20167,MED074,LOC001,SUP006,2026-08-25,2026-09-02,,110,0,In Transit
PO-20168,MED074,LOC004,SUP006,2026-08-25,2026-09-02,,50,0,In Transit
PO-20169,MED004,LOC004,SUP001,2026-08-26,2026-08-30,2026-08-30,80,80,Delivered
PO-20170,MED008,LOC004,SUP001,2026-08-26,2026-08-31,2026-08-31,110,110,Delivered
PO-20171,MED008,LOC006,SUP001,2026-08-26,2026-08-31,2026-08-31,480,480,Delivered
PO-20172,MED016,LOC001,SUP001,2026-08-26,2026-08-30,2026-08-30,2570,2570,Delivered
PO-20173,MED017,LOC002,SUP001,2026-08-26,2026-08-31,2026-08-31,570,570,Delivered
PO-20174,MED018,LOC005,SUP001,2026-08-26,2026-08-29,2026-08-29,550,550,Delivered
PO-20175,MED020,LOC002,SUP004,2026-08-26,2026-08-31,2026-08-31,400,400,Delivered
PO-20176,MED023,LOC007,SUP002,2026-08-26,2026-08-30,2026-08-30,60,60,Delivered
PO-20177,MED025,LOC001,SUP002,2026-08-26,2026-08-31,2026-08-31,1760,1760,Delivered
PO-20178,MED025,LOC002,SUP002,2026-08-26,2026-08-31,2026-08-31,700,700,Delivered
PO-20179,MED026,LOC007,SUP002,2026-08-26,2026-09-01,,150,0,In Transit
PO-20180,MED027,LOC004,SUP009,2026-08-26,2026-08-31,2026-08-31,110,110,Delivered
PO-20181,MED027,LOC006,SUP009,2026-08-26,2026-08-31,2026-08-31,500,500,Delivered
PO-20182,MED028,LOC001,SUP002,2026-08-26,2026-08-31,2026-08-31,740,740,Delivered
PO-20183,MED031,LOC005,SUP015,2026-08-26,2026-08-29,2026-08-29,490,490,Delivered
PO-20184,MED033,LOC005,SUP004,2026-08-26,2026-09-01,,80,0,In Transit
PO-20185,MED035,LOC005,SUP015,2026-08-26,2026-08-28,2026-08-28,90,90,Delivered
PO-20186,MED036,LOC004,SUP003,2026-08-26,2026-08-28,2026-08-28,350,350,Delivered
PO-20187,MED037,LOC001,SUP015,2026-08-26,2026-08-30,2026-08-30,2650,2650,Delivered
PO-20188,MED037,LOC004,SUP015,2026-08-26,2026-08-30,2026-08-30,330,330,Delivered
PO-20189,MED041,LOC003,SUP015,2026-08-26,2026-08-28,2026-08-28,200,200,Delivered
PO-20190,MED044,LOC004,SUP010,2026-08-26,2026-08-31,2026-08-31,100,100,Delivered
PO-20191,MED045,LOC005,SUP004,2026-08-26,2026-08-31,2026-08-31,320,320,Delivered
PO-20192,MED046,LOC001,SUP015,2026-08-26,2026-08-30,2026-08-30,1180,1180,Delivered
PO-20193,MED049,LOC004,SUP015,2026-08-26,2026-08-29,2026-08-29,360,360,Delivered
PO-20194,MED054,LOC005,SUP015,2026-08-26,2026-08-28,2026-08-28,130,130,Delivered
PO-20195,MED064,LOC007,SUP005,2026-08-26,2026-08-31,2026-08-31,140,140,Delivered
PO-20196,MED066,LOC001,SUP004,2026-08-26,2026-09-01,,1370,0,In Transit
PO-20197,MED068,LOC007,SUP004,2026-08-26,2026-09-01,,270,0,In Transit
PO-20198,MED071,LOC002,SUP014,2026-08-26,2026-09-01,,70,0,In Transit
PO-20199,MED074,LOC005,SUP006,2026-08-26,2026-09-03,,50,0,In Transit
PO-20200,MED074,LOC006,SUP006,2026-08-26,2026-09-03,,70,0,In Transit
PO-20201,MED001,LOC005,SUP001,2026-08-27,2026-09-01,,330,0,In Transit
PO-20202,MED002,LOC001,SUP010,2026-08-27,2026-09-03,,580,0,In Transit
PO-20203,MED005,LOC001,SUP001,2026-08-27,2026-09-01,,390,0,In Transit
PO-20204,MED005,LOC002,SUP001,2026-08-27,2026-09-01,,150,0,In Transit
PO-20205,MED006,LOC004,SUP001,2026-08-27,2026-09-01,,150,0,In Transit
PO-20206,MED006,LOC006,SUP001,2026-08-27,2026-09-01,,1210,0,In Transit
PO-20207,MED008,LOC002,SUP001,2026-08-27,2026-09-01,,220,0,In Transit
PO-20208,MED009,LOC006,SUP007,2026-08-27,2026-08-31,2026-08-31,1190,1190,Delivered
PO-20209,MED012,LOC001,SUP007,2026-08-27,2026-08-31,2026-08-31,840,840,Delivered
PO-20210,MED013,LOC002,SUP007,2026-08-27,2026-09-01,,130,0,In Transit
PO-20211,MED016,LOC003,SUP001,2026-08-27,2026-08-31,2026-08-31,1950,1950,Delivered
PO-20212,MED019,LOC001,SUP015,2026-08-27,2026-08-30,2026-08-30,1300,1300,Delivered
PO-20213,MED019,LOC006,SUP015,2026-08-27,2026-08-30,2026-08-30,990,990,Delivered
PO-20214,MED020,LOC005,SUP004,2026-08-27,2026-09-01,,330,0,In Transit
PO-20215,MED021,LOC007,SUP002,2026-08-27,2026-08-31,2026-08-31,90,90,Delivered
PO-20216,MED025,LOC004,SUP002,2026-08-27,2026-09-01,,250,0,In Transit
PO-20217,MED026,LOC002,SUP002,2026-08-27,2026-09-02,,910,0,In Transit
PO-20218,MED029,LOC002,SUP015,2026-08-27,2026-08-30,2026-08-30,140,140,Delivered
PO-20219,MED030,LOC005,SUP004,2026-08-27,2026-09-01,,80,0,In Transit
PO-20220,MED033,LOC003,SUP004,2026-08-27,2026-09-02,,170,0,In Transit
PO-20221,MED036,LOC002,SUP003,2026-08-27,2026-08-29,2026-08-29,940,940,Delivered
PO-20222,MED036,LOC007,SUP003,2026-08-27,2026-08-29,2026-08-29,140,140,Delivered
PO-20223,MED043,LOC002,SUP003,2026-08-27,2026-08-29,2026-08-29,110,110,Delivered
PO-20224,MED045,LOC002,SUP004,2026-08-27,2026-09-01,,310,0,In Transit
PO-20225,MED046,LOC006,SUP015,2026-08-27,2026-08-31,2026-08-31,870,870,Delivered
PO-20226,MED048,LOC006,SUP015,2026-08-27,2026-08-29,2026-08-29,350,350,Delivered
PO-20227,MED049,LOC006,SUP015,2026-08-27,2026-08-30,2026-08-30,1840,1840,Delivered
PO-20228,MED053,LOC003,SUP010,2026-08-27,2026-09-02,,270,0,In Transit
PO-20229,MED058,LOC003,SUP008,2026-08-27,2026-09-01,,600,0,In Transit
PO-20230,MED059,LOC003,SUP015,2026-08-27,2026-08-30,2026-08-30,480,480,Delivered
PO-20231,MED062,LOC003,SUP004,2026-08-27,2026-09-01,,1040,0,In Transit
PO-20232,MED066,LOC006,SUP004,2026-08-27,2026-09-02,,960,0,In Transit
PO-20233,MED067,LOC003,SUP012,2026-08-27,2026-09-02,,780,0,In Transit
PO-20234,MED068,LOC001,SUP004,2026-08-27,2026-09-02,,4610,0,In Transit
PO-20235,MED001,LOC002,SUP001,2026-08-28,2026-09-02,,410,0,In Transit
PO-20236,MED004,LOC003,SUP001,2026-08-28,2026-09-01,,280,0,In Transit
PO-20237,MED010,LOC003,SUP007,2026-08-28,2026-09-01,,800,0,In Transit
PO-20238,MED011,LOC004,SUP011,2026-08-28,2026-09-02,,80,0,In Transit
PO-20239,MED015,LOC006,SUP011,2026-08-28,2026-08-31,2026-08-31,480,480,Delivered
PO-20240,MED016,LOC004,SUP001,2026-08-28,2026-09-01,,370,0,In Transit
PO-20241,MED021,LOC001,SUP002,2026-08-28,2026-09-01,,1700,0,In Transit
PO-20242,MED021,LOC004,SUP002,2026-08-28,2026-09-01,,500,0,In Transit
PO-20243,MED022,LOC001,SUP002,2026-08-28,2026-09-01,,1050,0,In Transit
PO-20244,MED023,LOC005,SUP002,2026-08-28,2026-09-01,,360,0,In Transit
PO-20245,MED026,LOC006,SUP002,2026-08-28,2026-09-03,,1830,0,In Transit
PO-20246,MED027,LOC005,SUP009,2026-08-28,2026-09-02,,230,0,In Transit
PO-20247,MED028,LOC002,SUP002,2026-08-28,2026-09-02,,320,0,In Transit
PO-20248,MED032,LOC005,SUP009,2026-08-28,2026-08-31,2026-08-31,220,220,Delivered
PO-20249,MED036,LOC003,SUP003,2026-08-28,2026-08-30,2026-08-30,1860,1860,Delivered
PO-20250,MED039,LOC005,SUP006,2026-08-28,2026-09-05,,50,0,In Transit
PO-20251,MED041,LOC001,SUP015,2026-08-28,2026-08-30,2026-08-30,260,260,Delivered
PO-20252,MED043,LOC004,SUP003,2026-08-28,2026-08-30,2026-08-30,60,60,Delivered
PO-20253,MED047,LOC006,SUP015,2026-08-28,2026-08-31,2026-08-31,530,530,Delivered
PO-20254,MED049,LOC003,SUP015,2026-08-28,2026-08-31,,2000,0,In Transit
PO-20255,MED050,LOC004,SUP005,2026-08-28,2026-09-01,,960,0,In Transit
PO-20256,MED050,LOC005,SUP005,2026-08-28,2026-09-01,,850,0,In Transit
PO-20257,MED052,LOC004,SUP015,2026-08-28,2026-08-31,2026-08-31,70,70,Delivered
PO-20258,MED055,LOC003,SUP015,2026-08-28,2026-08-31,2026-08-31,830,830,Delivered
PO-20259,MED056,LOC005,SUP005,2026-08-28,2026-09-02,,290,0,In Transit
PO-20260,MED062,LOC005,SUP004,2026-08-28,2026-09-02,,460,0,In Transit
PO-20261,MED064,LOC004,SUP005,2026-08-28,2026-09-02,,380,0,In Transit
PO-20262,MED064,LOC005,SUP005,2026-08-28,2026-09-02,,840,0,In Transit
PO-20263,MED065,LOC007,SUP015,2026-08-28,2026-08-30,2026-08-30,60,60,Delivered
PO-20264,MED067,LOC004,SUP012,2026-08-28,2026-09-03,,160,0,In Transit
PO-20265,MED069,LOC002,SUP004,2026-08-28,2026-09-04,,1220,0,In Transit
PO-20266,MED069,LOC005,SUP004,2026-08-28,2026-09-04,,1130,0,In Transit
PO-20267,MED075,LOC001,SUP004,2026-08-28,2026-09-03,,850,0,In Transit
PO-20268,MED002,LOC006,SUP010,2026-08-29,2026-09-05,,650,0,In Transit
PO-20269,MED005,LOC005,SUP001,2026-08-29,2026-09-03,,120,0,In Transit
PO-20270,MED007,LOC003,SUP011,2026-08-29,2026-09-01,,1220,0,In Transit
PO-20271,MED009,LOC002,SUP007,2026-08-29,2026-09-02,,700,0,In Transit
PO-20272,MED009,LOC007,SUP007,2026-08-29,2026-09-02,,100,0,In Transit
PO-20273,MED013,LOC006,SUP007,2026-08-29,2026-09-03,,240,0,In Transit
PO-20274,MED022,LOC004,SUP002,2026-08-29,2026-09-02,,160,0,In Transit
PO-20275,MED027,LOC003,SUP009,2026-08-29,2026-09-03,,550,0,In Transit
PO-20276,MED028,LOC003,SUP002,2026-08-29,2026-09-03,,560,0,In Transit
PO-20277,MED031,LOC001,SUP015,2026-08-29,2026-09-01,,1420,0,In Transit
PO-20278,MED032,LOC001,SUP009,2026-08-29,2026-09-01,,680,0,In Transit
PO-20279,MED035,LOC006,SUP015,2026-08-29,2026-08-31,2026-08-31,190,190,Delivered
PO-20280,MED042,LOC005,SUP003,2026-08-29,2026-08-31,2026-08-31,310,310,Delivered
PO-20281,MED048,LOC002,SUP015,2026-08-29,2026-08-31,2026-08-31,220,220,Delivered
PO-20282,MED053,LOC005,SUP010,2026-08-29,2026-09-04,,110,0,In Transit
PO-20283,MED055,LOC005,SUP015,2026-08-29,2026-09-01,,340,0,In Transit
PO-20284,MED056,LOC004,SUP005,2026-08-29,2026-09-03,,300,0,In Transit
PO-20285,MED060,LOC006,SUP015,2026-08-29,2026-08-31,2026-08-31,80,80,Delivered
PO-20286,MED061,LOC001,SUP004,2026-08-29,2026-09-05,,710,0,In Transit
PO-20287,MED063,LOC004,SUP004,2026-08-29,2026-09-05,,80,0,In Transit
PO-20288,MED063,LOC005,SUP004,2026-08-29,2026-09-05,,160,0,In Transit
PO-20289,MED065,LOC005,SUP015,2026-08-29,2026-08-31,2026-08-31,320,320,Delivered
PO-20290,MED067,LOC001,SUP012,2026-08-29,2026-09-04,,1020,0,In Transit
PO-20291,MED068,LOC002,SUP004,2026-08-29,2026-09-04,,1780,0,In Transit
PO-20292,MED068,LOC006,SUP004,2026-08-29,2026-09-04,,4670,0,In Transit
PO-20293,MED069,LOC003,SUP004,2026-08-29,2026-09-05,,2600,0,In Transit
PO-20294,MED070,LOC001,SUP004,2026-08-29,2026-09-04,,560,0,In Transit
PO-20295,MED070,LOC003,SUP004,2026-08-29,2026-09-04,,420,0,In Transit
PO-20296,MED004,LOC002,SUP001,2026-08-30,2026-09-03,,140,0,In Transit
PO-20297,MED006,LOC005,SUP001,2026-08-30,2026-09-04,,370,0,In Transit
PO-20298,MED012,LOC003,SUP007,2026-08-30,2026-09-03,,670,0,In Transit
PO-20299,MED019,LOC003,SUP015,2026-08-30,2026-09-02,,990,0,In Transit
PO-20300,MED020,LOC004,SUP004,2026-08-30,2026-09-04,,170,0,In Transit
PO-20301,MED023,LOC001,SUP002,2026-08-30,2026-09-03,,1120,0,In Transit
PO-20302,MED024,LOC005,SUP009,2026-08-30,2026-09-04,,620,0,In Transit
PO-20303,MED027,LOC002,SUP009,2026-08-30,2026-09-04,,290,0,In Transit
PO-20304,MED029,LOC003,SUP015,2026-08-30,2026-09-02,,210,0,In Transit
PO-20305,MED034,LOC002,SUP013,2026-08-30,2026-09-05,,150,0,In Transit
PO-20306,MED036,LOC001,SUP003,2026-08-30,2026-09-01,,2310,0,In Transit
PO-20307,MED036,LOC006,SUP003,2026-08-30,2026-09-01,,1770,0,In Transit
PO-20308,MED038,LOC001,SUP015,2026-08-30,2026-09-01,,150,0,In Transit
PO-20309,MED045,LOC007,SUP004,2026-08-30,2026-09-04,,70,0,In Transit
PO-20310,MED050,LOC006,SUP005,2026-08-30,2026-09-03,,1890,0,In Transit
PO-20311,MED063,LOC001,SUP004,2026-08-30,2026-09-06,,450,0,In Transit
PO-20312,MED065,LOC006,SUP015,2026-08-30,2026-09-01,,700,0,In Transit
PO-20313,MED069,LOC001,SUP004,2026-08-30,2026-09-06,,3070,0,In Transit
PO-20314,MED005,LOC004,SUP001,2026-08-31,2026-09-05,,50,0,In Transit
PO-20315,MED010,LOC001,SUP007,2026-08-31,2026-09-04,,1030,0,In Transit
PO-20316,MED021,LOC002,SUP002,2026-08-31,2026-09-04,,670,0,In Transit
PO-20317,MED022,LOC007,SUP002,2026-08-31,2026-09-04,,70,0,In Transit
PO-20318,MED023,LOC006,SUP002,2026-08-31,2026-09-04,,770,0,In Transit
PO-20319,MED028,LOC005,SUP002,2026-08-31,2026-09-05,,280,0,In Transit
PO-20320,MED029,LOC004,SUP015,2026-08-31,2026-09-03,,50,0,In Transit
PO-20321,MED029,LOC005,SUP015,2026-08-31,2026-09-03,,90,0,In Transit
PO-20322,MED030,LOC006,SUP004,2026-08-31,2026-09-05,,180,0,In Transit
PO-20323,MED031,LOC006,SUP015,2026-08-31,2026-09-03,,1090,0,In Transit
PO-20324,MED033,LOC001,SUP004,2026-08-31,2026-09-06,,190,0,In Transit
PO-20325,MED037,LOC002,SUP015,2026-08-31,2026-09-04,,1020,0,In Transit
PO-20326,MED038,LOC003,SUP015,2026-08-31,2026-09-02,,110,0,In Transit
PO-20327,MED041,LOC002,SUP015,2026-08-31,2026-09-02,,110,0,In Transit
PO-20328,MED044,LOC002,SUP010,2026-08-31,2026-09-05,,220,0,In Transit
PO-20329,MED045,LOC003,SUP004,2026-08-31,2026-09-05,,600,0,In Transit
PO-20330,MED045,LOC004,SUP004,2026-08-31,2026-09-05,,110,0,In Transit
PO-20331,MED045,LOC006,SUP004,2026-08-31,2026-09-05,,600,0,In Transit
PO-20332,MED052,LOC006,SUP015,2026-08-31,2026-09-03,,380,0,In Transit
PO-20333,MED053,LOC001,SUP010,2026-08-31,2026-09-06,,340,0,In Transit
PO-20334,MED053,LOC006,SUP010,2026-08-31,2026-09-06,,280,0,In Transit
PO-20335,MED056,LOC002,SUP005,2026-08-31,2026-09-05,,330,0,In Transit
PO-20336,MED061,LOC003,SUP004,2026-08-31,2026-09-07,,540,0,In Transit
PO-20337,MED063,LOC002,SUP004,2026-08-31,2026-09-07,,210,0,In Transit
PO-20338,MED064,LOC006,SUP005,2026-08-31,2026-09-05,,1970,0,In Transit
PO-20339,MED066,LOC002,SUP004,2026-08-31,2026-09-06,,500,0,In Transit
PO-20340,MED066,LOC003,SUP004,2026-08-31,2026-09-06,,1040,0,In Transit
PO-20341,MED068,LOC003,SUP004,2026-08-31,2026-09-06,,3150,0,In Transit
PO-20342,MED068,LOC004,SUP004,2026-08-31,2026-09-06,,670,0,In Transit
PO-20343,MED068,LOC005,SUP004,2026-08-31,2026-09-06,,1380,0,In Transit
PO-20344,MED069,LOC006,SUP004,2026-08-31,2026-09-07,,3580,0,In Transit
PO-20345,MED070,LOC002,SUP004,2026-08-31,2026-09-06,,200,0,In Transit
PO-20346,MED072,LOC001,SUP006,2026-08-31,2026-09-07,,70,0,In Transit
PO-20347,MED072,LOC002,SUP006,2026-08-31,2026-09-07,,50,0,In Transit
PO-20348,MED075,LOC006,SUP004,2026-08-31,2026-09-06,,530,0,In Transit
